FrameCnt,DiffTime_ms,Date,Time,rel_alt,abs_alt,iso,shutter,fnum,ev,color_md,focal_len,latitude,longitude,ct,center_lat,center_lon,ground_offset_m,heading_deg
1,33,2026-04-27,15:27:35.261,49.8,759.842,120,1/1250.0,1.7,0,default,24.0,32.102482,35.209687,5452,32.10292936101149,35.209687,49.79999999999999,0.0
2,33,2026-04-27,15:27:35.295,49.8,759.842,120,1/1250.0,1.7,0,default,24.0,32.102483,35.209687,5452,32.10293036101149,35.209687,49.79999999999999,0.0
3,33,2026-04-27,15:27:35.328,49.8,759.842,120,1/1250.0,1.7,0,default,24.0,32.102483,35.209687,5452,32.10293036101149,35.209687,49.79999999999999,0.0
4,34,2026-04-27,15:27:35.361,49.8,759.842,120,1/1250.0,1.7,0,default,24.0,32.102483,35.209687,5452,32.10293036101149,35.209687,49.79999999999999,0.0
5,33,2026-04-27,15:27:35.395,49.8,759.842,120,1/1250.0,1.7,0,default,24.0,32.102483,35.209687,5452,32.10293036101149,35.209687,49.79999999999999,0.0
6,33,2026-04-27,15:27:35.428,49.8,759.842,120,1/1250.0,1.7,0,default,24.0,32.102483,35.209687,5452,32.10293036101149,35.209687,49.79999999999999,0.0
7,34,2026-04-27,15:27:35.462,49.8,759.842,120,1/1250.0,1.7,0,default,24.0,32.102483,35.209687,5452,32.10293036101149,35.209687,49.79999999999999,0.0
8,33,2026-04-27,15:27:35.495,49.8,759.842,120,1/1250.0,1.7,0,default,24.0,32.102483,35.209687,5452,32.10293036101149,35.209687,49.79999999999999,0.0
9,33,2026-04-27,15:27:35.527,49.8,759.842,120,1/1250.0,1.7,0,default,24.0,32.102483,35.209687,5452,32.10293036101149,35.209687,49.79999999999999,0.0
10,34,2026-04-27,15:27:35.561,49.8,759.842,120,1/1250.0,1.7,0,default,24.0,32.102483,35.209687,5452,32.10293036101149,35.209687,49.79999999999999,0.0
11,33,2026-04-27,15:27:35.595,49.8,759.842,120,1/1250.0,1.7,0,default,24.0,32.102483,35.209687,5452,32.10293036101149,35.209687,49.79999999999999,0.0
12,34,2026-04-27,15:27:35.627,49.8,759.842,120,1/1250.0,1.7,0,default,24.0,32.102483,35.209687,5452,32.10293036101149,35.209687,49.79999999999999,0.0
13,33,2026-04-27,15:27:35.662,49.8,759.842,120,1/1250.0,1.7,0,default,24.0,32.102483,35.209687,5452,32.10293036101149,35.209687,49.79999999999999,0.0
14,33,2026-04-27,15:27:35.694,49.8,759.842,120,1/1250.0,1.7,0,default,24.0,32.102483,35.209687,5452,32.10293036101149,35.209687,49.79999999999999,0.0
15,34,2026-04-27,15:27:35.729,49.8,759.842,120,1/1250.0,1.7,0,default,24.0,32.102483,35.209687,5452,32.10293036101149,35.209687,49.79999999999999,0.0
16,33,2026-04-27,15:27:35.762,49.8,759.842,120,1/1250.0,1.7,0,default,24.0,32.102483,35.209687,5452,32.10293036101149,35.209687,49.79999999999999,0.0
17,33,2026-04-27,15:27:35.795,49.8,759.842,120,1/1250.0,1.7,0,default,24.0,32.102483,35.209687,5452,32.10293036101149,35.209687,49.79999999999999,0.0
18,34,2026-04-27,15:27:35.829,49.8,759.842,120,1/1250.0,1.7,0,default,24.0,32.102483,35.209687,5452,32.10293036101149,35.209687,49.79999999999999,0.0
19,33,2026-04-27,15:27:35.862,49.8,759.842,120,1/1250.0,1.7,0,default,24.0,32.102483,35.209687,5452,32.102483,35.2091588904535,49.79999999999999,270.0
20,33,2026-04-27,15:27:35.895,49.8,759.842,120,1/1250.0,1.7,0,default,24.0,32.102483,35.209686,5452,32.102483,35.2091578904535,49.79999999999999,270.0
21,34,2026-04-27,15:27:35.928,49.8,759.842,120,1/1250.0,1.7,0,default,24.0,32.102483,35.209686,5452,32.102483,35.2091578904535,49.79999999999999,270.0
22,33,2026-04-27,15:27:35.962,49.8,759.842,120,1/1250.0,1.7,0,default,24.0,32.102483,35.209686,5452,32.102483,35.2091578904535,49.79999999999999,270.0
23,34,2026-04-27,15:27:35.995,49.8,759.842,120,1/1250.0,1.7,0,default,24.0,32.102483,35.209686,5452,32.102483,35.2091578904535,49.79999999999999,270.0
24,33,2026-04-27,15:27:36.028,49.8,759.842,120,1/1250.0,1.7,0,default,24.0,32.102483,35.209686,5452,32.102483,35.2091578904535,49.79999999999999,270.0
25,33,2026-04-27,15:27:36.062,49.8,759.842,120,1/1250.0,1.7,0,default,24.0,32.102483,35.209686,5452,32.102483,35.2091578904535,49.79999999999999,270.0
26,34,2026-04-27,15:27:36.095,49.8,759.842,120,1/1250.0,1.7,0,default,24.0,32.102483,35.209686,5452,32.102483,35.2091578904535,49.79999999999999,270.0
27,33,2026-04-27,15:27:36.129,49.8,759.842,120,1/1250.0,1.7,0,default,24.0,32.102483,35.209686,5452,32.102483,35.2091578904535,49.79999999999999,270.0
28,33,2026-04-27,15:27:36.162,49.8,759.842,120,1/1250.0,1.7,0,default,24.0,32.102483,35.209686,5452,32.102483,35.2091578904535,49.79999999999999,270.0
29,34,2026-04-27,15:27:36.196,49.8,759.842,120,1/1250.0,1.7,0,default,24.0,32.102483,35.209686,5452,32.102483,35.2091578904535,49.79999999999999,270.0
30,33,2026-04-27,15:27:36.229,49.8,759.842,120,1/1250.0,1.7,0,default,24.0,32.102483,35.209686,5452,32.102483,35.2091578904535,49.79999999999999,270.0
31,34,2026-04-27,15:27:36.262,49.8,759.842,120,1/1250.0,1.7,0,default,24.0,32.102483,35.209686,5452,32.102483,35.2091578904535,49.79999999999999,270.0
32,33,2026-04-27,15:27:36.296,49.8,759.842,120,1/1250.0,1.7,0,default,24.0,32.102483,35.209686,5452,32.102483,35.2091578904535,49.79999999999999,270.0
33,33,2026-04-27,15:27:36.329,49.8,759.842,120,1/1250.0,1.7,0,default,24.0,32.102483,35.209686,5452,32.102483,35.2091578904535,49.79999999999999,270.0
34,34,2026-04-27,15:27:36.362,49.8,759.842,120,1/1250.0,1.7,0,default,24.0,32.102483,35.209686,5452,32.102483,35.2091578904535,49.79999999999999,270.0
35,33,2026-04-27,15:27:36.396,49.8,759.842,120,1/1250.0,1.7,0,default,24.0,32.102483,35.209686,5452,32.102483,35.2091578904535,49.79999999999999,270.0
36,33,2026-04-27,15:27:36.428,49.8,759.842,120,1/1250.0,1.7,0,default,24.0,32.102483,35.209686,5452,32.102483,35.2091578904535,49.79999999999999,270.0
37,34,2026-04-27,15:27:36.462,49.8,759.842,120,1/1250.0,1.7,0,default,24.0,32.102483,35.209686,5452,32.102483,35.2091578904535,49.79999999999999,270.0
38,33,2026-04-27,15:27:36.496,49.8,759.842,120,1/1250.0,1.7,0,default,24.0,32.102483,35.209686,5452,32.102483,35.2091578904535,49.79999999999999,270.0
39,33,2026-04-27,15:27:36.529,49.8,759.842,120,1/1250.0,1.7,0,default,24.0,32.102483,35.209686,5452,32.102483,35.2091578904535,49.79999999999999,270.0
40,34,2026-04-27,15:27:36.563,49.8,759.842,120,1/1250.0,1.7,0,default,24.0,32.102483,35.209686,5452,32.102483,35.2091578904535,49.79999999999999,270.0
41,33,2026-04-27,15:27:36.596,49.8,759.842,120,1/1250.0,1.7,0,default,24.0,32.102483,35.209686,5452,32.102483,35.2091578904535,49.79999999999999,270.0
42,34,2026-04-27,15:27:36.629,49.8,759.842,120,1/1250.0,1.7,0,default,24.0,32.102483,35.209686,5452,32.102483,35.2091578904535,49.79999999999999,270.0
43,33,2026-04-27,15:27:36.663,49.8,759.842,120,1/1250.0,1.7,0,default,24.0,32.102483,35.209686,5452,32.102483,35.2091578904535,49.79999999999999,270.0
44,33,2026-04-27,15:27:36.696,49.8,759.842,120,1/1250.0,1.7,0,default,24.0,32.102483,35.209686,5452,32.102483,35.2091578904535,49.79999999999999,270.0
45,34,2026-04-27,15:27:36.730,49.8,759.842,120,1/1250.0,1.7,0,default,24.0,32.102483,35.209686,5452,32.102483,35.2091578904535,49.79999999999999,270.0
46,33,2026-04-27,15:27:36.763,49.8,759.842,120,1/1250.0,1.7,0,default,24.0,32.102483,35.209686,5452,32.102483,35.2091578904535,49.79999999999999,270.0
47,33,2026-04-27,15:27:36.796,49.8,759.842,120,1/1250.0,1.7,0,default,24.0,32.102483,35.209686,5451,32.102483,35.2091578904535,49.79999999999999,270.0
48,34,2026-04-27,15:27:36.829,49.8,759.842,120,1/1250.0,1.7,0,default,24.0,32.102483,35.209686,5450,32.102483,35.2091578904535,49.79999999999999,270.0
49,33,2026-04-27,15:27:36.863,49.8,759.842,120,1/1250.0,1.7,0,default,24.0,32.102483,35.209686,5449,32.102483,35.2091578904535,49.79999999999999,270.0
50,33,2026-04-27,15:27:36.896,49.8,759.842,120,1/1250.0,1.7,0,default,24.0,32.102483,35.209686,5447,32.102483,35.2091578904535,49.79999999999999,270.0
51,34,2026-04-27,15:27:36.930,49.8,759.842,120,1/1250.0,1.7,0,default,24.0,32.102483,35.209686,5445,32.102483,35.2091578904535,49.79999999999999,270.0
52,33,2026-04-27,15:27:36.963,49.8,759.842,120,1/1250.0,1.7,0,default,24.0,32.102483,35.209686,5443,32.102483,35.2091578904535,49.79999999999999,270.0
53,34,2026-04-27,15:27:36.996,49.8,759.842,120,1/1250.0,1.7,0,default,24.0,32.102483,35.209686,5441,32.102483,35.2091578904535,49.79999999999999,270.0
54,33,2026-04-27,15:27:37.029,49.8,759.842,120,1/1250.0,1.7,0,default,24.0,32.102483,35.209686,5440,32.102483,35.2091578904535,49.79999999999999,270.0
55,33,2026-04-27,15:27:37.062,49.8,759.842,120,1/1250.0,1.7,0,default,24.0,32.102483,35.209686,5438,32.102483,35.2091578904535,49.79999999999999,270.0
56,34,2026-04-27,15:27:37.096,49.8,759.842,120,1/1250.0,1.7,0,default,24.0,32.102483,35.209686,5437,32.102483,35.2091578904535,49.79999999999999,270.0
57,33,2026-04-27,15:27:37.130,49.8,759.842,120,1/1250.0,1.7,0,default,24.0,32.102483,35.209686,5436,32.102483,35.2091578904535,49.79999999999999,270.0
58,33,2026-04-27,15:27:37.162,49.8,759.842,120,1/1250.0,1.7,0,default,24.0,32.102483,35.209686,5434,32.102483,35.2102141095465,49.79999999999999,90.0
59,34,2026-04-27,15:27:37.197,49.8,759.842,120,1/1250.0,1.7,0,default,24.0,32.102483,35.209687,5433,32.102483,35.2102151095465,49.79999999999999,90.0
60,33,2026-04-27,15:27:37.230,49.8,759.842,120,1/1250.0,1.7,0,default,24.0,32.102483,35.209687,5432,32.102483,35.2102151095465,49.79999999999999,90.0
61,34,2026-04-27,15:27:37.263,49.8,759.842,120,1/1250.0,1.7,0,default,24.0,32.102483,35.209687,5432,32.102483,35.2102151095465,49.79999999999999,90.0
62,33,2026-04-27,15:27:37.297,49.8,759.842,120,1/1250.0,1.7,0,default,24.0,32.102483,35.209687,5431,32.102483,35.2102151095465,49.79999999999999,90.0
63,33,2026-04-27,15:27:37.330,49.8,759.842,120,1/1250.0,1.7,0,default,24.0,32.102483,35.209687,5431,32.102483,35.2102151095465,49.79999999999999,90.0
64,34,2026-04-27,15:27:37.363,49.8,759.842,120,1/1250.0,1.7,0,default,24.0,32.102483,35.209687,5431,32.102483,35.2102151095465,49.79999999999999,90.0
65,33,2026-04-27,15:27:37.397,49.8,759.842,120,1/1250.0,1.7,0,default,24.0,32.102483,35.209687,5431,32.102483,35.2102151095465,49.79999999999999,90.0
66,33,2026-04-27,15:27:37.430,49.8,759.842,120,1/1250.0,1.7,0,default,24.0,32.102483,35.209687,5431,32.102483,35.2102151095465,49.79999999999999,90.0
67,34,2026-04-27,15:27:37.463,49.8,759.842,120,1/1250.0,1.7,0,default,24.0,32.102483,35.209687,5432,32.102483,35.2102151095465,49.79999999999999,90.0
68,33,2026-04-27,15:27:37.497,49.8,759.842,120,1/1250.0,1.7,0,default,24.0,32.102483,35.209687,5433,32.102483,35.2102151095465,49.79999999999999,90.0
69,33,2026-04-27,15:27:37.530,49.8,759.842,120,1/1250.0,1.7,0,default,24.0,32.102483,35.209687,5434,32.102483,35.2102151095465,49.79999999999999,90.0
70,34,2026-04-27,15:27:37.563,49.8,759.842,120,1/1250.0,1.7,0,default,24.0,32.102483,35.209687,5435,32.102483,35.2102151095465,49.79999999999999,90.0
71,33,2026-04-27,15:27:37.597,49.8,759.842,120,1/1250.0,1.7,0,default,24.0,32.102483,35.209688,5436,32.102483,35.2102161095465,49.79999999999999,90.0
72,34,2026-04-27,15:27:37.630,49.8,759.842,110,1/1250.0,1.7,0,default,24.0,32.102483,35.209688,5438,32.102483,35.2102161095465,49.79999999999999,90.0
73,33,2026-04-27,15:27:37.664,49.8,759.842,110,1/1250.0,1.7,0,default,24.0,32.102483,35.209688,5440,32.102483,35.2102161095465,49.79999999999999,90.0
74,33,2026-04-27,15:27:37.696,49.8,759.842,110,1/1250.0,1.7,0,default,24.0,32.102483,35.209688,5442,32.102483,35.2102161095465,49.79999999999999,90.0
75,34,2026-04-27,15:27:37.730,49.8,759.842,110,1/1250.0,1.7,0,default,24.0,32.102483,35.209688,5443,32.102483,35.2102161095465,49.79999999999999,90.0
76,33,2026-04-27,15:27:37.764,49.8,759.842,110,1/1250.0,1.7,0,default,24.0,32.102483,35.209688,5445,32.102483,35.2102161095465,49.79999999999999,90.0
77,33,2026-04-27,15:27:37.796,49.8,759.842,110,1/1250.0,1.7,0,default,24.0,32.102483,35.209688,5447,32.102483,35.2102161095465,49.79999999999999,90.0
78,34,2026-04-27,15:27:37.831,49.8,759.842,110,1/1250.0,1.7,0,default,24.0,32.102483,35.209688,5449,32.102483,35.2102161095465,49.79999999999999,90.0
79,33,2026-04-27,15:27:37.864,49.8,759.842,110,1/1250.0,1.7,0,default,24.0,32.102483,35.209688,5451,32.102483,35.2102161095465,49.79999999999999,90.0
80,33,2026-04-27,15:27:37.897,49.8,759.842,110,1/1250.0,1.7,0,default,24.0,32.102483,35.209688,5452,32.102483,35.2102161095465,49.79999999999999,90.0
81,34,2026-04-27,15:27:37.931,49.8,759.842,110,1/1250.0,1.7,0,default,24.0,32.102483,35.209688,5453,32.102483,35.2102161095465,49.79999999999999,90.0
82,33,2026-04-27,15:27:37.964,49.8,759.842,110,1/1250.0,1.7,0,default,24.0,32.102483,35.209688,5454,32.102483,35.2102161095465,49.79999999999999,90.0
83,34,2026-04-27,15:27:37.998,49.8,759.842,110,1/1250.0,1.7,0,default,24.0,32.102483,35.209688,5455,32.102483,35.2102161095465,49.79999999999999,90.0
84,33,2026-04-27,15:27:38.030,49.8,759.842,110,1/1250.0,1.7,0,default,24.0,32.102483,35.209688,5456,32.102483,35.2102161095465,49.79999999999999,90.0
85,33,2026-04-27,15:27:38.064,49.8,759.842,110,1/1250.0,1.7,0,default,24.0,32.102483,35.209688,5458,32.102483,35.2102161095465,49.79999999999999,90.0
86,34,2026-04-27,15:27:38.098,49.8,759.842,110,1/1250.0,1.7,0,default,24.0,32.102483,35.209689,5460,32.102483,35.2102171095465,49.79999999999999,90.0
87,33,2026-04-27,15:27:38.131,49.8,759.842,110,1/1250.0,1.7,0,default,24.0,32.102483,35.209689,5461,32.102483,35.2102171095465,49.79999999999999,90.0
88,33,2026-04-27,15:27:38.164,49.8,759.842,110,1/1250.0,1.7,0,default,24.0,32.102483,35.209689,5463,32.102483,35.2102171095465,49.79999999999999,90.0
89,34,2026-04-27,15:27:38.198,49.8,759.842,110,1/1250.0,1.7,0,default,24.0,32.102483,35.209689,5466,32.102483,35.2102171095465,49.79999999999999,90.0
90,33,2026-04-27,15:27:38.231,49.8,759.842,110,1/1250.0,1.7,0,default,24.0,32.102483,35.209689,5469,32.102483,35.2102171095465,49.79999999999999,90.0
91,34,2026-04-27,15:27:38.264,49.8,759.842,110,1/1250.0,1.7,0,default,24.0,32.102483,35.209689,5472,32.102483,35.2102171095465,49.79999999999999,90.0
92,33,2026-04-27,15:27:38.297,49.8,759.842,110,1/1250.0,1.7,0,default,24.0,32.102483,35.209689,5474,32.102483,35.2102171095465,49.79999999999999,90.0
93,33,2026-04-27,15:27:38.331,49.8,759.842,110,1/1250.0,1.7,0,default,24.0,32.102483,35.209689,5477,32.102483,35.2102171095465,49.79999999999999,90.0
94,34,2026-04-27,15:27:38.364,49.8,759.842,110,1/1250.0,1.7,0,default,24.0,32.102483,35.209689,5481,32.102483,35.2102171095465,49.79999999999999,90.0
95,33,2026-04-27,15:27:38.397,49.8,759.842,110,1/1250.0,1.7,0,default,24.0,32.102483,35.209689,5484,32.102483,35.2102171095465,49.79999999999999,90.0
96,33,2026-04-27,15:27:38.431,49.8,759.842,110,1/1250.0,1.7,0,default,24.0,32.102483,35.209689,5488,32.102483,35.2102171095465,49.79999999999999,90.0
97,34,2026-04-27,15:27:38.465,49.8,759.842,110,1/1250.0,1.7,0,default,24.0,32.102483,35.209689,5491,32.102483,35.2102171095465,49.79999999999999,90.0
98,33,2026-04-27,15:27:38.498,49.8,759.842,110,1/1250.0,1.7,0,default,24.0,32.102483,35.209689,5494,32.102483,35.2102171095465,49.79999999999999,90.0
99,33,2026-04-27,15:27:38.531,49.8,759.842,110,1/1250.0,1.7,0,default,24.0,32.102483,35.209689,5498,32.102483,35.2102171095465,49.79999999999999,90.0
100,34,2026-04-27,15:27:38.564,49.8,759.842,110,1/1250.0,1.7,0,default,24.0,32.102483,35.209689,5500,32.102483,35.2102171095465,49.79999999999999,90.0
101,33,2026-04-27,15:27:38.598,49.8,759.842,110,1/1250.0,1.7,0,default,24.0,32.102483,35.20969,5503,32.102483,35.2102181095465,49.79999999999999,90.0
102,34,2026-04-27,15:27:38.631,49.8,759.842,110,1/1250.0,1.7,0,default,24.0,32.102483,35.20969,5506,32.102483,35.2102181095465,49.79999999999999,90.0
103,33,2026-04-27,15:27:38.665,49.8,759.842,110,1/1250.0,1.7,0,default,24.0,32.102483,35.20969,5508,32.102483,35.2102181095465,49.79999999999999,90.0
104,33,2026-04-27,15:27:38.698,49.8,759.842,110,1/1250.0,1.7,0,default,24.0,32.102483,35.20969,5510,32.102483,35.2102181095465,49.79999999999999,90.0
105,34,2026-04-27,15:27:38.731,49.8,759.842,110,1/1250.0,1.7,0,default,24.0,32.102483,35.20969,5513,32.102483,35.2102181095465,49.79999999999999,90.0
106,33,2026-04-27,15:27:38.764,49.8,759.842,110,1/1250.0,1.7,0,default,24.0,32.102483,35.20969,5514,32.102483,35.2102181095465,49.79999999999999,90.0
107,33,2026-04-27,15:27:38.798,49.8,759.842,110,1/1250.0,1.7,0,default,24.0,32.102483,35.20969,5515,32.102483,35.2102181095465,49.79999999999999,90.0
108,34,2026-04-27,15:27:38.831,49.8,759.842,110,1/1250.0,1.7,0,default,24.0,32.102483,35.20969,5517,32.102483,35.2102181095465,49.79999999999999,90.0
109,33,2026-04-27,15:27:38.865,49.8,759.842,110,1/1250.0,1.7,0,default,24.0,32.102483,35.20969,5518,32.102483,35.2102181095465,49.79999999999999,90.0
110,33,2026-04-27,15:27:38.898,49.8,759.842,110,1/1250.0,1.7,0,default,24.0,32.102483,35.20969,5518,32.102483,35.2102181095465,49.79999999999999,90.0
111,34,2026-04-27,15:27:38.932,49.8,759.842,110,1/1250.0,1.7,0,default,24.0,32.102483,35.20969,5518,32.102483,35.2102181095465,49.79999999999999,90.0
112,33,2026-04-27,15:27:38.965,49.8,759.842,110,1/1250.0,1.7,0,default,24.0,32.102483,35.20969,5518,32.102483,35.2102181095465,49.79999999999999,90.0
113,34,2026-04-27,15:27:38.998,49.8,759.842,110,1/1250.0,1.7,0,default,24.0,32.102483,35.20969,5518,32.102483,35.2102181095465,49.79999999999999,90.0
114,33,2026-04-27,15:27:39.031,49.8,759.842,110,1/1250.0,1.7,0,default,24.0,32.102483,35.20969,5518,32.102483,35.2102181095465,49.79999999999999,90.0
115,33,2026-04-27,15:27:39.065,49.8,759.842,110,1/1250.0,1.7,0,default,24.0,32.102483,35.20969,5518,32.102483,35.2102181095465,49.79999999999999,90.0
116,34,2026-04-27,15:27:39.098,49.8,759.842,110,1/1000.0,1.7,0,default,24.0,32.102483,35.20969,5518,32.102483,35.2102181095465,49.79999999999999,90.0
117,33,2026-04-27,15:27:39.132,49.8,759.842,110,1/1000.0,1.7,0,default,24.0,32.102483,35.20969,5518,32.102483,35.2102181095465,49.79999999999999,90.0
118,33,2026-04-27,15:27:39.165,49.8,759.842,110,1/1000.0,1.7,0,default,24.0,32.102483,35.20969,5517,32.102483,35.2102181095465,49.79999999999999,90.0
119,34,2026-04-27,15:27:39.199,49.8,759.842,110,1/1000.0,1.7,0,default,24.0,32.102483,35.20969,5517,32.102483,35.2102181095465,49.79999999999999,90.0
120,33,2026-04-27,15:27:39.232,49.8,759.842,110,1/1000.0,1.7,0,default,24.0,32.102483,35.20969,5516,32.102483,35.2102181095465,49.79999999999999,90.0
121,34,2026-04-27,15:27:39.264,49.8,759.842,110,1/1000.0,1.7,0,default,24.0,32.102483,35.20969,5516,32.102483,35.2102181095465,49.79999999999999,90.0
122,33,2026-04-27,15:27:39.299,49.8,759.842,110,1/1000.0,1.7,0,default,24.0,32.102483,35.20969,5516,32.102483,35.2102181095465,49.79999999999999,90.0
123,33,2026-04-27,15:27:39.332,49.8,759.842,110,1/1000.0,1.7,0,default,24.0,32.102483,35.20969,5515,32.102483,35.2102181095465,49.79999999999999,90.0
124,34,2026-04-27,15:27:39.365,49.8,759.842,110,1/1000.0,1.7,0,default,24.0,32.102483,35.20969,5515,32.102683065926435,35.210162355538216,49.79999999999999,63.43494882292201
125,33,2026-04-27,15:27:39.399,49.8,759.842,110,1/1000.0,1.7,0,default,24.0,32.102482,35.20969,5514,32.10268206592644,35.21016235553304,49.79999999999999,63.43494882292201
126,33,2026-04-27,15:27:39.431,49.8,759.842,110,1/1000.0,1.7,0,default,24.0,32.102482,35.20969,5514,32.10268206592644,35.21016235553304,49.79999999999999,63.43494882292201
127,34,2026-04-27,15:27:39.466,49.8,759.842,110,1/1000.0,1.7,0,default,24.0,32.102482,35.20969,5514,32.10268206592644,35.21016235553304,49.79999999999999,63.43494882292201
128,33,2026-04-27,15:27:39.499,49.8,759.842,110,1/1000.0,1.7,0,default,24.0,32.102482,35.20969,5514,32.10268206592644,35.21016235553304,49.79999999999999,63.43494882292201
129,33,2026-04-27,15:27:39.532,49.8,759.842,110,1/1000.0,1.7,0,default,24.0,32.102482,35.20969,5514,32.10268206592644,35.21016235553304,49.79999999999999,63.43494882292201
130,34,2026-04-27,15:27:39.566,49.8,759.842,110,1/1000.0,1.7,0,default,24.0,32.102482,35.20969,5514,32.10268206592644,35.21016235553304,49.79999999999999,63.43494882292201
131,33,2026-04-27,15:27:39.599,49.8,759.842,110,1/1000.0,1.7,0,default,24.0,32.102482,35.20969,5514,32.10268206592644,35.21016235553304,49.79999999999999,63.43494882292201
132,34,2026-04-27,15:27:39.632,49.8,759.842,110,1/1000.0,1.7,0,default,24.0,32.102482,35.20969,5514,32.10268206592644,35.21016235553304,49.79999999999999,63.43494882292201
133,33,2026-04-27,15:27:39.666,49.8,759.842,110,1/1000.0,1.7,0,default,24.0,32.102482,35.20969,5514,32.10268206592644,35.21016235553304,49.79999999999999,63.43494882292201
134,33,2026-04-27,15:27:39.699,49.8,759.842,110,1/1000.0,1.7,0,default,24.0,32.102482,35.20969,5514,32.10268206592644,35.21016235553304,49.79999999999999,63.43494882292201
135,34,2026-04-27,15:27:39.733,49.8,759.842,110,1/1000.0,1.7,0,default,24.0,32.102482,35.20969,5514,32.10268206592644,35.21016235553304,49.79999999999999,63.43494882292201
136,33,2026-04-27,15:27:39.766,49.8,759.842,120,1/1000.0,1.7,0,default,24.0,32.102482,35.20969,5514,32.10268206592644,35.21016235553304,49.79999999999999,63.43494882292201
137,33,2026-04-27,15:27:39.799,49.8,759.842,120,1/1000.0,1.7,0,default,24.0,32.102482,35.20969,5514,32.10268206592644,35.21016235553304,49.79999999999999,63.43494882292201
138,34,2026-04-27,15:27:39.833,49.8,759.842,120,1/1000.0,1.7,0,default,24.0,32.102482,35.20969,5514,32.10268206592644,35.21016235553304,49.79999999999999,63.43494882292201
139,33,2026-04-27,15:27:39.866,49.8,759.842,120,1/1000.0,1.7,0,default,24.0,32.102482,35.20969,5514,32.10292936101149,35.20969,49.79999999999999,0.0
140,33,2026-04-27,15:27:39.899,49.8,759.842,120,1/1000.0,1.7,0,default,24.0,32.102483,35.209689,5514,32.10293036101149,35.209689,49.79999999999999,0.0
141,34,2026-04-27,15:27:39.933,49.8,759.842,120,1/1000.0,1.7,0,default,24.0,32.102483,35.209689,5514,32.10293036101149,35.209689,49.79999999999999,0.0
142,33,2026-04-27,15:27:39.966,49.8,759.842,120,1/1000.0,1.7,0,default,24.0,32.102483,35.209689,5514,32.10293036101149,35.209689,49.79999999999999,0.0
143,34,2026-04-27,15:27:40.000,49.8,759.842,120,1/1000.0,1.7,0,default,24.0,32.102484,35.209689,5514,32.102931361011485,35.209689,49.79999999999999,0.0
144,33,2026-04-27,15:27:40.032,49.8,759.842,120,1/1000.0,1.7,0,default,24.0,32.102484,35.209689,5514,32.102931361011485,35.209689,49.79999999999999,0.0
145,33,2026-04-27,15:27:40.066,49.8,759.842,120,1/1000.0,1.7,0,default,24.0,32.102484,35.209689,5514,32.10286208906238,35.209406713570594,49.79999999999999,327.68846679016326
146,34,2026-04-27,15:27:40.100,49.8,759.842,120,1/1000.0,1.7,0,default,24.0,32.102485,35.209687,5514,32.10286308906238,35.20940471356751,49.79999999999999,327.68846679016326
147,33,2026-04-27,15:27:40.132,49.8,759.842,120,1/1000.0,1.7,0,default,24.0,32.102485,35.209687,5514,32.10286308906238,35.20940471356751,49.79999999999999,327.68846679016326
148,33,2026-04-27,15:27:40.166,49.8,759.842,120,1/1000.0,1.7,0,default,24.0,32.102485,35.209687,5514,32.10286308906192,35.20940471356665,49.79999999999999,327.68846667981484
149,34,2026-04-27,15:27:40.200,49.8,759.842,120,1/1000.0,1.7,0,default,24.0,32.102487,35.209687,5514,32.10286508906192,35.20940471356047,49.79999999999999,327.68846667981484
150,33,2026-04-27,15:27:40.233,49.8,759.842,120,1/1000.0,1.7,0,default,24.0,32.102487,35.209687,5514,32.10286508906192,35.20940471356047,49.79999999999999,327.68846667981484
151,34,2026-04-27,15:27:40.266,49.8,759.842,120,1/1000.0,1.7,0,default,24.0,32.102487,35.209687,5514,32.10283898176178,35.20936104369737,49.79999999999999,321.8870735446368
152,33,2026-04-27,15:27:40.300,49.8,759.842,120,1/1000.0,1.7,0,default,24.0,32.102489,35.209685,5514,32.10284098176177,35.20935904369023,49.79999999999999,321.8870735446368
153,33,2026-04-27,15:27:40.333,49.8,759.842,120,1/1000.0,1.7,0,default,24.0,32.102489,35.209685,5514,32.10284098176177,35.20935904369023,49.79999999999999,321.8870735446368
154,34,2026-04-27,15:27:40.366,49.8,759.842,120,1/1000.0,1.7,0,default,24.0,32.102489,35.209685,5514,32.10284098176177,35.20935904369023,49.79999999999999,321.8870735446368
155,33,2026-04-27,15:27:40.399,49.8,759.842,120,1/1000.0,1.7,0,default,24.0,32.102491,35.209684,5514,32.102842981761775,35.209358043683096,49.79999999999999,321.8870735446368
156,33,2026-04-27,15:27:40.432,49.8,759.842,120,1/1000.0,1.7,0,default,24.0,32.102491,35.209684,5514,32.102842981761775,35.209358043683096,49.79999999999999,321.8870735446368
157,34,2026-04-27,15:27:40.467,49.8,759.842,120,1/1000.0,1.7,0,default,24.0,32.102491,35.209684,5514,32.10284298176157,35.209358043682776,49.79999999999999,321.8870735009143
158,33,2026-04-27,15:27:40.500,49.8,759.842,120,1/1250.0,1.7,0,default,24.0,32.102493,35.209682,5513,32.10284498176157,35.20935604367564,49.79999999999999,321.8870735009143
159,33,2026-04-27,15:27:40.533,49.8,759.842,120,1/1250.0,1.7,0,default,24.0,32.102493,35.209682,5513,32.10284498176157,35.20935604367564,49.79999999999999,321.8870735009143
160,34,2026-04-27,15:27:40.567,49.8,759.842,120,1/1250.0,1.7,0,default,24.0,32.102493,35.209682,5513,32.10285770807787,35.20937616191878,49.79999999999999,324.6114282841522
161,33,2026-04-27,15:27:40.600,49.8,759.842,120,1/1250.0,1.7,0,default,24.0,32.102495,35.20968,5513,32.102859708077865,35.20937416191209,49.79999999999999,324.6114282841522
162,34,2026-04-27,15:27:40.633,49.8,759.842,120,1/1250.0,1.7,0,default,24.0,32.102495,35.20968,5513,32.102859708077865,35.20937416191209,49.79999999999999,324.6114282841522
163,33,2026-04-27,15:27:40.667,49.8,759.842,120,1/1250.0,1.7,0,default,24.0,32.102495,35.20968,5513,32.102859708077865,35.20937416191209,49.79999999999999,324.6114282841522
164,33,2026-04-27,15:27:40.700,49.8,759.842,120,1/1250.0,1.7,0,default,24.0,32.102498,35.209678,5513,32.102862708077865,35.20937216190204,49.79999999999999,324.6114282841522
165,34,2026-04-27,15:27:40.733,49.8,759.842,120,1/1250.0,1.7,0,default,24.0,32.102498,35.209678,5513,32.102862708077865,35.20937216190204,49.79999999999999,324.6114282841522
166,33,2026-04-27,15:27:40.767,49.8,759.842,120,1/1250.0,1.7,0,default,24.0,32.102498,35.209678,5513,32.10285588880926,35.20936113422017,49.79999999999999,323.13010236913766
167,33,2026-04-27,15:27:40.800,49.8,759.842,120,1/1250.0,1.7,0,default,24.0,32.102501,35.209676,5513,32.10285888880926,35.20935913420976,49.79999999999999,323.13010236913766
168,34,2026-04-27,15:27:40.834,49.8,759.842,120,1/1250.0,1.7,0,default,24.0,32.102501,35.209676,5513,32.10285888880926,35.20935913420976,49.79999999999999,323.13010236913766
169,33,2026-04-27,15:27:40.866,49.8,759.842,120,1/1250.0,1.7,0,default,24.0,32.102501,35.209676,5513,32.102858888809344,35.20935913420989,49.79999999999999,323.13010238672484
170,33,2026-04-27,15:27:40.900,49.8,759.842,120,1/1250.0,1.7,0,default,24.0,32.102505,35.209673,5513,32.10286288880935,35.209356134196014,49.79999999999999,323.13010238672484
171,34,2026-04-27,15:27:40.933,49.8,759.842,120,1/1250.0,1.7,0,default,24.0,32.102505,35.209673,5513,32.10286288880935,35.209356134196014,49.79999999999999,323.13010238672484
172,33,2026-04-27,15:27:40.966,49.8,759.842,120,1/1250.0,1.7,0,default,24.0,32.102505,35.209673,5513,32.10287722686115,35.20938005746012,49.79999999999999,326.309932442704
173,34,2026-04-27,15:27:41.000,49.8,759.842,120,1/1250.0,1.7,0,default,24.0,32.102508,35.209671,5513,32.10288022686115,35.2093780574505,49.79999999999999,326.309932442704
174,33,2026-04-27,15:27:41.033,49.8,759.842,120,1/1250.0,1.7,0,default,24.0,32.102508,35.209671,5513,32.10288022686115,35.2093780574505,49.79999999999999,326.309932442704
175,33,2026-04-27,15:27:41.067,49.8,759.842,120,1/1250.0,1.7,0,default,24.0,32.102508,35.209671,5513,32.10286588880935,35.2093541341856,49.79999999999999,323.13010238672484
176,34,2026-04-27,15:27:41.100,49.8,759.842,120,1/1250.0,1.7,0,default,24.0,32.102511,35.209668,5513,32.10286888880935,35.20935113417519,49.79999999999999,323.13010238672484
177,33,2026-04-27,15:27:41.134,49.8,759.842,120,1/1250.0,1.7,0,default,24.0,32.102511,35.209668,5513,32.10286888880935,35.20935113417519,49.79999999999999,323.13010238672484
178,33,2026-04-27,15:27:41.167,49.8,759.842,120,1/1250.0,1.7,0,default,24.0,32.102511,35.209668,5513,32.10288322686115,35.20937505744088,49.79999999999999,326.309932442704
179,34,2026-04-27,15:27:41.201,49.8,759.842,120,1/1250.0,1.7,0,default,24.0,32.102515,35.209666,5513,32.10288722686115,35.209373057428046,49.79999999999999,326.309932442704
180,33,2026-04-27,15:27:41.234,49.8,759.842,120,1/1250.0,1.7,0,default,24.0,32.102515,35.209666,5513,32.10288722686115,35.209373057428046,49.79999999999999,326.309932442704
181,34,2026-04-27,15:27:41.266,49.8,759.842,120,1/1250.0,1.7,0,default,24.0,32.102515,35.209666,5513,32.10288722686115,35.209373057428046,49.79999999999999,326.309932442704
182,33,2026-04-27,15:27:41.300,49.8,759.842,120,1/1250.0,1.7,0,default,24.0,32.102519,35.209662,5513,32.10289122686115,35.209369057415216,49.79999999999999,326.309932442704
183,33,2026-04-27,15:27:41.334,49.8,759.842,120,1/1250.0,1.7,0,default,24.0,32.102519,35.209662,5513,32.10289122686115,35.209369057415216,49.79999999999999,326.309932442704
184,34,2026-04-27,15:27:41.368,49.8,759.842,120,1/1250.0,1.7,0,default,24.0,32.102519,35.209662,5513,32.10289122686115,35.209369057415216,49.79999999999999,326.309932442704
185,33,2026-04-27,15:27:41.401,49.8,759.842,120,1/1250.0,1.7,0,default,24.0,32.102523,35.20966,5513,32.10289522686115,35.20936705740239,49.79999999999999,326.309932442704
186,33,2026-04-27,15:27:41.434,49.8,759.842,120,1/1250.0,1.7,0,default,24.0,32.102523,35.20966,5513,32.10289522686115,35.20936705740239,49.79999999999999,326.309932442704
187,34,2026-04-27,15:27:41.468,49.8,759.842,120,1/1250.0,1.7,0,default,24.0,32.102523,35.20966,5513,32.10289522686115,35.20936705740239,49.79999999999999,326.309932442704
188,33,2026-04-27,15:27:41.501,49.8,759.842,120,1/1250.0,1.7,0,default,24.0,32.102528,35.209656,5514,32.10290022686115,35.20936305738635,49.79999999999999,326.309932442704
189,33,2026-04-27,15:27:41.534,49.8,759.842,120,1/1250.0,1.7,0,default,24.0,32.102528,35.209656,5514,32.10290022686115,35.20936305738635,49.79999999999999,326.309932442704
190,34,2026-04-27,15:27:41.568,49.8,759.842,120,1/1250.0,1.7,0,default,24.0,32.102528,35.209656,5515,32.10290022686115,35.20936305738635,49.79999999999999,326.309932442704
191,33,2026-04-27,15:27:41.601,49.8,759.842,120,1/1250.0,1.7,0,default,24.0,32.102533,35.209653,5516,32.102905226861154,35.20936005737031,49.79999999999999,326.309932442704
192,34,2026-04-27,15:27:41.634,49.8,759.842,120,1/1250.0,1.7,0,default,24.0,32.102533,35.209653,5517,32.102905226861154,35.20936005737031,49.79999999999999,326.309932442704
193,33,2026-04-27,15:27:41.668,49.8,759.842,120,1/1250.0,1.7,0,default,24.0,32.102533,35.209653,5518,32.102905226861154,35.20936005737031,49.79999999999999,326.309932442704
194,33,2026-04-27,15:27:41.701,49.8,759.842,120,1/1250.0,1.7,0,default,24.0,32.102538,35.209649,5519,32.102910226861155,35.20935605735427,49.79999999999999,326.309932442704
195,34,2026-04-27,15:27:41.735,49.8,759.842,120,1/1250.0,1.7,0,default,24.0,32.102538,35.209649,5521,32.102910226861155,35.20935605735427,49.79999999999999,326.309932442704
196,33,2026-04-27,15:27:41.768,49.8,759.842,120,1/1250.0,1.7,0,default,24.0,32.102538,35.209649,5522,32.102910226861155,35.20935605735427,49.79999999999999,326.309932442704
197,33,2026-04-27,15:27:41.801,49.8,759.842,120,1/1250.0,1.7,0,default,24.0,32.102542,35.209646,5523,32.10291422686115,35.20935305734144,49.79999999999999,326.309932442704
198,34,2026-04-27,15:27:41.835,49.8,759.842,120,1/1250.0,1.7,0,default,24.0,32.102542,35.209646,5525,32.10291422686115,35.20935305734144,49.79999999999999,326.309932442704
199,33,2026-04-27,15:27:41.867,49.8,759.842,120,1/1250.0,1.7,0,default,24.0,32.102542,35.209646,5526,32.10291422686115,35.20935305734144,49.79999999999999,326.309932442704
200,33,2026-04-27,15:27:41.901,49.8,759.842,120,1/1250.0,1.7,0,default,24.0,32.102547,35.209643,5527,32.102919226861154,35.2093500573254,49.79999999999999,326.309932442704
201,34,2026-04-27,15:27:41.934,49.8,759.842,120,1/1250.0,1.7,0,default,24.0,32.102547,35.209643,5529,32.102919226861154,35.2093500573254,49.79999999999999,326.309932442704
202,33,2026-04-27,15:27:41.967,49.8,759.842,120,1/1250.0,1.7,0,default,24.0,32.102547,35.209643,5530,32.102919226861154,35.2093500573254,49.79999999999999,326.309932442704
203,34,2026-04-27,15:27:42.001,49.8,759.842,120,1/1250.0,1.7,0,default,24.0,32.102553,35.209639,5530,32.10292522686115,35.20934605730616,49.79999999999999,326.309932442704
204,33,2026-04-27,15:27:42.035,49.8,759.842,120,1/1250.0,1.7,0,default,24.0,32.102553,35.209639,5530,32.10292522686115,35.20934605730616,49.79999999999999,326.309932442704
205,33,2026-04-27,15:27:42.068,49.8,759.842,120,1/1250.0,1.7,0,default,24.0,32.102553,35.209639,5531,32.10292522686115,35.20934605730616,49.79999999999999,326.309932442704
206,34,2026-04-27,15:27:42.101,49.8,759.842,120,1/1250.0,1.7,0,default,24.0,32.102558,35.209635,5531,32.102930226861154,35.20934205729012,49.79999999999999,326.309932442704
207,33,2026-04-27,15:27:42.134,49.8,759.842,120,1/1250.0,1.7,0,default,24.0,32.102558,35.209635,5532,32.102930226861154,35.20934205729012,49.79999999999999,326.309932442704
208,33,2026-04-27,15:27:42.168,49.8,759.842,120,1/1250.0,1.7,0,default,24.0,32.102558,35.209635,5532,32.10293022686129,35.20934205729036,49.79999999999999,326.30993247402023
209,34,2026-04-27,15:27:42.202,49.8,759.842,120,1/1250.0,1.7,0,default,24.0,32.102563,35.209632,5532,32.10293522686129,35.20933905727432,49.79999999999999,326.30993247402023
210,33,2026-04-27,15:27:42.235,49.8,759.842,120,1/1250.0,1.7,0,default,24.0,32.102563,35.209632,5532,32.10293522686129,35.20933905727432,49.79999999999999,326.30993247402023
211,34,2026-04-27,15:27:42.268,49.8,759.842,120,1/1250.0,1.7,0,default,24.0,32.102563,35.209632,5531,32.102935226861156,35.20933905727408,49.79999999999999,326.309932442704
212,33,2026-04-27,15:27:42.302,49.8,759.842,120,1/1250.0,1.7,0,default,24.0,32.102569,35.209628,5532,32.102941226861155,35.20933505725484,49.79999999999999,326.309932442704
213,33,2026-04-27,15:27:42.335,49.8,759.842,120,1/1250.0,1.7,0,default,24.0,32.102569,35.209628,5532,32.102941226861155,35.20933505725484,49.79999999999999,326.309932442704
214,34,2026-04-27,15:27:42.368,49.8,759.842,120,1/1250.0,1.7,0,default,24.0,32.102569,35.209628,5532,32.10294122686129,35.20933505725508,49.79999999999999,326.30993247402023
215,33,2026-04-27,15:27:42.402,49.8,759.842,120,1/1250.0,1.7,0,default,24.0,32.102575,35.209624,5533,32.10294722686129,35.20933105723583,49.79999999999999,326.30993247402023
216,33,2026-04-27,15:27:42.434,49.8,759.842,120,1/1250.0,1.7,0,default,24.0,32.102575,35.209624,5533,32.10294722686129,35.20933105723583,49.79999999999999,326.30993247402023
217,34,2026-04-27,15:27:42.469,49.8,759.842,120,1/1250.0,1.7,0,default,24.0,32.102575,35.209624,5533,32.10294722686129,35.20933105723583,49.79999999999999,326.30993247402023
218,33,2026-04-27,15:27:42.502,49.8,759.842,120,1/1250.0,1.7,0,default,24.0,32.102581,35.20962,5534,32.10295322686129,35.20932705721659,49.79999999999999,326.30993247402023
219,33,2026-04-27,15:27:42.535,49.8,759.842,120,1/1250.0,1.7,0,default,24.0,32.102581,35.20962,5534,32.10295322686129,35.20932705721659,49.79999999999999,326.30993247402023
220,34,2026-04-27,15:27:42.569,49.8,759.842,120,1/1250.0,1.7,0,default,24.0,32.102581,35.20962,5535,32.10295322686129,35.20932705721659,49.79999999999999,326.30993247402023
221,33,2026-04-27,15:27:42.602,49.8,759.842,120,1/1250.0,1.7,0,default,24.0,32.102587,35.209616,5536,32.10295922686129,35.20932305719734,49.79999999999999,326.30993247402023
222,34,2026-04-27,15:27:42.634,49.8,759.842,120,1/1250.0,1.7,0,default,24.0,32.102587,35.209616,5537,32.10295922686129,35.20932305719734,49.79999999999999,326.30993247402023
223,33,2026-04-27,15:27:42.669,49.8,759.842,120,1/1250.0,1.7,0,default,24.0,32.102587,35.209616,5538,32.10295922686129,35.20932305719734,49.79999999999999,326.30993247402023
224,33,2026-04-27,15:27:42.702,49.8,759.842,120,1/1250.0,1.7,0,default,24.0,32.102593,35.209612,5539,32.102965226861286,35.20931905717809,49.79999999999999,326.30993247402023
225,34,2026-04-27,15:27:42.736,49.8,759.842,120,1/1250.0,1.7,0,default,24.0,32.102593,35.209612,5539,32.102965226861286,35.20931905717809,49.79999999999999,326.30993247402023
226,33,2026-04-27,15:27:42.769,49.8,759.842,120,1/1250.0,1.7,0,default,24.0,32.102593,35.209612,5540,32.102965226861286,35.20931905717809,49.79999999999999,326.30993247402023
227,33,2026-04-27,15:27:42.802,49.8,759.842,120,1/1250.0,1.7,0,default,24.0,32.102599,35.209607,5541,32.102971226861285,35.20931405715885,49.79999999999999,326.30993247402023
228,34,2026-04-27,15:27:42.835,49.8,759.842,120,1/1250.0,1.7,0,default,24.0,32.102599,35.209607,5542,32.102971226861285,35.20931405715885,49.79999999999999,326.30993247402023
229,33,2026-04-27,15:27:42.868,49.8,759.842,120,1/1250.0,1.7,0,default,24.0,32.102599,35.209607,5543,32.10297122686135,35.20931405715897,49.79999999999999,326.3099324896783
230,33,2026-04-27,15:27:42.902,49.8,759.842,120,1/1250.0,1.7,0,default,24.0,32.102606,35.209603,5544,32.10297822686135,35.20931005713652,49.79999999999999,326.3099324896783
231,34,2026-04-27,15:27:42.936,49.8,759.842,120,1/1250.0,1.7,0,default,24.0,32.102606,35.209603,5545,32.10297822686135,35.20931005713652,49.79999999999999,326.3099324896783
232,33,2026-04-27,15:27:42.969,49.8,759.842,120,1/1250.0,1.7,0,default,24.0,32.102606,35.209603,5546,32.10297822686129,35.2093100571364,49.79999999999999,326.30993247402023
233,34,2026-04-27,15:27:43.001,49.8,759.842,120,1/1250.0,1.7,0,default,24.0,32.102612,35.209599,5548,32.10298422686129,35.209306057117146,49.79999999999999,326.30993247402023
234,33,2026-04-27,15:27:43.035,49.8,759.842,120,1/1250.0,1.7,0,default,24.0,32.102612,35.209599,5549,32.10298422686129,35.209306057117146,49.79999999999999,326.30993247402023
235,33,2026-04-27,15:27:43.069,49.8,759.842,120,1/1250.0,1.7,0,default,24.0,32.102612,35.209599,5550,32.10298422686129,35.209306057117146,49.79999999999999,326.30993247402023
236,34,2026-04-27,15:27:43.102,49.8,759.842,120,1/1250.0,1.7,0,default,24.0,32.102619,35.209594,5551,32.102991226861285,35.2093010570947,49.79999999999999,326.30993247402023
237,33,2026-04-27,15:27:43.136,49.8,759.842,120,1/1250.0,1.7,0,default,24.0,32.102619,35.209594,5553,32.102991226861285,35.2093010570947,49.79999999999999,326.30993247402023
238,33,2026-04-27,15:27:43.169,49.8,759.842,120,1/1250.0,1.7,0,default,24.0,32.102619,35.209594,5554,32.102991226861285,35.2093010570947,49.79999999999999,326.30993247402023
239,34,2026-04-27,15:27:43.203,49.8,759.842,120,1/1250.0,1.7,0,default,24.0,32.102625,35.20959,5555,32.10299722686129,35.20929705707545,49.79999999999999,326.30993247402023
240,33,2026-04-27,15:27:43.236,49.8,759.842,120,1/1250.0,1.7,0,default,24.0,32.102625,35.20959,5557,32.10299722686129,35.20929705707545,49.79999999999999,326.30993247402023
241,34,2026-04-27,15:27:43.269,49.8,759.842,120,1/1250.0,1.7,0,default,24.0,32.102625,35.20959,5558,32.10299722686129,35.20929705707545,49.79999999999999,326.30993247402023
242,33,2026-04-27,15:27:43.303,49.8,759.842,120,1/1250.0,1.7,0,default,24.0,32.102632,35.209585,5558,32.10300422686129,35.209292057053,49.79999999999999,326.30993247402023
243,33,2026-04-27,15:27:43.336,49.8,759.842,120,1/1250.0,1.7,0,default,24.0,32.102632,35.209585,5559,32.10300422686129,35.209292057053,49.79999999999999,326.30993247402023
244,34,2026-04-27,15:27:43.369,49.8,759.842,120,1/1250.0,1.7,0,default,24.0,32.102632,35.209585,5560,32.10300422686115,35.20929205705276,49.79999999999999,326.309932442704
245,33,2026-04-27,15:27:43.403,49.8,759.842,120,1/1250.0,1.7,0,default,24.0,32.102638,35.209581,5560,32.10301022686115,35.20928805703351,49.79999999999999,326.309932442704
246,33,2026-04-27,15:27:43.436,49.8,759.842,120,1/1250.0,1.7,0,default,24.0,32.102638,35.209581,5561,32.10301022686115,35.20928805703351,49.79999999999999,326.309932442704
247,34,2026-04-27,15:27:43.470,49.8,759.842,120,1/1250.0,1.7,0,default,24.0,32.102638,35.209581,5562,32.10301022686129,35.20928805703375,49.79999999999999,326.30993247402023
248,33,2026-04-27,15:27:43.503,49.8,759.842,120,1/1250.0,1.7,0,default,24.0,32.102646,35.209576,5562,32.10301822686129,35.20928305700809,49.79999999999999,326.30993247402023
249,33,2026-04-27,15:27:43.536,49.8,759.842,120,1/1250.0,1.7,0,default,24.0,32.102646,35.209576,5562,32.10301822686129,35.20928305700809,49.79999999999999,326.30993247402023
250,34,2026-04-27,15:27:43.570,49.8,759.842,120,1/1250.0,1.7,0,default,24.0,32.102646,35.209576,5563,32.10301822686129,35.20928305700809,49.79999999999999,326.30993247402023
251,33,2026-04-27,15:27:43.603,49.8,759.842,120,1/1250.0,1.7,0,default,24.0,32.102653,35.209571,5565,32.103025226861284,35.20927805698564,49.79999999999999,326.30993247402023
252,34,2026-04-27,15:27:43.636,49.8,759.842,120,1/1250.0,1.7,0,default,24.0,32.102653,35.209571,5566,32.103025226861284,35.20927805698564,49.79999999999999,326.30993247402023
253,33,2026-04-27,15:27:43.670,49.8,759.842,120,1/1250.0,1.7,0,default,24.0,32.102653,35.209571,5567,32.103025226861284,35.20927805698564,49.79999999999999,326.30993247402023
254,33,2026-04-27,15:27:43.703,49.8,759.842,120,1/1250.0,1.7,0,default,24.0,32.10266,35.209567,5568,32.10303222686129,35.20927405696319,49.79999999999999,326.30993247402023
255,34,2026-04-27,15:27:43.737,49.8,759.842,120,1/1250.0,1.7,0,default,24.0,32.10266,35.209567,5569,32.10303222686129,35.20927405696319,49.79999999999999,326.30993247402023
256,33,2026-04-27,15:27:43.770,49.8,759.842,110,1/1250.0,1.7,0,default,24.0,32.10266,35.209567,5570,32.10303222686129,35.20927405696319,49.79999999999999,326.30993247402023
257,33,2026-04-27,15:27:43.803,49.8,759.842,110,1/1250.0,1.7,0,default,24.0,32.102668,35.209561,5570,32.10304022686129,35.209268056937525,49.79999999999999,326.30993247402023
258,34,2026-04-27,15:27:43.836,49.8,759.842,110,1/1250.0,1.7,0,default,24.0,32.102668,35.209561,5571,32.10304022686129,35.209268056937525,49.79999999999999,326.30993247402023
259,33,2026-04-27,15:27:43.869,49.8,759.842,110,1/1250.0,1.7,0,default,24.0,32.102668,35.209561,5571,32.10304022686129,35.209268056937525,49.79999999999999,326.30993247402023
260,33,2026-04-27,15:27:43.902,49.8,759.842,110,1/1250.0,1.7,0,default,24.0,32.102675,35.209557,5572,32.103047226861285,35.20926405691507,49.79999999999999,326.30993247402023
261,34,2026-04-27,15:27:43.937,49.8,759.842,110,1/1250.0,1.7,0,default,24.0,32.102675,35.209557,5573,32.103047226861285,35.20926405691507,49.79999999999999,326.30993247402023
262,33,2026-04-27,15:27:43.970,49.8,759.842,110,1/1250.0,1.7,0,default,24.0,32.102675,35.209557,5574,32.103047226861285,35.20926405691507,49.79999999999999,326.30993247402023
263,34,2026-04-27,15:27:44.003,49.8,759.842,110,1/1250.0,1.7,0,default,24.0,32.102682,35.209552,5574,32.10305422686129,35.20925905689262,49.79999999999999,326.30993247402023
264,33,2026-04-27,15:27:44.036,49.8,759.842,110,1/1250.0,1.7,0,default,24.0,32.102682,35.209552,5575,32.10305422686129,35.20925905689262,49.79999999999999,326.30993247402023
265,33,2026-04-27,15:27:44.070,49.8,759.842,110,1/1250.0,1.7,0,default,24.0,32.102682,35.209552,5575,32.10305422686129,35.20925905689262,49.79999999999999,326.30993247402023
266,34,2026-04-27,15:27:44.103,49.8,759.842,110,1/1250.0,1.7,0,default,24.0,32.10269,35.209547,5575,32.10306222686129,35.20925405686696,49.79999999999999,326.30993247402023
267,33,2026-04-27,15:27:44.137,49.8,759.842,110,1/1250.0,1.7,0,default,24.0,32.10269,35.209547,5575,32.10306222686129,35.20925405686696,49.79999999999999,326.30993247402023
268,33,2026-04-27,15:27:44.170,49.8,759.842,110,1/1250.0,1.7,0,default,24.0,32.10269,35.209547,5575,32.103062226861354,35.20925405686708,49.79999999999999,326.3099324896783
269,34,2026-04-27,15:27:44.204,49.8,759.842,110,1/1250.0,1.7,0,default,24.0,32.102697,35.209542,5575,32.10306922686135,35.20924905684463,49.79999999999999,326.3099324896783
270,33,2026-04-27,15:27:44.237,49.8,759.842,110,1/1250.0,1.7,0,default,24.0,32.102697,35.209542,5575,32.10306922686135,35.20924905684463,49.79999999999999,326.3099324896783
271,34,2026-04-27,15:27:44.270,49.8,759.842,110,1/1250.0,1.7,0,default,24.0,32.102697,35.209542,5575,32.103076361379,35.20926210184426,49.79999999999999,327.99461678734224
272,33,2026-04-27,15:27:44.304,49.8,759.842,110,1/1250.0,1.7,0,default,24.0,32.102705,35.209537,5575,32.103084361379004,35.20925710181974,49.79999999999999,327.99461678734224
273,33,2026-04-27,15:27:44.336,49.8,759.842,110,1/1250.0,1.7,0,default,24.0,32.102705,35.209537,5575,32.103084361379004,35.20925710181974,49.79999999999999,327.99461678734224
274,34,2026-04-27,15:27:44.370,49.8,759.842,110,1/1250.0,1.7,0,default,24.0,32.102705,35.209537,5575,32.103084361379004,35.20925710181974,49.79999999999999,327.99461678734224
275,33,2026-04-27,15:27:44.404,49.8,759.842,110,1/1250.0,1.7,0,default,24.0,32.102712,35.209532,5575,32.103091361379,35.20925210179829,49.79999999999999,327.99461678734224
276,33,2026-04-27,15:27:44.436,49.8,759.842,110,1/1250.0,1.7,0,default,24.0,32.102712,35.209532,5575,32.103091361379,35.20925210179829,49.79999999999999,327.99461678734224
277,34,2026-04-27,15:27:44.471,49.8,759.842,110,1/1250.0,1.7,0,default,24.0,32.102712,35.209532,5575,32.103091361379,35.20925210179829,49.79999999999999,327.99461678734224
278,33,2026-04-27,15:27:44.504,49.8,759.842,110,1/1250.0,1.7,0,default,24.0,32.10272,35.209527,5574,32.103099361379,35.20924710177377,49.79999999999999,327.99461678734224
279,33,2026-04-27,15:27:44.536,49.8,759.842,110,1/1250.0,1.7,0,default,24.0,32.10272,35.209527,5574,32.103099361379,35.20924710177377,49.79999999999999,327.99461678734224
280,34,2026-04-27,15:27:44.571,49.8,759.842,110,1/1250.0,1.7,0,default,24.0,32.10272,35.209527,5573,32.103099361379,35.20924710177377,49.79999999999999,327.99461678734224
281,33,2026-04-27,15:27:44.604,49.8,759.842,110,1/1250.0,1.7,0,default,24.0,32.102728,35.209522,5573,32.103107361379,35.20924210174925,49.79999999999999,327.99461678734224
282,34,2026-04-27,15:27:44.636,49.8,759.842,110,1/1250.0,1.7,0,default,24.0,32.102728,35.209522,5572,32.103107361379,35.20924210174925,49.79999999999999,327.99461678734224
283,33,2026-04-27,15:27:44.671,49.8,759.842,110,1/1250.0,1.7,0,default,24.0,32.102728,35.209522,5570,32.103107361379,35.20924210174925,49.79999999999999,327.99461678734224
284,33,2026-04-27,15:27:44.704,49.8,759.842,110,1/1250.0,1.7,0,default,24.0,32.102735,35.209517,5569,32.103114361379006,35.209237101727794,49.79999999999999,327.99461678734224
285,34,2026-04-27,15:27:44.737,49.8,759.842,110,1/1250.0,1.7,0,default,24.0,32.102735,35.209517,5567,32.103114361379006,35.209237101727794,49.79999999999999,327.99461678734224
286,33,2026-04-27,15:27:44.771,49.8,759.842,110,1/1250.0,1.7,0,default,24.0,32.102735,35.209517,5566,32.103114361379006,35.209237101727794,49.79999999999999,327.99461678734224
287,33,2026-04-27,15:27:44.804,49.8,759.842,110,1/1250.0,1.7,0,default,24.0,32.102744,35.209512,5565,32.103123361379005,35.20923210170021,49.79999999999999,327.99461678734224
288,34,2026-04-27,15:27:44.838,49.8,759.842,110,1/1250.0,1.7,0,default,24.0,32.102744,35.209512,5563,32.103123361379005,35.20923210170021,49.79999999999999,327.99461678734224
289,33,2026-04-27,15:27:44.871,49.8,759.842,110,1/1250.0,1.7,0,default,24.0,32.102744,35.209512,5561,32.103123361379005,35.20923210170021,49.79999999999999,327.99461678734224
290,33,2026-04-27,15:27:44.904,49.8,759.842,110,1/1250.0,1.7,0,default,24.0,32.102751,35.209507,5559,32.103130361379,35.20922710167876,49.79999999999999,327.99461678734224
291,34,2026-04-27,15:27:44.938,49.8,759.842,110,1/1250.0,1.7,0,default,24.0,32.102751,35.209507,5556,32.103130361379,35.20922710167876,49.79999999999999,327.99461678734224
292,33,2026-04-27,15:27:44.971,49.8,759.842,110,1/1250.0,1.7,0,default,24.0,32.102751,35.209507,5554,32.103130361379,35.20922710167876,49.79999999999999,327.99461678734224
293,34,2026-04-27,15:27:45.004,49.8,759.842,110,1/1250.0,1.7,0,default,24.0,32.10276,35.209502,5551,32.10313936137901,35.20922210165118,49.79999999999999,327.99461678734224
294,33,2026-04-27,15:27:45.037,49.8,759.842,110,1/1250.0,1.7,0,default,24.0,32.10276,35.209502,5549,32.10313936137901,35.20922210165118,49.79999999999999,327.99461678734224
295,33,2026-04-27,15:27:45.071,49.8,759.842,110,1/1250.0,1.7,0,default,24.0,32.10276,35.209502,5547,32.10313936137901,35.20922210165118,49.79999999999999,327.99461678734224
296,34,2026-04-27,15:27:45.105,49.8,759.842,110,1/1250.0,1.7,0,default,24.0,32.102769,35.209496,5545,32.103148361379006,35.209216101623596,49.79999999999999,327.99461678734224
297,33,2026-04-27,15:27:45.138,49.8,759.842,110,1/1250.0,1.7,0,default,24.0,32.102769,35.209496,5544,32.103148361379006,35.209216101623596,49.79999999999999,327.99461678734224
298,33,2026-04-27,15:27:45.171,49.8,759.842,100,1/1250.0,1.7,0,default,24.0,32.102769,35.209496,5543,32.103148361379006,35.209216101623596,49.79999999999999,327.99461678734224
299,34,2026-04-27,15:27:45.205,49.8,759.842,100,1/1250.0,1.7,0,default,24.0,32.102776,35.209492,5542,32.103155361379,35.20921210160214,49.79999999999999,327.99461678734224
300,33,2026-04-27,15:27:45.238,49.8,759.842,100,1/1250.0,1.7,0,default,24.0,32.102776,35.209492,5541,32.103155361379,35.20921210160214,49.79999999999999,327.99461678734224
301,34,2026-04-27,15:27:45.271,49.8,759.842,100,1/1250.0,1.7,0,default,24.0,32.102776,35.209492,5541,32.103155361379,35.20921210160214,49.79999999999999,327.99461678734224
302,33,2026-04-27,15:27:45.305,49.8,759.842,100,1/1250.0,1.7,0,default,24.0,32.102784,35.209487,5541,32.103163361379,35.209207101577626,49.79999999999999,327.99461678734224
303,33,2026-04-27,15:27:45.338,49.8,759.842,100,1/1250.0,1.7,0,default,24.0,32.102784,35.209487,5540,32.103163361379,35.209207101577626,49.79999999999999,327.99461678734224
304,34,2026-04-27,15:27:45.371,49.8,759.842,100,1/1250.0,1.7,0,default,24.0,32.102784,35.209487,5540,32.10316336137915,35.20920710157791,49.79999999999999,327.99461682393644
305,33,2026-04-27,15:27:45.405,49.8,759.842,100,1/1250.0,1.7,0,default,24.0,32.102793,35.209481,5539,32.10317236137915,35.20920110155032,49.79999999999999,327.99461682393644
306,33,2026-04-27,15:27:45.438,49.8,759.842,100,1/1250.0,1.7,0,default,24.0,32.102793,35.209481,5538,32.10317236137915,35.20920110155032,49.79999999999999,327.99461682393644
307,34,2026-04-27,15:27:45.472,49.8,759.842,100,1/1250.0,1.7,0,default,24.0,32.102793,35.209481,5537,32.10317236137915,35.20920110155032,49.79999999999999,327.99461682393644
308,33,2026-04-27,15:27:45.505,49.8,759.842,100,1/1250.0,1.7,0,default,24.0,32.102801,35.209476,5536,32.10318036137915,35.20919610152581,49.79999999999999,327.99461682393644
309,33,2026-04-27,15:27:45.538,49.8,759.842,100,1/1250.0,1.7,0,default,24.0,32.102801,35.209476,5535,32.10318036137915,35.20919610152581,49.79999999999999,327.99461682393644
310,34,2026-04-27,15:27:45.572,49.8,759.842,100,1/1250.0,1.7,0,default,24.0,32.102801,35.209476,5534,32.10318036137915,35.20919610152581,49.79999999999999,327.99461682393644
311,33,2026-04-27,15:27:45.604,49.8,759.842,100,1/1250.0,1.7,0,default,24.0,32.10281,35.209471,5533,32.10318936137915,35.20919110149823,49.79999999999999,327.99461682393644
312,34,2026-04-27,15:27:45.638,49.8,759.842,100,1/1250.0,1.7,0,default,24.0,32.10281,35.209471,5532,32.10318936137915,35.20919110149823,49.79999999999999,327.99461682393644
313,33,2026-04-27,15:27:45.672,49.8,759.842,100,1/1250.0,1.7,0,default,24.0,32.10281,35.209471,5531,32.103198418130134,35.209208983351814,49.79999999999999,330.2551186654783
314,33,2026-04-27,15:27:45.705,49.8,759.842,100,1/1250.0,1.7,0,default,24.0,32.102818,35.209466,5530,32.103206418130135,35.20920398332886,49.79999999999999,330.2551186654783
315,34,2026-04-27,15:27:45.739,49.8,759.842,100,1/1250.0,1.7,0,default,24.0,32.102818,35.209466,5529,32.103206418130135,35.20920398332886,49.79999999999999,330.2551186654783
316,33,2026-04-27,15:27:45.771,49.8,759.842,100,1/1250.0,1.7,0,default,24.0,32.102818,35.209466,5528,32.103209063883206,35.20920952639099,49.79999999999999,330.94539588940086
317,33,2026-04-27,15:27:45.805,49.8,759.842,100,1/1250.0,1.7,0,default,24.0,32.102827,35.20946,5527,32.103218063883205,35.20920352636572,49.79999999999999,330.94539588940086
318,34,2026-04-27,15:27:45.839,49.8,759.842,100,1/1250.0,1.7,0,default,24.0,32.102827,35.20946,5526,32.103218063883205,35.20920352636572,49.79999999999999,330.94539588940086
319,33,2026-04-27,15:27:45.872,49.8,759.842,100,1/1250.0,1.7,0,default,24.0,32.102827,35.20946,5526,32.103218063883205,35.20920352636572,49.79999999999999,330.94539588940086
320,33,2026-04-27,15:27:45.905,49.8,759.842,100,1/1250.0,1.7,0,default,24.0,32.102836,35.209455,5525,32.10322706388321,35.209198526340444,49.79999999999999,330.94539588940086
321,34,2026-04-27,15:27:45.939,49.8,759.842,100,1/1250.0,1.7,0,default,24.0,32.102836,35.209455,5524,32.10322706388321,35.209198526340444,49.79999999999999,330.94539588940086
322,33,2026-04-27,15:27:45.972,49.8,759.842,100,1/1250.0,1.7,0,default,24.0,32.102836,35.209455,5523,32.10322706388321,35.209198526340444,49.79999999999999,330.94539588940086
323,34,2026-04-27,15:27:46.005,49.8,759.842,100,1/1250.0,1.7,0,default,24.0,32.102844,35.20945,5522,32.103235063883204,35.209193526317975,49.79999999999999,330.94539588940086
324,33,2026-04-27,15:27:46.038,49.8,759.842,100,1/1250.0,1.7,0,default,24.0,32.102844,35.20945,5521,32.103235063883204,35.209193526317975,49.79999999999999,330.94539588940086
325,33,2026-04-27,15:27:46.072,49.8,759.842,100,1/1250.0,1.7,0,default,24.0,32.102844,35.20945,5520,32.103235063883204,35.209193526317975,49.79999999999999,330.94539588940086
326,34,2026-04-27,15:27:46.105,49.8,759.842,100,1/1250.0,1.7,0,default,24.0,32.102852,35.209445,5520,32.103243063883205,35.20918852629551,49.79999999999999,330.94539588940086
327,33,2026-04-27,15:27:46.139,49.8,759.842,100,1/1250.0,1.7,0,default,24.0,32.102852,35.209445,5519,32.103243063883205,35.20918852629551,49.79999999999999,330.94539588940086
328,33,2026-04-27,15:27:46.172,49.8,759.842,100,1/1250.0,1.7,0,default,24.0,32.102852,35.209445,5519,32.103243063883276,35.20918852629567,49.79999999999999,330.9453959086042
329,34,2026-04-27,15:27:46.206,49.8,759.842,100,1/1250.0,1.7,0,default,24.0,32.102861,35.20944,5518,32.103252063883275,35.209183526270394,49.79999999999999,330.9453959086042
330,33,2026-04-27,15:27:46.239,49.8,759.842,100,1/1250.0,1.7,0,default,24.0,32.102861,35.20944,5518,32.103252063883275,35.209183526270394,49.79999999999999,330.9453959086042
331,34,2026-04-27,15:27:46.271,49.8,759.842,100,1/1250.0,1.7,0,default,24.0,32.102861,35.20944,5517,32.103252063883275,35.209183526270394,49.79999999999999,330.9453959086042
332,33,2026-04-27,15:27:46.306,49.9,759.942,100,1/1250.0,1.7,0,default,24.0,32.10287,35.209435,5517,32.10326184915212,35.209178011237576,49.89999999999999,330.9453959086042
333,33,2026-04-27,15:27:46.339,49.9,759.942,100,1/1250.0,1.7,0,default,24.0,32.10287,35.209435,5516,32.10326184915212,35.209178011237576,49.89999999999999,330.9453959086042
334,34,2026-04-27,15:27:46.372,49.9,759.942,100,1/1250.0,1.7,0,default,24.0,32.10287,35.209435,5516,32.10326184915218,35.2091780112377,49.89999999999999,330.9453959239669
335,33,2026-04-27,15:27:46.406,49.9,759.942,100,1/1250.0,1.7,0,default,24.0,32.102878,35.209431,5515,32.10326984915218,35.20917401121519,49.89999999999999,330.9453959239669
336,33,2026-04-27,15:27:46.439,49.9,759.942,100,1/1250.0,1.7,0,default,24.0,32.102878,35.209431,5515,32.10326984915218,35.20917401121519,49.89999999999999,330.9453959239669
337,34,2026-04-27,15:27:46.472,49.9,759.942,100,1/1250.0,1.7,0,default,24.0,32.102878,35.209431,5514,32.103278935330486,35.2091943469548,49.89999999999999,333.43494882292197
338,33,2026-04-27,15:27:46.506,49.9,759.942,100,1/1250.0,1.7,0,default,24.0,32.102888,35.209427,5514,32.10328893533049,35.20919034692889,49.89999999999999,333.43494882292197
339,33,2026-04-27,15:27:46.539,49.9,759.942,100,1/1250.0,1.7,0,default,24.0,32.102888,35.209427,5514,32.10328893533049,35.20919034692889,49.89999999999999,333.43494882292197
340,34,2026-04-27,15:27:46.573,49.9,759.942,100,1/1250.0,1.7,0,default,24.0,32.102888,35.209427,5514,32.10328893533049,35.20919034692889,49.89999999999999,333.43494882292197
341,33,2026-04-27,15:27:46.605,49.9,759.942,100,1/1250.0,1.7,0,default,24.0,32.102897,35.209422,5514,32.10329793533049,35.20918534690557,49.89999999999999,333.43494882292197
342,34,2026-04-27,15:27:46.639,49.9,759.942,100,1/1250.0,1.7,0,default,24.0,32.102897,35.209422,5514,32.10329793533049,35.20918534690557,49.89999999999999,333.43494882292197
343,33,2026-04-27,15:27:46.673,49.9,759.942,100,1/1250.0,1.7,0,default,24.0,32.102897,35.209422,5515,32.10329793533049,35.20918534690557,49.89999999999999,333.43494882292197
344,33,2026-04-27,15:27:46.705,49.9,759.942,100,1/1250.0,1.7,0,default,24.0,32.102906,35.209418,5515,32.10330693533049,35.20918134688225,49.89999999999999,333.43494882292197
345,34,2026-04-27,15:27:46.740,49.9,759.942,100,1/1250.0,1.7,0,default,24.0,32.102906,35.209418,5515,32.10330693533049,35.20918134688225,49.89999999999999,333.43494882292197
346,33,2026-04-27,15:27:46.773,49.9,759.942,100,1/1250.0,1.7,0,default,24.0,32.102906,35.209418,5516,32.103306935330544,35.20918134688238,49.89999999999999,333.43494883920647
347,33,2026-04-27,15:27:46.806,49.9,759.942,100,1/1250.0,1.7,0,default,24.0,32.102913,35.209415,5516,32.10331393533055,35.20917834686424,49.89999999999999,333.43494883920647
348,34,2026-04-27,15:27:46.840,49.9,759.942,100,1/1250.0,1.7,0,default,24.0,32.102913,35.209415,5517,32.10331393533055,35.20917834686424,49.89999999999999,333.43494883920647
349,33,2026-04-27,15:27:46.872,49.9,759.942,100,1/1250.0,1.7,0,default,24.0,32.102913,35.209415,5517,32.103322624549506,35.20920008269279,49.89999999999999,336.0375110002397
350,33,2026-04-27,15:27:46.906,49.8,759.842,100,1/1250.0,1.7,0,default,24.0,32.102922,35.209411,5517,32.10333080365862,35.209196513367665,49.79999999999999,336.0375110002397
351,34,2026-04-27,15:27:46.940,49.8,759.842,100,1/1250.0,1.7,0,default,24.0,32.102922,35.209411,5517,32.10333080365862,35.209196513367665,49.79999999999999,336.0375110002397
352,33,2026-04-27,15:27:46.973,49.8,759.842,100,1/1250.0,1.7,0,default,24.0,32.102922,35.209411,5517,32.10333080365862,35.209196513367665,49.79999999999999,336.0375110002397
353,34,2026-04-27,15:27:47.006,49.8,759.842,100,1/1250.0,1.7,0,default,24.0,32.102932,35.209407,5517,32.103340803658625,35.20919251334417,49.79999999999999,336.0375110002397
354,33,2026-04-27,15:27:47.039,49.8,759.842,100,1/1250.0,1.7,0,default,24.0,32.102932,35.209407,5517,32.103340803658625,35.20919251334417,49.79999999999999,336.0375110002397
355,33,2026-04-27,15:27:47.073,49.8,759.842,100,1/1250.0,1.7,0,default,24.0,32.102932,35.209407,5517,32.10334080365868,35.20919251334431,49.79999999999999,336.0375110170278
356,34,2026-04-27,15:27:47.107,49.8,759.842,100,1/1250.0,1.7,0,default,24.0,32.10294,35.209403,5517,32.103348803658676,35.20918851332553,49.79999999999999,336.0375110170278
357,33,2026-04-27,15:27:47.140,49.8,759.842,100,1/1250.0,1.7,0,default,24.0,32.10294,35.209403,5517,32.103348803658676,35.20918851332553,49.79999999999999,336.0375110170278
358,33,2026-04-27,15:27:47.173,49.8,759.842,100,1/1250.0,1.7,0,default,24.0,32.10294,35.209403,5517,32.10334880365874,35.20918851332571,49.79999999999999,336.0375110380129
359,34,2026-04-27,15:27:47.207,49.8,759.842,100,1/1250.0,1.7,0,default,24.0,32.102949,35.209399,5517,32.103357803658746,35.209184513304564,49.79999999999999,336.0375110380129
360,33,2026-04-27,15:27:47.240,49.8,759.842,100,1/1250.0,1.7,0,default,24.0,32.102949,35.209399,5517,32.103357803658746,35.209184513304564,49.79999999999999,336.0375110380129
361,34,2026-04-27,15:27:47.273,49.8,759.842,100,1/1250.0,1.7,0,default,24.0,32.102949,35.209399,5517,32.103357803658746,35.209184513304564,49.79999999999999,336.0375110380129
362,33,2026-04-27,15:27:47.307,49.8,759.842,100,1/1250.0,1.7,0,default,24.0,32.102959,35.209394,5517,32.10336780365874,35.209179513281086,49.79999999999999,336.0375110380129
363,33,2026-04-27,15:27:47.340,49.8,759.842,100,1/1250.0,1.7,0,default,24.0,32.102959,35.209394,5517,32.10336780365874,35.209179513281086,49.79999999999999,336.0375110380129
364,34,2026-04-27,15:27:47.373,49.8,759.842,100,1/1250.0,1.7,0,default,24.0,32.102959,35.209394,5517,32.10337018965038,35.209185966373724,49.79999999999999,336.80140950039015
365,33,2026-04-27,15:27:47.407,49.8,759.842,100,1/1250.0,1.7,0,default,24.0,32.102968,35.20939,5517,32.103379189650376,35.20918196635322,49.79999999999999,336.80140950039015
366,33,2026-04-27,15:27:47.440,49.8,759.842,100,1/1250.0,1.7,0,default,24.0,32.102968,35.20939,5517,32.103379189650376,35.20918196635322,49.79999999999999,336.80140950039015
367,34,2026-04-27,15:27:47.474,49.8,759.842,100,1/1250.0,1.7,0,default,24.0,32.102968,35.20939,5517,32.10338336427154,35.20919386399663,49.79999999999999,338.19859049960985
368,33,2026-04-27,15:27:47.507,49.8,759.842,100,1/1250.0,1.7,0,default,24.0,32.102976,35.209387,5517,32.10339136427154,35.20919086397945,49.79999999999999,338.19859049960985
369,33,2026-04-27,15:27:47.540,49.8,759.842,100,1/1250.0,1.7,0,default,24.0,32.102976,35.209387,5517,32.10339136427154,35.20919086397945,49.79999999999999,338.19859049960985
370,34,2026-04-27,15:27:47.574,49.8,759.842,100,1/1250.0,1.7,0,default,24.0,32.102976,35.209387,5517,32.10339136427154,35.20919086397945,49.79999999999999,338.19859049960985
371,33,2026-04-27,15:27:47.607,49.8,759.842,100,1/1250.0,1.7,0,default,24.0,32.102986,35.209382,5517,32.10340136427154,35.20918586395797,49.79999999999999,338.19859049960985
372,34,2026-04-27,15:27:47.640,49.8,759.842,100,1/1250.0,1.7,0,default,24.0,32.102986,35.209382,5517,32.10340136427154,35.20918586395797,49.79999999999999,338.19859049960985
373,33,2026-04-27,15:27:47.674,49.8,759.842,100,1/1250.0,1.7,0,default,24.0,32.102986,35.209382,5517,32.10340136427154,35.20918586395797,49.79999999999999,338.19859049960985
374,33,2026-04-27,15:27:47.706,49.8,759.842,100,1/1250.0,1.7,0,default,24.0,32.102994,35.209379,5517,32.10340936427154,35.20918286394079,49.79999999999999,338.19859049960985
375,34,2026-04-27,15:27:47.741,49.8,759.842,100,1/1250.0,1.7,0,default,24.0,32.102994,35.209379,5517,32.10340936427154,35.20918286394079,49.79999999999999,338.19859049960985
376,33,2026-04-27,15:27:47.774,49.8,759.842,100,1/1250.0,1.7,0,default,24.0,32.102994,35.209379,5518,32.103409364271606,35.20918286394097,49.79999999999999,338.1985905206673
377,33,2026-04-27,15:27:47.806,49.8,759.842,100,1/1250.0,1.7,0,default,24.0,32.103004,35.209375,5518,32.1034193642716,35.2091788639195,49.79999999999999,338.1985905206673
378,34,2026-04-27,15:27:47.841,49.8,759.842,100,1/1250.0,1.7,0,default,24.0,32.103004,35.209375,5519,32.1034193642716,35.2091788639195,49.79999999999999,338.1985905206673
379,33,2026-04-27,15:27:47.873,49.8,759.842,100,1/1250.0,1.7,0,default,24.0,32.103004,35.209375,5519,32.10342287716798,35.209189567300704,49.79999999999999,339.44395478599336
380,33,2026-04-27,15:27:47.906,49.8,759.842,100,1/1250.0,1.7,0,default,24.0,32.103014,35.209371,5520,32.10343287716798,35.2091855672804,49.79999999999999,339.44395478599336
381,34,2026-04-27,15:27:47.941,49.8,759.842,100,1/1250.0,1.7,0,default,24.0,32.103014,35.209371,5520,32.10343287716798,35.2091855672804,49.79999999999999,339.44395478599336
382,33,2026-04-27,15:27:47.974,49.8,759.842,100,1/1250.0,1.7,0,default,24.0,32.103014,35.209371,5521,32.10343287716798,35.2091855672804,49.79999999999999,339.44395478599336
383,34,2026-04-27,15:27:48.007,49.8,759.842,100,1/1250.0,1.7,0,default,24.0,32.103023,35.209367,5521,32.10344187716798,35.20918156726213,49.79999999999999,339.44395478599336
384,33,2026-04-27,15:27:48.040,49.8,759.842,100,1/1250.0,1.7,0,default,24.0,32.103023,35.209367,5522,32.10344187716798,35.20918156726213,49.79999999999999,339.44395478599336
385,33,2026-04-27,15:27:48.074,49.8,759.842,100,1/1250.0,1.7,0,default,24.0,32.103023,35.209367,5522,32.1034474039198,35.20919999611044,49.79999999999999,341.565051177078
386,34,2026-04-27,15:27:48.108,49.9,759.942,100,1/1250.0,1.7,0,default,24.0,32.103032,35.209364,5523,32.10345725613651,35.20919666074478,49.89999999999999,341.565051177078
387,33,2026-04-27,15:27:48.140,49.9,759.942,100,1/1250.0,1.7,0,default,24.0,32.103032,35.209364,5523,32.10345725613651,35.20919666074478,49.89999999999999,341.565051177078
388,33,2026-04-27,15:27:48.174,49.9,759.942,100,1/1250.0,1.7,0,default,24.0,32.103032,35.209364,5524,32.10345725613651,35.20919666074478,49.89999999999999,341.565051177078
389,34,2026-04-27,15:27:48.208,49.9,759.942,100,1/1250.0,1.7,0,default,24.0,32.103041,35.209361,5524,32.10346625613651,35.20919366072829,49.89999999999999,341.565051177078
390,33,2026-04-27,15:27:48.241,49.9,759.942,100,1/1250.0,1.7,0,default,24.0,32.103041,35.209361,5525,32.10346625613651,35.20919366072829,49.89999999999999,341.565051177078
391,34,2026-04-27,15:27:48.274,49.9,759.942,100,1/1250.0,1.7,0,default,24.0,32.103041,35.209361,5525,32.10347035456577,35.20920894318818,49.89999999999999,343.30075576227136
392,33,2026-04-27,15:27:48.308,49.9,759.942,100,1/1250.0,1.7,0,default,24.0,32.103051,35.209358,5525,32.103480354565775,35.20920594317153,49.89999999999999,343.30075576227136
393,33,2026-04-27,15:27:48.341,49.9,759.942,100,1/1250.0,1.7,0,default,24.0,32.103051,35.209358,5525,32.103480354565775,35.20920594317153,49.89999999999999,343.30075576227136
394,34,2026-04-27,15:27:48.375,49.9,759.942,100,1/1250.0,1.7,0,default,24.0,32.103051,35.209358,5524,32.1034803545658,35.20920594317163,49.89999999999999,343.3007557734763
395,33,2026-04-27,15:27:48.408,49.9,759.942,100,1/1250.0,1.7,0,default,24.0,32.103061,35.209355,5524,32.10349035456579,35.209202943154985,49.89999999999999,343.3007557734763
396,33,2026-04-27,15:27:48.441,49.9,759.942,100,1/1250.0,1.7,0,default,24.0,32.103061,35.209355,5523,32.10349035456579,35.209202943154985,49.89999999999999,343.3007557734763
397,34,2026-04-27,15:27:48.474,49.9,759.942,100,1/1250.0,1.7,0,default,24.0,32.103061,35.209355,5522,32.10349035456579,35.209202943154985,49.89999999999999,343.3007557734763
398,33,2026-04-27,15:27:48.508,49.9,759.942,100,1/1250.0,1.7,0,default,24.0,32.103069,35.209353,5521,32.103498354565794,35.20920094314166,49.89999999999999,343.3007557734763
399,33,2026-04-27,15:27:48.541,49.9,759.942,100,1/1250.0,1.7,0,default,24.0,32.103069,35.209353,5520,32.103498354565794,35.20920094314166,49.89999999999999,343.3007557734763
400,34,2026-04-27,15:27:48.575,49.9,759.942,100,1/1250.0,1.7,0,default,24.0,32.103069,35.209353,5519,32.10350387542397,35.20922465659788,49.89999999999999,345.96375652009965
401,33,2026-04-27,15:27:48.608,49.9,759.942,100,1/1250.0,1.7,0,default,24.0,32.103079,35.20935,5519,32.10351387542397,35.20922165658383,49.89999999999999,345.96375652009965
402,34,2026-04-27,15:27:48.641,49.9,759.942,100,1/1250.0,1.7,0,default,24.0,32.103079,35.20935,5518,32.10351387542397,35.20922165658383,49.89999999999999,345.96375652009965
403,33,2026-04-27,15:27:48.675,49.9,759.942,100,1/1250.0,1.7,0,default,24.0,32.103079,35.20935,5518,32.103516584954384,35.20923520615876,49.89999999999999,347.4711922764799
404,33,2026-04-27,15:27:48.708,49.9,759.942,100,1/1250.0,1.7,0,default,24.0,32.103088,35.209348,5517,32.10352558495438,35.20923320614744,49.89999999999999,347.4711922764799
405,34,2026-04-27,15:27:48.742,49.9,759.942,100,1/1250.0,1.7,0,default,24.0,32.103088,35.209348,5517,32.10352558495438,35.20923320614744,49.89999999999999,347.4711922764799
406,33,2026-04-27,15:27:48.775,49.9,759.942,100,1/1250.0,1.7,0,default,24.0,32.103088,35.209348,5517,32.10352558495438,35.20923320614744,49.89999999999999,347.4711922764799
407,33,2026-04-27,15:27:48.808,49.9,759.942,100,1/1250.0,1.7,0,default,24.0,32.103097,35.209346,5516,32.10353458495438,35.209231206136124,49.89999999999999,347.4711922764799
408,34,2026-04-27,15:27:48.842,49.9,759.942,100,1/1250.0,1.7,0,default,24.0,32.103097,35.209346,5516,32.10353458495438,35.209231206136124,49.89999999999999,347.4711922764799
409,33,2026-04-27,15:27:48.875,49.9,759.942,100,1/1250.0,1.7,0,default,24.0,32.103097,35.209346,5516,32.10353458495438,35.209231206136124,49.89999999999999,347.4711922764799
410,33,2026-04-27,15:27:48.908,49.9,759.942,100,1/1250.0,1.7,0,default,24.0,32.103107,35.209345,5515,32.103544584954385,35.20923020612356,49.89999999999999,347.4711922764799
411,34,2026-04-27,15:27:48.942,49.9,759.942,100,1/1250.0,1.7,0,default,24.0,32.103107,35.209345,5515,32.103544584954385,35.20923020612356,49.89999999999999,347.4711922764799
412,33,2026-04-27,15:27:48.975,49.9,759.942,100,1/1250.0,1.7,0,default,24.0,32.103107,35.209345,5515,32.103551797813004,35.20927936409023,49.89999999999999,352.8749836636247
413,34,2026-04-27,15:27:49.008,49.9,759.942,100,1/1250.0,1.7,0,default,24.0,32.103116,35.209343,5515,32.103560797813,35.20927736408376,49.89999999999999,352.8749836636247
414,33,2026-04-27,15:27:49.041,49.9,759.942,100,1/1250.0,1.7,0,default,24.0,32.103116,35.209343,5515,32.103560797813,35.20927736408376,49.89999999999999,352.8749836636247
415,33,2026-04-27,15:27:49.075,49.9,759.942,100,1/1250.0,1.7,0,default,24.0,32.103116,35.209343,5515,32.10356202240394,35.20929020028515,49.89999999999999,354.2736322868984
416,34,2026-04-27,15:27:49.109,49.9,759.942,100,1/1250.0,1.7,0,default,24.0,32.103126,35.209342,5516,32.103572022403945,35.20928920027938,49.89999999999999,354.2736322868984
417,33,2026-04-27,15:27:49.142,49.9,759.942,100,1/1250.0,1.7,0,default,24.0,32.103126,35.209342,5516,32.103572022403945,35.20928920027938,49.89999999999999,354.2736322868984
418,33,2026-04-27,15:27:49.175,49.9,759.942,100,1/1250.0,1.7,0,default,24.0,32.103126,35.209342,5517,32.10357202240398,35.20928920027975,49.89999999999999,354.27363232691613
419,34,2026-04-27,15:27:49.209,49.9,759.942,100,1/1250.0,1.7,0,default,24.0,32.103134,35.209341,5517,32.103580022403975,35.209288200275125,49.89999999999999,354.27363232691613
420,33,2026-04-27,15:27:49.242,49.9,759.942,100,1/1250.0,1.7,0,default,24.0,32.103134,35.209341,5518,32.103580022403975,35.209288200275125,49.89999999999999,354.27363232691613
421,34,2026-04-27,15:27:49.275,49.9,759.942,100,1/1250.0,1.7,0,default,24.0,32.103134,35.209341,5518,32.103580022403975,35.209288200275125,49.89999999999999,354.27363232699383
422,33,2026-04-27,15:27:49.309,49.9,759.942,100,1/1250.0,1.7,0,default,24.0,32.103144,35.20934,5518,32.10359002240398,35.20928720026934,49.89999999999999,354.27363232699383
423,33,2026-04-27,15:27:49.341,49.9,759.942,100,1/1250.0,1.7,0,default,24.0,32.103144,35.20934,5518,32.10359002240398,35.20928720026934,49.89999999999999,354.27363232699383
424,34,2026-04-27,15:27:49.375,49.9,759.942,100,1/1250.0,1.7,0,default,24.0,32.103144,35.20934,5517,32.10359002240398,35.20928720026934,49.89999999999999,354.27363232699383
425,33,2026-04-27,15:27:49.409,49.9,759.942,100,1/1250.0,1.7,0,default,24.0,32.103152,35.20934,5516,32.10359802240398,35.20928720026471,49.89999999999999,354.27363232699383
426,33,2026-04-27,15:27:49.442,49.9,759.942,100,1/1250.0,1.7,0,default,24.0,32.103152,35.20934,5515,32.10359802240398,35.20928720026471,49.89999999999999,354.27363232699383
427,34,2026-04-27,15:27:49.476,49.9,759.942,100,1/1250.0,1.7,0,default,24.0,32.103152,35.20934,5514,32.103600259326775,35.20934,49.89999999999999,0.0
428,33,2026-04-27,15:27:49.509,49.9,759.942,100,1/1250.0,1.7,0,default,24.0,32.103162,35.20934,5513,32.10361025932677,35.20934,49.89999999999999,0.0
429,33,2026-04-27,15:27:49.542,49.9,759.942,100,1/1250.0,1.7,0,default,24.0,32.103162,35.20934,5511,32.10361025932677,35.20934,49.89999999999999,0.0
430,34,2026-04-27,15:27:49.576,49.9,759.942,100,1/1250.0,1.7,0,default,24.0,32.103162,35.20934,5508,32.10361025932677,35.20934,49.89999999999999,0.0
431,33,2026-04-27,15:27:49.609,49.9,759.942,100,1/1250.0,1.7,0,default,24.0,32.103172,35.209339,5506,32.103620259326775,35.209339,49.89999999999999,0.0
432,34,2026-04-27,15:27:49.642,49.9,759.942,100,1/1250.0,1.7,0,default,24.0,32.103172,35.209339,5503,32.103620259326775,35.209339,49.89999999999999,0.0
433,33,2026-04-27,15:27:49.676,49.9,759.942,100,1/1250.0,1.7,0,default,24.0,32.103172,35.209339,5500,32.103620259326775,35.209339,49.89999999999999,0.0
434,33,2026-04-27,15:27:49.709,49.9,759.942,100,1/1250.0,1.7,0,default,24.0,32.10318,35.20934,5496,32.103628259326776,35.20934,49.89999999999999,0.0
435,34,2026-04-27,15:27:49.742,49.9,759.942,100,1/1250.0,1.7,0,default,24.0,32.10318,35.20934,5492,32.103628259326776,35.20934,49.89999999999999,0.0
436,33,2026-04-27,15:27:49.776,49.9,759.942,100,1/1250.0,1.7,0,default,24.0,32.10318,35.20934,5489,32.103628259326776,35.20934,49.89999999999999,0.0
437,33,2026-04-27,15:27:49.808,49.9,759.942,100,1/1250.0,1.7,0,default,24.0,32.103189,35.20934,5486,32.103637259326774,35.20934,49.89999999999999,0.0
438,34,2026-04-27,15:27:49.843,49.9,759.942,100,1/1250.0,1.7,0,default,24.0,32.103189,35.20934,5483,32.103637259326774,35.20934,49.89999999999999,0.0
439,33,2026-04-27,15:27:49.876,49.9,759.942,100,1/1250.0,1.7,0,default,24.0,32.103189,35.20934,5479,32.103634508854164,35.209398530920026,49.89999999999999,6.350368699183597
440,33,2026-04-27,15:27:49.908,49.9,759.942,100,1/1250.0,1.7,0,default,24.0,32.103198,35.209341,5476,32.10364350885416,35.2093995309258,49.89999999999999,6.350368699183597
441,34,2026-04-27,15:27:49.943,49.9,759.942,100,1/1250.0,1.7,0,default,24.0,32.103198,35.209341,5473,32.10364350885416,35.2093995309258,49.89999999999999,6.350368699183597
442,33,2026-04-27,15:27:49.976,49.9,759.942,100,1/1250.0,1.7,0,default,24.0,32.103198,35.209341,5469,32.10364279781301,35.209406635975114,49.89999999999999,7.12501633011206
443,34,2026-04-27,15:27:50.009,49.9,759.942,100,1/1250.0,1.7,0,default,24.0,32.103207,35.209341,5466,32.10365179781301,35.20940663598159,49.89999999999999,7.12501633011206
444,33,2026-04-27,15:27:50.042,49.9,759.942,100,1/1250.0,1.7,0,default,24.0,32.103207,35.209341,5463,32.10365179781301,35.20940663598159,49.89999999999999,7.12501633011206
445,33,2026-04-27,15:27:50.076,49.9,759.942,100,1/1250.0,1.7,0,default,24.0,32.103207,35.209341,5461,32.10365179781301,35.20940663598159,49.89999999999999,7.12501633011206
446,34,2026-04-27,15:27:50.109,49.9,759.942,100,1/1250.0,1.7,0,default,24.0,32.103216,35.209343,5459,32.10366079781301,35.20940863598805,49.89999999999999,7.12501633011206
447,33,2026-04-27,15:27:50.142,49.9,759.942,100,1/1250.0,1.7,0,default,24.0,32.103216,35.209343,5457,32.10366079781301,35.20940863598805,49.89999999999999,7.12501633011206
448,33,2026-04-27,15:27:50.176,49.9,759.942,100,1/1250.0,1.7,0,default,24.0,32.103216,35.209343,5455,32.10366079781301,35.20940863598805,49.89999999999999,7.125016330208417
449,34,2026-04-27,15:27:50.209,49.9,759.942,100,1/1250.0,1.7,0,default,24.0,32.103224,35.209344,5453,32.10366879781301,35.2094096359938,49.89999999999999,7.125016330208417
450,33,2026-04-27,15:27:50.242,49.9,759.942,100,1/1250.0,1.7,0,default,24.0,32.103224,35.209344,5451,32.10366879781301,35.2094096359938,49.89999999999999,7.125016330208417
451,34,2026-04-27,15:27:50.276,49.9,759.942,100,1/1250.0,1.7,0,default,24.0,32.103224,35.209344,5449,32.10366879781295,35.20940963599432,49.89999999999999,7.125016386481274
452,33,2026-04-27,15:27:50.310,49.9,759.942,100,1/1250.0,1.7,0,default,24.0,32.103232,35.209345,5448,32.10367679781295,35.209410636000065,49.89999999999999,7.125016386481274
453,33,2026-04-27,15:27:50.342,49.9,759.942,100,1/1250.0,1.7,0,default,24.0,32.103232,35.209345,5447,32.10367679781295,35.209410636000065,49.89999999999999,7.125016386481274
454,34,2026-04-27,15:27:50.376,49.9,759.942,110,1/1250.0,1.7,0,default,24.0,32.103232,35.209345,5446,32.10366958495447,35.20945979403309,49.89999999999999,12.528807670835183
455,33,2026-04-27,15:27:50.410,49.8,759.842,110,1/1250.0,1.7,0,default,24.0,32.103241,35.209347,5445,32.10367770803071,35.209461563996214,49.79999999999999,12.528807670835183
456,33,2026-04-27,15:27:50.442,49.8,759.842,110,1/1250.0,1.7,0,default,24.0,32.103241,35.209347,5444,32.10367770803071,35.209461563996214,49.79999999999999,12.528807670835183
457,34,2026-04-27,15:27:50.477,49.8,759.842,110,1/1250.0,1.7,0,default,24.0,32.103241,35.209347,5443,32.103677708030624,35.20946156399669,49.79999999999999,12.528807723520135
458,33,2026-04-27,15:27:50.510,49.8,759.842,110,1/1250.0,1.7,0,default,24.0,32.103249,35.209349,5443,32.103685708030625,35.209463564006725,49.79999999999999,12.528807723520135
459,33,2026-04-27,15:27:50.543,49.8,759.842,110,1/1250.0,1.7,0,default,24.0,32.103249,35.209349,5442,32.103685708030625,35.209463564006725,49.79999999999999,12.528807723520135
460,34,2026-04-27,15:27:50.577,49.8,759.842,110,1/1250.0,1.7,0,default,24.0,32.103249,35.209349,5442,32.103685708030625,35.209463564006725,49.79999999999999,12.528807723520135
461,33,2026-04-27,15:27:50.610,49.8,759.842,110,1/1250.0,1.7,0,default,24.0,32.103257,35.20935,5441,32.103693708030626,35.209464564016756,49.79999999999999,12.528807723520135
462,34,2026-04-27,15:27:50.643,49.8,759.842,110,1/1250.0,1.7,0,default,24.0,32.103257,35.20935,5441,32.103693708030626,35.209464564016756,49.79999999999999,12.528807723520135
463,33,2026-04-27,15:27:50.677,49.8,759.842,110,1/1250.0,1.7,0,default,24.0,32.103257,35.20935,5440,32.10369100393022,35.20947808646416,49.79999999999999,14.03624343200492
464,33,2026-04-27,15:27:50.710,49.8,759.842,110,1/1250.0,1.7,0,default,24.0,32.103265,35.209353,5438,32.103699003930224,35.20948108647538,49.79999999999999,14.03624343200492
465,34,2026-04-27,15:27:50.744,49.8,759.842,110,1/1250.0,1.7,0,default,24.0,32.103265,35.209353,5437,32.103699003930224,35.20948108647538,49.79999999999999,14.03624343200492
466,33,2026-04-27,15:27:50.777,49.8,759.842,110,1/1250.0,1.7,0,default,24.0,32.103265,35.209353,5436,32.1036990039302,35.209481086475485,49.79999999999999,14.036243443978774
467,33,2026-04-27,15:27:50.810,49.8,759.842,110,1/1250.0,1.7,0,default,24.0,32.103274,35.209355,5434,32.1037080039302,35.20948308648811,49.79999999999999,14.036243443978774
468,34,2026-04-27,15:27:50.844,49.8,759.842,110,1/1250.0,1.7,0,default,24.0,32.103274,35.209355,5432,32.1037080039302,35.20948308648811,49.79999999999999,14.036243443978774
469,33,2026-04-27,15:27:50.877,49.8,759.842,110,1/1250.0,1.7,0,default,24.0,32.103274,35.209355,5430,32.10370800393013,35.20948308648843,49.79999999999999,14.03624347990033
470,33,2026-04-27,15:27:50.910,49.8,759.842,110,1/1250.0,1.7,0,default,24.0,32.103283,35.209358,5429,32.10371700393013,35.20948608650105,49.79999999999999,14.03624347990033
471,34,2026-04-27,15:27:50.944,49.8,759.842,110,1/1250.0,1.7,0,default,24.0,32.103283,35.209358,5427,32.10371700393013,35.20948608650105,49.79999999999999,14.03624347990033
472,33,2026-04-27,15:27:50.977,49.8,759.842,110,1/1250.0,1.7,0,default,24.0,32.103283,35.209358,5425,32.1037074039198,35.209525004365005,49.79999999999999,18.43494882292201
473,34,2026-04-27,15:27:51.010,49.8,759.842,110,1/1250.0,1.7,0,default,24.0,32.103291,35.20936,5423,32.1037154039198,35.20952700437963,49.79999999999999,18.43494882292201
474,33,2026-04-27,15:27:51.044,49.8,759.842,110,1/1250.0,1.7,0,default,24.0,32.103291,35.20936,5421,32.1037154039198,35.20952700437963,49.79999999999999,18.43494882292201
475,33,2026-04-27,15:27:51.077,49.8,759.842,110,1/1250.0,1.7,0,default,24.0,32.103291,35.20936,5419,32.10370987716798,35.20954543328203,49.79999999999999,20.556045214006602
476,34,2026-04-27,15:27:51.110,49.8,759.842,110,1/1250.0,1.7,0,default,24.0,32.103298,35.209363,5416,32.10371687716798,35.20954843329625,49.79999999999999,20.556045214006602
477,33,2026-04-27,15:27:51.144,49.8,759.842,110,1/1250.0,1.7,0,default,24.0,32.103298,35.209363,5414,32.10371687716798,35.20954843329625,49.79999999999999,20.556045214006602
478,33,2026-04-27,15:27:51.177,49.8,759.842,110,1/1250.0,1.7,0,default,24.0,32.103298,35.209363,5410,32.10371687716798,35.20954843329625,49.79999999999999,20.556045214006602
479,34,2026-04-27,15:27:51.211,49.8,759.842,110,1/1250.0,1.7,0,default,24.0,32.103306,35.209366,5407,32.103724877167984,35.20955143331249,49.79999999999999,20.556045214006602
480,33,2026-04-27,15:27:51.244,49.8,759.842,120,1/1250.0,1.7,0,default,24.0,32.103306,35.209366,5404,32.103724877167984,35.20955143331249,49.79999999999999,20.556045214006602
481,34,2026-04-27,15:27:51.277,49.8,759.842,120,1/1250.0,1.7,0,default,24.0,32.103306,35.209366,5400,32.10371718965032,35.2095740344169,49.79999999999999,23.19859052066734
482,33,2026-04-27,15:27:51.311,49.8,759.842,120,1/1250.0,1.7,0,default,24.0,32.103314,35.209368,5397,32.10372518965031,35.209576034435116,49.79999999999999,23.19859052066734
483,33,2026-04-27,15:27:51.344,49.8,759.842,120,1/1250.0,1.7,0,default,24.0,32.103314,35.209368,5393,32.10372518965031,35.209576034435116,49.79999999999999,23.19859052066734
484,34,2026-04-27,15:27:51.377,49.8,759.842,120,1/1250.0,1.7,0,default,24.0,32.103314,35.209368,5389,32.10372518965031,35.209576034435116,49.79999999999999,23.19859052066734
485,33,2026-04-27,15:27:51.411,49.8,759.842,120,1/1250.0,1.7,0,default,24.0,32.103323,35.209372,5386,32.10373418965032,35.20958003445563,49.79999999999999,23.19859052066734
486,33,2026-04-27,15:27:51.444,49.8,759.842,120,1/1250.0,1.7,0,default,24.0,32.103323,35.209372,5383,32.10373418965032,35.20958003445563,49.79999999999999,23.19859052066734
487,34,2026-04-27,15:27:51.478,49.8,759.842,120,1/1250.0,1.7,0,default,24.0,32.103323,35.209372,5379,32.10373418965023,35.20958003445586,49.79999999999999,23.198590548743965
488,33,2026-04-27,15:27:51.511,49.8,759.842,120,1/1250.0,1.7,0,default,24.0,32.10333,35.209375,5376,32.10374118965023,35.209583034471805,49.79999999999999,23.198590548743965
489,33,2026-04-27,15:27:51.544,49.8,759.842,120,1/1250.0,1.7,0,default,24.0,32.10333,35.209375,5373,32.10374118965023,35.209583034471805,49.79999999999999,23.198590548743965
490,34,2026-04-27,15:27:51.578,49.8,759.842,120,1/1250.0,1.7,0,default,24.0,32.10333,35.209375,5370,32.10373880365868,35.20958948759042,49.79999999999999,23.962488982972225
491,33,2026-04-27,15:27:51.611,49.8,759.842,120,1/1250.0,1.7,0,default,24.0,32.103338,35.209379,5367,32.10374680365868,35.209593487609204,49.79999999999999,23.962488982972225
492,34,2026-04-27,15:27:51.644,49.8,759.842,120,1/1250.0,1.7,0,default,24.0,32.103338,35.209379,5364,32.10374680365868,35.209593487609204,49.79999999999999,23.962488982972225
493,33,2026-04-27,15:27:51.677,49.8,759.842,120,1/1250.0,1.7,0,default,24.0,32.103338,35.209379,5361,32.10373813185294,35.209615179980034,49.79999999999999,26.56505115672244
494,33,2026-04-27,15:27:51.711,49.8,759.842,120,1/1250.0,1.7,0,default,24.0,32.103345,35.209382,5358,32.10374513185294,35.20961817999814,49.79999999999999,26.56505115672244
495,34,2026-04-27,15:27:51.745,49.8,759.842,120,1/1250.0,1.7,0,default,24.0,32.103345,35.209382,5356,32.10374513185294,35.20961817999814,49.79999999999999,26.56505115672244
496,33,2026-04-27,15:27:51.778,49.8,759.842,120,1/1250.0,1.7,0,default,24.0,32.103345,35.209382,5353,32.10374513185294,35.20961817999814,49.79999999999999,26.56505115672244
497,33,2026-04-27,15:27:51.811,49.8,759.842,120,1/1250.0,1.7,0,default,24.0,32.103352,35.209386,5350,32.10375213185294,35.20962218001625,49.79999999999999,26.56505115672244
498,34,2026-04-27,15:27:51.845,49.8,759.842,120,1/1250.0,1.7,0,default,24.0,32.103352,35.209386,5348,32.10375213185294,35.20962218001625,49.79999999999999,26.56505115672244
499,33,2026-04-27,15:27:51.878,49.8,759.842,120,1/1250.0,1.7,0,default,24.0,32.103352,35.209386,5346,32.10375213185294,35.20962218001625,49.79999999999999,26.56505115672244
500,33,2026-04-27,15:27:51.911,49.8,759.842,120,1/1250.0,1.7,0,default,24.0,32.10336,35.20939,5345,32.103760131852944,35.209626180036935,49.79999999999999,26.56505115672244
501,34,2026-04-27,15:27:51.944,49.8,759.842,120,1/1250.0,1.7,0,default,24.0,32.10336,35.20939,5344,32.103760131852944,35.209626180036935,49.79999999999999,26.56505115672244
502,33,2026-04-27,15:27:51.978,49.8,759.842,120,1/1250.0,1.7,0,default,24.0,32.10336,35.20939,5343,32.10376013185287,35.2096261800371,49.79999999999999,26.56505117707799
503,34,2026-04-27,15:27:52.011,49.8,759.842,120,1/1600.0,1.7,0,default,24.0,32.103368,35.209394,5342,32.103768131852874,35.20963018005779,49.79999999999999,26.56505117707799
504,33,2026-04-27,15:27:52.044,49.8,759.842,120,1/1600.0,1.7,0,default,24.0,32.103368,35.209394,5341,32.103768131852874,35.20963018005779,49.79999999999999,26.56505117707799
505,33,2026-04-27,15:27:52.078,49.8,759.842,120,1/1600.0,1.7,0,default,24.0,32.103368,35.209394,5341,32.103768131852874,35.20963018005779,49.79999999999999,26.56505117707799
506,34,2026-04-27,15:27:52.112,49.8,759.842,120,1/1600.0,1.7,0,default,24.0,32.103376,35.209398,5340,32.10377613185287,35.20963418007848,49.79999999999999,26.56505117707799
507,33,2026-04-27,15:27:52.145,49.8,759.842,120,1/1600.0,1.7,0,default,24.0,32.103376,35.209398,5339,32.10377613185287,35.20963418007848,49.79999999999999,26.56505117707799
508,33,2026-04-27,15:27:52.178,49.8,759.842,120,1/1600.0,1.7,0,default,24.0,32.103376,35.209398,5338,32.10377613185287,35.20963418007848,49.79999999999999,26.56505117707799
509,34,2026-04-27,15:27:52.212,49.8,759.842,120,1/1600.0,1.7,0,default,24.0,32.103383,35.209402,5337,32.10378313185287,35.209638180096576,49.79999999999999,26.56505117707799
510,33,2026-04-27,15:27:52.245,49.8,759.842,120,1/1600.0,1.7,0,default,24.0,32.103383,35.209402,5336,32.10378313185287,35.209638180096576,49.79999999999999,26.56505117707799
511,34,2026-04-27,15:27:52.278,49.8,759.842,120,1/1600.0,1.7,0,default,24.0,32.103383,35.209402,5335,32.1037831318528,35.209638180096746,49.79999999999999,26.565051197433544
512,33,2026-04-27,15:27:52.312,49.8,759.842,120,1/1600.0,1.7,0,default,24.0,32.103391,35.209406,5335,32.1037911318528,35.20964218011744,49.79999999999999,26.565051197433544
513,33,2026-04-27,15:27:52.345,49.8,759.842,120,1/1600.0,1.7,0,default,24.0,32.103391,35.209406,5335,32.1037911318528,35.20964218011744,49.79999999999999,26.565051197433544
514,34,2026-04-27,15:27:52.378,49.8,759.842,120,1/1600.0,1.7,0,default,24.0,32.103391,35.209406,5334,32.1037911318528,35.20964218011744,49.79999999999999,26.565051197433544
515,33,2026-04-27,15:27:52.412,49.8,759.842,120,1/1600.0,1.7,0,default,24.0,32.103398,35.20941,5334,32.1037981318528,35.20964618013554,49.79999999999999,26.565051197433544
516,33,2026-04-27,15:27:52.445,49.8,759.842,120,1/1600.0,1.7,0,default,24.0,32.103398,35.20941,5334,32.1037981318528,35.20964618013554,49.79999999999999,26.565051197433544
517,34,2026-04-27,15:27:52.478,49.8,759.842,120,1/1600.0,1.7,0,default,24.0,32.103398,35.20941,5334,32.1037981318528,35.20964618013554,49.79999999999999,26.565051197433544
518,33,2026-04-27,15:27:52.512,49.8,759.842,120,1/1600.0,1.7,0,default,24.0,32.103406,35.209414,5334,32.1038061318528,35.20965018015623,49.79999999999999,26.565051197433544
519,33,2026-04-27,15:27:52.545,49.8,759.842,120,1/1600.0,1.7,0,default,24.0,32.103406,35.209414,5334,32.1038061318528,35.20965018015623,49.79999999999999,26.565051197433544
520,34,2026-04-27,15:27:52.579,49.8,759.842,120,1/1600.0,1.7,0,default,24.0,32.103406,35.209414,5334,32.10379706388328,35.209670475260154,49.79999999999999,29.054604091395806
521,33,2026-04-27,15:27:52.612,49.8,759.842,120,1/1600.0,1.7,0,default,24.0,32.103414,35.209418,5334,32.10380506388328,35.20967447528262,49.79999999999999,29.054604091395806
522,34,2026-04-27,15:27:52.644,49.8,759.842,120,1/1600.0,1.7,0,default,24.0,32.103414,35.209418,5334,32.10380506388328,35.20967447528262,49.79999999999999,29.054604091395806
523,33,2026-04-27,15:27:52.679,49.8,759.842,120,1/1600.0,1.7,0,default,24.0,32.103414,35.209418,5334,32.10380506388328,35.20967447528262,49.79999999999999,29.054604091395806
524,33,2026-04-27,15:27:52.712,49.8,759.842,120,1/1600.0,1.7,0,default,24.0,32.103422,35.209423,5334,32.10381306388328,35.20967947530509,49.79999999999999,29.054604091395806
525,34,2026-04-27,15:27:52.746,49.8,759.842,120,1/1600.0,1.7,0,default,24.0,32.103422,35.209423,5334,32.10381306388328,35.20967947530509,49.79999999999999,29.054604091395806
526,33,2026-04-27,15:27:52.779,49.8,759.842,120,1/1600.0,1.7,0,default,24.0,32.103422,35.209423,5334,32.10381306388328,35.20967947530509,49.79999999999999,29.054604091395806
527,33,2026-04-27,15:27:52.811,49.8,759.842,120,1/1600.0,1.7,0,default,24.0,32.10343,35.209428,5334,32.10382106388328,35.209684475327556,49.79999999999999,29.054604091395806
528,34,2026-04-27,15:27:52.846,49.8,759.842,120,1/1600.0,1.7,0,default,24.0,32.10343,35.209428,5334,32.10382106388328,35.209684475327556,49.79999999999999,29.054604091395806
529,33,2026-04-27,15:27:52.879,49.8,759.842,120,1/1600.0,1.7,0,default,24.0,32.10343,35.209428,5334,32.10382106388328,35.209684475327556,49.79999999999999,29.054604091395806
530,33,2026-04-27,15:27:52.912,49.8,759.842,120,1/1600.0,1.7,0,default,24.0,32.103438,35.209432,5334,32.103829063883275,35.20968847535002,49.79999999999999,29.054604091395806
531,34,2026-04-27,15:27:52.946,49.8,759.842,120,1/1600.0,1.7,0,default,24.0,32.103438,35.209432,5334,32.103829063883275,35.20968847535002,49.79999999999999,29.054604091395806
532,33,2026-04-27,15:27:52.979,49.8,759.842,120,1/1600.0,1.7,0,default,24.0,32.103438,35.209432,5334,32.1038264181304,35.20969401844938,49.79999999999999,29.74488126562599
533,34,2026-04-27,15:27:53.012,49.8,759.842,120,1/1600.0,1.7,0,default,24.0,32.103446,35.209437,5334,32.103834418130404,35.209699018472335,49.79999999999999,29.74488126562599
534,33,2026-04-27,15:27:53.045,49.8,759.842,120,1/1600.0,1.7,0,default,24.0,32.103446,35.209437,5334,32.103834418130404,35.209699018472335,49.79999999999999,29.74488126562599
535,33,2026-04-27,15:27:53.079,49.8,759.842,120,1/1600.0,1.7,0,default,24.0,32.103446,35.209437,5334,32.103834418130305,35.20969901847254,49.79999999999999,29.74488129067898
536,34,2026-04-27,15:27:53.112,49.8,759.842,120,1/1600.0,1.7,0,default,24.0,32.103454,35.209442,5334,32.103842418130306,35.20970401849549,49.79999999999999,29.74488129067898
537,33,2026-04-27,15:27:53.146,49.8,759.842,120,1/1600.0,1.7,0,default,24.0,32.103454,35.209442,5334,32.103842418130306,35.20970401849549,49.79999999999999,29.74488129067898
538,33,2026-04-27,15:27:53.179,49.8,759.842,120,1/1600.0,1.7,0,default,24.0,32.103454,35.209442,5334,32.103842418130306,35.20970401849549,49.79999999999999,29.74488129067898
539,34,2026-04-27,15:27:53.213,49.8,759.842,120,1/1600.0,1.7,0,default,24.0,32.103462,35.209446,5334,32.10385041813031,35.20970801851844,49.79999999999999,29.74488129067898
540,33,2026-04-27,15:27:53.246,49.8,759.842,120,1/1600.0,1.7,0,default,24.0,32.103462,35.209446,5333,32.10385041813031,35.20970801851844,49.79999999999999,29.74488129067898
541,34,2026-04-27,15:27:53.279,49.8,759.842,120,1/1600.0,1.7,0,default,24.0,32.103462,35.209446,5333,32.103850418130136,35.209708018518796,49.79999999999999,29.744881334521704
542,33,2026-04-27,15:27:53.313,49.8,759.842,120,1/1600.0,1.7,0,default,24.0,32.103469,35.20945,5333,32.10385741813013,35.20971201853887,49.79999999999999,29.744881334521704
543,33,2026-04-27,15:27:53.346,49.8,759.842,120,1/1600.0,1.7,0,default,24.0,32.103469,35.20945,5333,32.10385741813013,35.20971201853887,49.79999999999999,29.744881334521704
544,34,2026-04-27,15:27:53.379,49.8,759.842,120,1/1600.0,1.7,0,default,24.0,32.103469,35.20945,5333,32.10385260890264,35.20972171305348,49.79999999999999,30.96375652009967
545,33,2026-04-27,15:27:53.413,49.8,759.842,120,1/1600.0,1.7,0,default,24.0,32.103478,35.209455,5333,32.10386160890265,35.20972671308026,49.79999999999999,30.96375652009967
546,33,2026-04-27,15:27:53.446,49.8,759.842,120,1/1600.0,1.7,0,default,24.0,32.103478,35.209455,5333,32.10386160890265,35.20972671308026,49.79999999999999,30.96375652009967
547,34,2026-04-27,15:27:53.479,49.8,759.842,120,1/1600.0,1.7,0,default,24.0,32.103478,35.209455,5333,32.103857361379006,35.20973490054937,49.79999999999999,32.005383212657776
548,33,2026-04-27,15:27:53.512,49.8,759.842,120,1/1600.0,1.7,0,default,24.0,32.103486,35.20946,5333,32.103865361379,35.20973990057389,49.79999999999999,32.005383212657776
549,33,2026-04-27,15:27:53.546,49.8,759.842,120,1/1600.0,1.7,0,default,24.0,32.103486,35.20946,5333,32.103865361379,35.20973990057389,49.79999999999999,32.005383212657776
550,34,2026-04-27,15:27:53.580,49.8,759.842,120,1/1600.0,1.7,0,default,24.0,32.103486,35.20946,5333,32.103865361379,35.20973990057389,49.79999999999999,32.005383212657776
551,33,2026-04-27,15:27:53.613,49.8,759.842,120,1/1600.0,1.7,0,default,24.0,32.103495,35.209465,5333,32.103874361379006,35.20974490060147,49.79999999999999,32.005383212657776
552,34,2026-04-27,15:27:53.646,49.8,759.842,120,1/1600.0,1.7,0,default,24.0,32.103495,35.209465,5333,32.103874361379006,35.20974490060147,49.79999999999999,32.005383212657776
553,33,2026-04-27,15:27:53.679,49.8,759.842,120,1/1600.0,1.7,0,default,24.0,32.103495,35.209465,5333,32.103874361379006,35.20974490060147,49.79999999999999,32.005383212657776
554,33,2026-04-27,15:27:53.713,49.8,759.842,120,1/1600.0,1.7,0,default,24.0,32.103502,35.20947,5333,32.103881361379,35.20974990062293,49.79999999999999,32.005383212657776
555,34,2026-04-27,15:27:53.747,49.8,759.842,120,1/1600.0,1.7,0,default,24.0,32.103502,35.20947,5333,32.103881361379,35.20974990062293,49.79999999999999,32.005383212657776
556,33,2026-04-27,15:27:53.780,49.8,759.842,120,1/1600.0,1.7,0,default,24.0,32.103502,35.20947,5333,32.103881361379,35.20974990062293,49.79999999999999,32.005383212657776
557,33,2026-04-27,15:27:53.813,49.8,759.842,120,1/1600.0,1.7,0,default,24.0,32.103511,35.209475,5333,32.103890361379,35.20975490065051,49.79999999999999,32.005383212657776
558,34,2026-04-27,15:27:53.846,49.8,759.842,120,1/1600.0,1.7,0,default,24.0,32.103511,35.209475,5333,32.103890361379,35.20975490065051,49.79999999999999,32.005383212657776
559,33,2026-04-27,15:27:53.880,49.8,759.842,120,1/1600.0,1.7,0,default,24.0,32.103511,35.209475,5332,32.103890361379,35.20975490065051,49.79999999999999,32.005383212657776
560,33,2026-04-27,15:27:53.912,49.8,759.842,120,1/1600.0,1.7,0,default,24.0,32.10352,35.209481,5331,32.10389936137901,35.20976090067809,49.79999999999999,32.005383212657776
561,34,2026-04-27,15:27:53.947,49.8,759.842,120,1/1600.0,1.7,0,default,24.0,32.10352,35.209481,5331,32.10389936137901,35.20976090067809,49.79999999999999,32.005383212657776
562,33,2026-04-27,15:27:53.980,49.8,759.842,120,1/1600.0,1.7,0,default,24.0,32.10352,35.209481,5330,32.10389936137901,35.20976090067809,49.79999999999999,32.005383212657776
563,34,2026-04-27,15:27:54.013,49.8,759.842,120,1/1600.0,1.7,0,default,24.0,32.103527,35.209485,5329,32.103906361379,35.209764900699554,49.79999999999999,32.005383212657776
564,33,2026-04-27,15:27:54.046,49.8,759.842,120,1/1600.0,1.7,0,default,24.0,32.103527,35.209485,5328,32.103906361379,35.209764900699554,49.79999999999999,32.005383212657776
565,33,2026-04-27,15:27:54.080,49.8,759.842,120,1/1600.0,1.7,0,default,24.0,32.103527,35.209485,5328,32.103906361379,35.209764900699554,49.79999999999999,32.005383212657776
566,34,2026-04-27,15:27:54.114,49.8,759.842,120,1/1600.0,1.7,0,default,24.0,32.103537,35.209491,5327,32.10391636137901,35.2097709007302,49.79999999999999,32.005383212657776
567,33,2026-04-27,15:27:54.147,49.8,759.842,120,1/1600.0,1.7,0,default,24.0,32.103537,35.209491,5327,32.10391636137901,35.2097709007302,49.79999999999999,32.005383212657776
568,33,2026-04-27,15:27:54.179,49.8,759.842,120,1/1600.0,1.7,0,default,24.0,32.103537,35.209491,5326,32.10391636137901,35.2097709007302,49.79999999999999,32.005383212657776
569,34,2026-04-27,15:27:54.214,49.8,759.842,120,1/1600.0,1.7,0,default,24.0,32.103545,35.209496,5326,32.103924361379,35.20977590075472,49.79999999999999,32.005383212657776
570,33,2026-04-27,15:27:54.247,49.8,759.842,120,1/1600.0,1.7,0,default,24.0,32.103545,35.209496,5326,32.103924361379,35.20977590075472,49.79999999999999,32.005383212657776
571,34,2026-04-27,15:27:54.280,49.8,759.842,120,1/1600.0,1.7,0,default,24.0,32.103545,35.209496,5326,32.10392436137891,35.2097759007549,49.79999999999999,32.00538323552919
572,33,2026-04-27,15:27:54.314,49.8,759.842,120,1/1600.0,1.7,0,default,24.0,32.103553,35.209502,5326,32.10393236137891,35.20978190077942,49.79999999999999,32.00538323552919
573,33,2026-04-27,15:27:54.346,49.8,759.842,120,1/1600.0,1.7,0,default,24.0,32.103553,35.209502,5326,32.10393236137891,35.20978190077942,49.79999999999999,32.00538323552919
574,34,2026-04-27,15:27:54.380,49.8,759.842,120,1/1600.0,1.7,0,default,24.0,32.103553,35.209502,5326,32.10393236137891,35.20978190077942,49.79999999999999,32.00538323552919
575,33,2026-04-27,15:27:54.414,49.8,759.842,120,1/1600.0,1.7,0,default,24.0,32.103561,35.209507,5325,32.10394036137891,35.209786900803934,49.79999999999999,32.00538323552919
576,33,2026-04-27,15:27:54.447,49.8,759.842,120,1/1600.0,1.7,0,default,24.0,32.103561,35.209507,5325,32.10394036137891,35.209786900803934,49.79999999999999,32.00538323552919
577,34,2026-04-27,15:27:54.481,49.8,759.842,120,1/1600.0,1.7,0,default,24.0,32.103561,35.209507,5324,32.10393322686138,35.20979994592676,49.79999999999999,33.6900675051023
578,33,2026-04-27,15:27:54.514,49.8,759.842,120,1/1600.0,1.7,0,default,24.0,32.10357,35.209513,5324,32.10394222686138,35.20980594595564,49.79999999999999,33.6900675051023
579,33,2026-04-27,15:27:54.546,49.8,759.842,120,1/1600.0,1.7,0,default,24.0,32.10357,35.209513,5324,32.10394222686138,35.20980594595564,49.79999999999999,33.6900675051023
580,34,2026-04-27,15:27:54.581,49.8,759.842,120,1/1600.0,1.7,0,default,24.0,32.10357,35.209513,5324,32.10394222686138,35.20980594595564,49.79999999999999,33.6900675051023
581,33,2026-04-27,15:27:54.614,49.8,759.842,120,1/1600.0,1.7,0,default,24.0,32.103579,35.209519,5324,32.10395122686138,35.209811945984505,49.79999999999999,33.6900675051023
582,34,2026-04-27,15:27:54.646,49.8,759.842,120,1/1600.0,1.7,0,default,24.0,32.103579,35.209519,5324,32.10395122686138,35.209811945984505,49.79999999999999,33.6900675051023
583,33,2026-04-27,15:27:54.680,49.8,759.842,120,1/1600.0,1.7,0,default,24.0,32.103579,35.209519,5324,32.10395122686129,35.20981194598466,49.79999999999999,33.690067525979785
584,33,2026-04-27,15:27:54.714,49.8,759.842,120,1/1600.0,1.7,0,default,24.0,32.103588,35.209525,5324,32.10396022686129,35.20981794601353,49.79999999999999,33.690067525979785
585,34,2026-04-27,15:27:54.747,49.8,759.842,120,1/1600.0,1.7,0,default,24.0,32.103588,35.209525,5323,32.10396022686129,35.20981794601353,49.79999999999999,33.690067525979785
586,33,2026-04-27,15:27:54.781,49.8,759.842,120,1/1600.0,1.7,0,default,24.0,32.103588,35.209525,5323,32.10396022686129,35.20981794601353,49.79999999999999,33.690067525979785
587,33,2026-04-27,15:27:54.814,49.8,759.842,120,1/1600.0,1.7,0,default,24.0,32.103596,35.20953,5322,32.10396822686129,35.209822946039196,49.79999999999999,33.690067525979785
588,34,2026-04-27,15:27:54.848,49.8,759.842,120,1/1600.0,1.7,0,default,24.0,32.103596,35.20953,5322,32.10396822686129,35.209822946039196,49.79999999999999,33.690067525979785
589,33,2026-04-27,15:27:54.881,49.8,759.842,120,1/1600.0,1.7,0,default,24.0,32.103596,35.20953,5322,32.10396822686129,35.209822946039196,49.79999999999999,33.690067525979785
590,33,2026-04-27,15:27:54.914,49.8,759.842,120,1/1600.0,1.7,0,default,24.0,32.103603,35.209536,5322,32.10397522686129,35.20982894606165,49.79999999999999,33.690067525979785
591,34,2026-04-27,15:27:54.948,49.8,759.842,120,1/1600.0,1.7,0,default,24.0,32.103603,35.209536,5322,32.10397522686129,35.20982894606165,49.79999999999999,33.690067525979785
592,33,2026-04-27,15:27:54.981,49.8,759.842,120,1/1600.0,1.7,0,default,24.0,32.103603,35.209536,5322,32.10396088880923,35.209852869613805,49.79999999999999,36.869897637701804
593,34,2026-04-27,15:27:55.014,49.8,759.842,120,1/1600.0,1.7,0,default,24.0,32.103613,35.209542,5322,32.103970888809236,35.2098588696485,49.79999999999999,36.869897637701804
594,33,2026-04-27,15:27:55.047,49.8,759.842,120,1/1600.0,1.7,0,default,24.0,32.103613,35.209542,5322,32.103970888809236,35.2098588696485,49.79999999999999,36.869897637701804
595,33,2026-04-27,15:27:55.081,49.8,759.842,120,1/1600.0,1.7,0,default,24.0,32.103613,35.209542,5322,32.103970888809236,35.2098588696485,49.79999999999999,36.869897637701804
596,34,2026-04-27,15:27:55.114,49.8,759.842,120,1/1600.0,1.7,0,default,24.0,32.103621,35.209549,5323,32.10397888880923,35.209865869676264,49.79999999999999,36.869897637701804
597,33,2026-04-27,15:27:55.148,49.8,759.842,120,1/1600.0,1.7,0,default,24.0,32.103621,35.209549,5323,32.10397888880923,35.209865869676264,49.79999999999999,36.869897637701804
598,33,2026-04-27,15:27:55.181,49.8,759.842,120,1/1600.0,1.7,0,default,24.0,32.103621,35.209549,5324,32.10397888880923,35.209865869676264,49.79999999999999,36.869897637701804
599,34,2026-04-27,15:27:55.215,49.8,759.842,120,1/1600.0,1.7,0,default,24.0,32.103629,35.209554,5324,32.10398688880923,35.20987086970401,49.79999999999999,36.869897637701804
600,33,2026-04-27,15:27:55.247,49.8,759.842,120,1/1600.0,1.7,0,default,24.0,32.103629,35.209554,5325,32.10398688880923,35.20987086970401,49.79999999999999,36.869897637701804
601,34,2026-04-27,15:27:55.280,49.8,759.842,120,1/1600.0,1.7,0,default,24.0,32.103629,35.209554,5325,32.10398688880923,35.20987086970401,49.79999999999999,36.869897637701804
602,33,2026-04-27,15:27:55.315,49.8,759.842,120,1/1600.0,1.7,0,default,24.0,32.103638,35.209561,5326,32.10399588880923,35.209877869735244,49.79999999999999,36.869897637701804
603,33,2026-04-27,15:27:55.348,49.8,759.842,120,1/1600.0,1.7,0,default,24.0,32.103638,35.209561,5326,32.10399588880923,35.209877869735244,49.79999999999999,36.869897637701804
604,34,2026-04-27,15:27:55.381,49.8,759.842,120,1/1600.0,1.7,0,default,24.0,32.103638,35.209561,5327,32.103991125406296,35.209885231999635,49.79999999999999,37.874983669887946
605,33,2026-04-27,15:27:55.415,49.8,759.842,120,1/1600.0,1.7,0,default,24.0,32.103646,35.209567,5328,32.1039991254063,35.209891232028035,49.79999999999999,37.874983669887946
606,33,2026-04-27,15:27:55.448,49.8,759.842,120,1/1600.0,1.7,0,default,24.0,32.103646,35.209567,5329,32.1039991254063,35.209891232028035,49.79999999999999,37.874983669887946
607,34,2026-04-27,15:27:55.482,49.8,759.842,120,1/1600.0,1.7,0,default,24.0,32.103646,35.209567,5330,32.103985661801566,35.20991069351392,49.79999999999999,40.60129465458355
608,33,2026-04-27,15:27:55.514,49.8,759.842,120,1/1600.0,1.7,0,default,24.0,32.103654,35.209573,5331,32.10399366180157,35.209916693544024,49.79999999999999,40.60129465458355
609,33,2026-04-27,15:27:55.548,49.8,759.842,120,1/1600.0,1.7,0,default,24.0,32.103654,35.209573,5332,32.10399366180157,35.209916693544024,49.79999999999999,40.60129465458355
610,34,2026-04-27,15:27:55.581,49.8,759.842,120,1/1600.0,1.7,0,default,24.0,32.103654,35.209573,5333,32.10399067347146,35.20992076702879,49.79999999999999,41.18592514769588
611,33,2026-04-27,15:27:55.615,49.8,759.842,120,1/1600.0,1.7,0,default,24.0,32.103662,35.20958,5335,32.10399867347146,35.209927767059256,49.79999999999999,41.18592514769588
612,34,2026-04-27,15:27:55.648,49.8,759.842,120,1/1600.0,1.7,0,default,24.0,32.103662,35.20958,5337,32.10399867347146,35.209927767059256,49.79999999999999,41.18592514769588
613,33,2026-04-27,15:27:55.682,49.8,759.842,120,1/1600.0,1.7,0,default,24.0,32.103662,35.20958,5339,32.10399867347132,35.209927767059455,49.79999999999999,41.185925176517905
614,33,2026-04-27,15:27:55.714,49.8,759.842,120,1/1600.0,1.7,0,default,24.0,32.10367,35.209587,5341,32.10400667347132,35.20993476708992,49.79999999999999,41.185925176517905
615,34,2026-04-27,15:27:55.748,49.8,759.842,120,1/1600.0,1.7,0,default,24.0,32.10367,35.209587,5343,32.10400667347132,35.20993476708992,49.79999999999999,41.185925176517905
616,33,2026-04-27,15:27:55.782,49.8,759.842,120,1/1600.0,1.7,0,default,24.0,32.10367,35.209587,5344,32.10400667347132,35.20993476708992,49.79999999999999,41.185925176517905
617,33,2026-04-27,15:27:55.815,49.8,759.842,120,1/1600.0,1.7,0,default,24.0,32.103678,35.209593,5346,32.10401467347132,35.20994076712038,49.79999999999999,41.185925176517905
618,34,2026-04-27,15:27:55.849,49.8,759.842,120,1/1600.0,1.7,0,default,24.0,32.103678,35.209593,5348,32.10401467347132,35.20994076712038,49.79999999999999,41.185925176517905
619,33,2026-04-27,15:27:55.882,49.8,759.842,110,1/1600.0,1.7,0,default,24.0,32.103678,35.209593,5350,32.104014673471184,35.20994076712056,49.79999999999999,41.18592520173717
620,33,2026-04-27,15:27:55.915,49.8,759.842,120,1/1600.0,1.7,0,default,24.0,32.103686,35.2096,5352,32.104022673471185,35.20994776715103,49.79999999999999,41.18592520173717
621,34,2026-04-27,15:27:55.948,49.8,759.842,120,1/1600.0,1.7,0,default,24.0,32.103686,35.2096,5354,32.104022673471185,35.20994776715103,49.79999999999999,41.18592520173717
622,33,2026-04-27,15:27:55.982,49.8,759.842,120,1/1600.0,1.7,0,default,24.0,32.103686,35.2096,5356,32.10400233200503,35.2099734347604,49.79999999999999,44.999999970920655
623,34,2026-04-27,15:27:56.015,49.8,759.842,120,1/1600.0,1.7,0,default,24.0,32.103693,35.209607,5359,32.10400933200503,35.209980434789024,49.79999999999999,44.999999970920655
624,33,2026-04-27,15:27:56.048,49.8,759.842,120,1/1600.0,1.7,0,default,24.0,32.103693,35.209607,5361,32.10400933200503,35.209980434789024,49.79999999999999,44.999999970920655
625,33,2026-04-27,15:27:56.082,49.8,759.842,120,1/1600.0,1.7,0,default,24.0,32.103693,35.209607,5363,32.104009332004864,35.20998043478921,49.79999999999999,45.0
626,34,2026-04-27,15:27:56.115,49.8,759.842,120,1/1600.0,1.7,0,default,24.0,32.1037,35.209614,5364,32.10401633200487,35.20998743481784,49.79999999999999,45.0
627,33,2026-04-27,15:27:56.149,49.8,759.842,110,1/1600.0,1.7,0,default,24.0,32.1037,35.209614,5365,32.10401633200487,35.20998743481784,49.79999999999999,45.0
628,33,2026-04-27,15:27:56.182,49.8,759.842,110,1/1600.0,1.7,0,default,24.0,32.1037,35.209614,5366,32.10401633200487,35.20998743481784,49.79999999999999,45.0
629,34,2026-04-27,15:27:56.215,49.8,759.842,120,1/1600.0,1.7,0,default,24.0,32.103707,35.209621,5367,32.104023332004864,35.20999443484646,49.79999999999999,45.0
630,33,2026-04-27,15:27:56.249,49.8,759.842,120,1/1600.0,1.7,0,default,24.0,32.103707,35.209621,5368,32.104023332004864,35.20999443484646,49.79999999999999,45.0
631,34,2026-04-27,15:27:56.282,49.8,759.842,110,1/1600.0,1.7,0,default,24.0,32.103707,35.209621,5369,32.104023332004864,35.20999443484646,49.79999999999999,45.0
632,33,2026-04-27,15:27:56.316,49.8,759.842,110,1/1600.0,1.7,0,default,24.0,32.103714,35.209628,5370,32.10403033200486,35.21000143487509,49.79999999999999,45.0
633,33,2026-04-27,15:27:56.349,49.8,759.842,120,1/1600.0,1.7,0,default,24.0,32.103714,35.209628,5371,32.10403033200486,35.21000143487509,49.79999999999999,45.0
634,34,2026-04-27,15:27:56.382,49.8,759.842,120,1/1600.0,1.7,0,default,24.0,32.103714,35.209628,5371,32.10403033200486,35.21000143487509,49.79999999999999,45.0
635,33,2026-04-27,15:27:56.416,49.8,759.842,110,1/1600.0,1.7,0,default,24.0,32.103721,35.209635,5372,32.104037332004864,35.210008434903706,49.79999999999999,45.0
636,33,2026-04-27,15:27:56.449,49.8,759.842,110,1/1600.0,1.7,0,default,24.0,32.103721,35.209635,5373,32.104037332004864,35.210008434903706,49.79999999999999,45.0
637,34,2026-04-27,15:27:56.483,49.8,759.842,120,1/1600.0,1.7,0,default,24.0,32.103721,35.209635,5374,32.1040373320047,35.2100084349039,49.79999999999999,45.00000002907936
638,33,2026-04-27,15:27:56.516,49.8,759.842,120,1/1600.0,1.7,0,default,24.0,32.103728,35.209643,5375,32.1040443320047,35.21001643493252,49.79999999999999,45.00000002907936
639,33,2026-04-27,15:27:56.549,49.8,759.842,110,1/1600.0,1.7,0,default,24.0,32.103728,35.209643,5376,32.1040443320047,35.21001643493252,49.79999999999999,45.00000002907936
640,34,2026-04-27,15:27:56.583,49.8,759.842,110,1/1600.0,1.7,0,default,24.0,32.103728,35.209643,5377,32.10402258928751,35.21004044835503,49.79999999999999,48.8140748234821
641,33,2026-04-27,15:27:56.616,49.8,759.842,110,1/1600.0,1.7,0,default,24.0,32.103736,35.209651,5378,32.10403058928751,35.21004844838985,49.79999999999999,48.8140748234821
642,34,2026-04-27,15:27:56.649,49.8,759.842,110,1/1600.0,1.7,0,default,24.0,32.103736,35.209651,5379,32.10403058928751,35.21004844838985,49.79999999999999,48.8140748234821
643,33,2026-04-27,15:27:56.683,49.8,759.842,110,1/1600.0,1.7,0,default,24.0,32.103736,35.209651,5381,32.10403058928734,35.210048448390026,49.79999999999999,48.81407485230412
644,33,2026-04-27,15:27:56.716,49.8,759.842,110,1/1600.0,1.7,0,default,24.0,32.103741,35.209658,5382,32.10403558928734,35.21005544841178,49.79999999999999,48.81407485230412
645,34,2026-04-27,15:27:56.749,49.8,759.842,110,1/1600.0,1.7,0,default,24.0,32.103741,35.209658,5383,32.10403558928734,35.21005544841178,49.79999999999999,48.81407485230412
646,33,2026-04-27,15:27:56.783,49.8,759.842,110,1/1600.0,1.7,0,default,24.0,32.103741,35.209658,5384,32.10403558928734,35.21005544841178,49.79999999999999,48.81407485230412
647,33,2026-04-27,15:27:56.816,49.8,759.842,110,1/1250.0,1.7,0,default,24.0,32.103748,35.209666,5385,32.104042589287346,35.21006344844225,49.79999999999999,48.81407485230412
648,34,2026-04-27,15:27:56.850,49.8,759.842,110,1/1250.0,1.7,0,default,24.0,32.103748,35.209666,5386,32.104042589287346,35.21006344844225,49.79999999999999,48.81407485230412
649,33,2026-04-27,15:27:56.882,49.8,759.842,110,1/1250.0,1.7,0,default,24.0,32.103748,35.209666,5387,32.1040164166072,35.210088493489025,49.79999999999999,53.13010230530265
650,33,2026-04-27,15:27:56.916,49.8,759.842,110,1/1250.0,1.7,0,default,24.0,32.103755,35.209674,5389,32.1040234166072,35.21009649352141,49.79999999999999,53.13010230530265
651,34,2026-04-27,15:27:56.950,49.8,759.842,110,1/1250.0,1.7,0,default,24.0,32.103755,35.209674,5390,32.1040234166072,35.21009649352141,49.79999999999999,53.13010230530265
652,33,2026-04-27,15:27:56.982,49.8,759.842,110,1/1250.0,1.7,0,default,24.0,32.103755,35.209674,5391,32.10402341660684,35.210096493521725,49.79999999999999,53.13010236229819
653,34,2026-04-27,15:27:57.016,49.8,759.842,110,1/1250.0,1.7,0,default,24.0,32.103761,35.209682,5392,32.10402941660684,35.21010449354949,49.79999999999999,53.13010236229819
654,33,2026-04-27,15:27:57.049,49.8,759.842,110,1/1250.0,1.7,0,default,24.0,32.103761,35.209682,5394,32.10402941660684,35.21010449354949,49.79999999999999,53.13010236229819
655,33,2026-04-27,15:27:57.083,49.8,759.842,110,1/1250.0,1.7,0,default,24.0,32.103761,35.209682,5395,32.10402941660684,35.21010449354949,49.79999999999999,53.13010236229819
656,34,2026-04-27,15:27:57.117,49.8,759.842,110,1/1250.0,1.7,0,default,24.0,32.103767,35.20969,5397,32.10403541660684,35.21011249357725,49.79999999999999,53.13010236229819
657,33,2026-04-27,15:27:57.150,49.8,759.842,110,1/1250.0,1.7,0,default,24.0,32.103767,35.20969,5399,32.10403541660684,35.21011249357725,49.79999999999999,53.13010236229819
658,33,2026-04-27,15:27:57.182,49.8,759.842,110,1/1250.0,1.7,0,default,24.0,32.103767,35.20969,5400,32.10403541660684,35.21011249357725,49.79999999999999,53.13010236229819
659,34,2026-04-27,15:27:57.217,49.8,759.842,110,1/1250.0,1.7,0,default,24.0,32.103773,35.209698,5402,32.10404141660684,35.210120493605004,49.79999999999999,53.13010236229819
660,33,2026-04-27,15:27:57.250,49.8,759.842,110,1/1250.0,1.7,0,default,24.0,32.103773,35.209698,5403,32.10404141660684,35.210120493605004,49.79999999999999,53.13010236229819
661,34,2026-04-27,15:27:57.283,49.8,759.842,110,1/1250.0,1.7,0,default,24.0,32.103773,35.209698,5406,32.10404141660684,35.210120493605004,49.79999999999999,53.13010236229819
662,33,2026-04-27,15:27:57.317,49.8,759.842,110,1/1250.0,1.7,0,default,24.0,32.103779,35.209706,5408,32.104047416606846,35.21012849363276,49.79999999999999,53.13010236229819
663,33,2026-04-27,15:27:57.350,49.8,759.842,110,1/1250.0,1.7,0,default,24.0,32.103779,35.209706,5410,32.104047416606846,35.21012849363276,49.79999999999999,53.13010236229819
664,34,2026-04-27,15:27:57.383,49.8,759.842,110,1/1250.0,1.7,0,default,24.0,32.103779,35.209706,5413,32.104039023306406,35.21013574651277,49.79999999999999,54.46232218601962
665,33,2026-04-27,15:27:57.417,49.8,759.842,110,1/1250.0,1.7,0,default,24.0,32.103784,35.209714,5416,32.1040440233064,35.210143746536296,49.79999999999999,54.46232218601962
666,33,2026-04-27,15:27:57.450,49.8,759.842,110,1/1250.0,1.7,0,default,24.0,32.103784,35.209714,5418,32.1040440233064,35.210143746536296,49.79999999999999,54.46232218601962
667,34,2026-04-27,15:27:57.484,49.8,759.842,110,1/1250.0,1.7,0,default,24.0,32.103784,35.209714,5421,32.10403215124086,35.210153419963376,49.79999999999999,56.309932474020215
668,33,2026-04-27,15:27:57.517,49.8,759.842,120,1/1250.0,1.7,0,default,24.0,32.10379,35.209723,5424,32.10403815124086,35.210162419992244,49.79999999999999,56.309932474020215
669,33,2026-04-27,15:27:57.550,49.8,759.842,120,1/1250.0,1.7,0,default,24.0,32.10379,35.209723,5426,32.10403815124086,35.210162419992244,49.79999999999999,56.309932474020215
670,34,2026-04-27,15:27:57.584,49.8,759.842,120,1/1250.0,1.7,0,default,24.0,32.10379,35.209723,5428,32.10402710086191,35.210170842408914,49.79999999999999,57.99461678734223
671,33,2026-04-27,15:27:57.617,49.8,759.842,120,1/1250.0,1.7,0,default,24.0,32.103795,35.209731,5431,32.104032100861915,35.21017884243343,49.79999999999999,57.99461678734223
672,34,2026-04-27,15:27:57.650,49.8,759.842,120,1/1250.0,1.7,0,default,24.0,32.103795,35.209731,5433,32.104032100861915,35.21017884243343,49.79999999999999,57.99461678734223
673,33,2026-04-27,15:27:57.684,49.8,759.842,120,1/1250.0,1.7,0,default,24.0,32.103795,35.209731,5436,32.104032100861915,35.21017884243343,49.79999999999999,57.99461678734223
674,33,2026-04-27,15:27:57.717,49.8,759.842,120,1/1250.0,1.7,0,default,24.0,32.103801,35.209739,5437,32.104038100861914,35.21018684246285,49.79999999999999,57.99461678734223
675,34,2026-04-27,15:27:57.750,49.8,759.842,120,1/1250.0,1.7,0,default,24.0,32.103801,35.209739,5439,32.104038100861914,35.21018684246285,49.79999999999999,57.99461678734223
676,33,2026-04-27,15:27:57.783,49.8,759.842,120,1/1250.0,1.7,0,default,24.0,32.103801,35.209739,5441,32.10403810086167,35.21018684246304,49.79999999999999,57.99461682393647
677,33,2026-04-27,15:27:57.816,49.8,759.842,120,1/1250.0,1.7,0,default,24.0,32.103806,35.209749,5442,32.104043100861674,35.210196842487555,49.79999999999999,57.99461682393647
678,34,2026-04-27,15:27:57.851,49.8,759.842,120,1/1250.0,1.7,0,default,24.0,32.103806,35.209749,5443,32.104043100861674,35.210196842487555,49.79999999999999,57.99461682393647
679,33,2026-04-27,15:27:57.884,49.8,759.842,120,1/1250.0,1.7,0,default,24.0,32.103806,35.209749,5443,32.104043100861674,35.210196842487555,49.79999999999999,57.99461682393647
680,33,2026-04-27,15:27:57.916,49.8,759.842,120,1/1250.0,1.7,0,default,24.0,32.103811,35.209758,5444,32.104048100861675,35.210205842512075,49.79999999999999,57.99461682393647
681,34,2026-04-27,15:27:57.951,49.8,759.842,120,1/1250.0,1.7,0,default,24.0,32.103811,35.209758,5446,32.104048100861675,35.210205842512075,49.79999999999999,57.99461682393647
682,33,2026-04-27,15:27:57.984,49.8,759.842,120,1/1250.0,1.7,0,default,24.0,32.103811,35.209758,5447,32.104028257713,35.21021965751566,49.79999999999999,60.94539588940084
683,34,2026-04-27,15:27:58.017,49.8,759.842,120,1/1600.0,1.7,0,default,24.0,32.103816,35.209766,5448,32.104033257713,35.21022765754093,49.79999999999999,60.94539588940084
684,33,2026-04-27,15:27:58.050,49.8,759.842,120,1/1600.0,1.7,0,default,24.0,32.103816,35.209766,5448,32.104033257713,35.21022765754093,49.79999999999999,60.94539588940084
685,33,2026-04-27,15:27:58.084,49.8,759.842,120,1/1600.0,1.7,0,default,24.0,32.103816,35.209766,5449,32.104033257713,35.21022765754093,49.79999999999999,60.94539588940084
686,34,2026-04-27,15:27:58.116,49.8,759.842,120,1/1600.0,1.7,0,default,24.0,32.103821,35.209775,5450,32.104038257713,35.210236657566206,49.79999999999999,60.94539588940084
687,33,2026-04-27,15:27:58.151,49.8,759.842,120,1/1600.0,1.7,0,default,24.0,32.103821,35.209775,5451,32.104038257713,35.210236657566206,49.79999999999999,60.94539588940084
688,33,2026-04-27,15:27:58.184,49.8,759.842,120,1/1600.0,1.7,0,default,24.0,32.103821,35.209775,5452,32.104038257713,35.210236657566206,49.79999999999999,60.94539588940084
689,34,2026-04-27,15:27:58.218,49.8,759.842,120,1/1600.0,1.7,0,default,24.0,32.103826,35.209784,5452,32.104043257712995,35.21024565759148,49.79999999999999,60.94539588940084
690,33,2026-04-27,15:27:58.251,49.8,759.842,120,1/1600.0,1.7,0,default,24.0,32.103826,35.209784,5452,32.104043257712995,35.21024565759148,49.79999999999999,60.94539588940084
691,34,2026-04-27,15:27:58.284,49.8,759.842,120,1/1600.0,1.7,0,default,24.0,32.103826,35.209784,5452,32.104043257712995,35.21024565759148,49.79999999999999,60.94539588940084
692,33,2026-04-27,15:27:58.318,49.8,759.842,120,1/1600.0,1.7,0,default,24.0,32.103831,35.209794,5452,32.104048257712996,35.21025565761676,49.79999999999999,60.94539588940084
693,33,2026-04-27,15:27:58.351,49.8,759.842,110,1/1600.0,1.7,0,default,24.0,32.103831,35.209794,5452,32.104048257712996,35.21025565761676,49.79999999999999,60.94539588940084
694,34,2026-04-27,15:27:58.385,49.8,759.842,110,1/1600.0,1.7,0,default,24.0,32.103831,35.209794,5452,32.104048257712996,35.21025565761676,49.79999999999999,60.94539588940084
695,33,2026-04-27,15:27:58.417,49.8,759.842,110,1/1600.0,1.7,0,default,24.0,32.103835,35.209802,5452,32.10405225771299,35.210263657636986,49.79999999999999,60.94539588940084
696,33,2026-04-27,15:27:58.450,49.8,759.842,110,1/1600.0,1.7,0,default,24.0,32.103835,35.209802,5452,32.10405225771299,35.210263657636986,49.79999999999999,60.94539588940084
697,34,2026-04-27,15:27:58.485,49.8,759.842,110,1/1600.0,1.7,0,default,24.0,32.103835,35.209802,5452,32.10405225771275,35.210263657637135,49.79999999999999,60.94539592396687
698,33,2026-04-27,15:27:58.518,49.8,759.842,110,1/1600.0,1.7,0,default,24.0,32.10384,35.209811,5451,32.10405725771275,35.210272657662415,49.79999999999999,60.94539592396687
699,33,2026-04-27,15:27:58.551,49.8,759.842,110,1/1600.0,1.7,0,default,24.0,32.10384,35.209811,5451,32.10405725771275,35.210272657662415,49.79999999999999,60.94539592396687
700,34,2026-04-27,15:27:58.585,49.8,759.842,110,1/1600.0,1.7,0,default,24.0,32.10384,35.209811,5450,32.10404006592655,35.21028336255686,49.79999999999999,63.434948806637564
701,33,2026-04-27,15:27:58.618,49.8,759.842,110,1/1600.0,1.7,0,default,24.0,32.103844,35.209821,5450,32.10404406592655,35.210293362577545,49.79999999999999,63.434948806637564
702,34,2026-04-27,15:27:58.651,49.8,759.842,110,1/1600.0,1.7,0,default,24.0,32.103844,35.209821,5449,32.10404406592655,35.210293362577545,49.79999999999999,63.434948806637564
703,33,2026-04-27,15:27:58.685,49.8,759.842,110,1/1600.0,1.7,0,default,24.0,32.103844,35.209821,5449,32.10404406592644,35.21029336257761,49.79999999999999,63.43494882292201
704,33,2026-04-27,15:27:58.718,49.8,759.842,110,1/1600.0,1.7,0,default,24.0,32.103849,35.209829,5448,32.10404906592643,35.210301362603474,49.79999999999999,63.43494882292201
705,34,2026-04-27,15:27:58.752,49.8,759.842,110,1/1600.0,1.7,0,default,24.0,32.103849,35.209829,5448,32.10404906592643,35.210301362603474,49.79999999999999,63.43494882292201
706,33,2026-04-27,15:27:58.785,49.8,759.842,110,1/1250.0,1.7,0,default,24.0,32.103849,35.209829,5447,32.10404906592643,35.210301362603474,49.79999999999999,63.43494882292201
707,33,2026-04-27,15:27:58.818,49.8,759.842,110,1/1250.0,1.7,0,default,24.0,32.103854,35.209839,5446,32.104054065926434,35.21031136262934,49.79999999999999,63.43494882292201
708,34,2026-04-27,15:27:58.852,49.8,759.842,110,1/1250.0,1.7,0,default,24.0,32.103854,35.209839,5446,32.104054065926434,35.21031136262934,49.79999999999999,63.43494882292201
709,33,2026-04-27,15:27:58.885,49.8,759.842,110,1/1250.0,1.7,0,default,24.0,32.103854,35.209839,5446,32.104054065926434,35.21031136262934,49.79999999999999,63.43494882292201
710,33,2026-04-27,15:27:58.918,49.8,759.842,110,1/1250.0,1.7,0,default,24.0,32.103859,35.209849,5446,32.104059065926435,35.21032136265519,49.79999999999999,63.43494882292201
711,34,2026-04-27,15:27:58.951,49.8,759.842,110,1/1250.0,1.7,0,default,24.0,32.103859,35.209849,5447,32.104059065926435,35.21032136265519,49.79999999999999,63.43494882292201
712,33,2026-04-27,15:27:58.984,49.8,759.842,110,1/1250.0,1.7,0,default,24.0,32.103859,35.209849,5447,32.104059065926435,35.21032136265519,49.79999999999999,63.43494882292201
713,34,2026-04-27,15:27:59.018,49.8,759.842,110,1/1250.0,1.7,0,default,24.0,32.103864,35.209858,5448,32.10406406592644,35.210330362681056,49.79999999999999,63.43494882292201
714,33,2026-04-27,15:27:59.051,49.8,759.842,110,1/1250.0,1.7,0,default,24.0,32.103864,35.209858,5448,32.10406406592644,35.210330362681056,49.79999999999999,63.43494882292201
715,33,2026-04-27,15:27:59.085,49.8,759.842,110,1/1250.0,1.7,0,default,24.0,32.103864,35.209858,5449,32.10406406592644,35.210330362681056,49.79999999999999,63.43494882292201
716,34,2026-04-27,15:27:59.119,49.8,759.842,110,1/1250.0,1.7,0,default,24.0,32.103869,35.209868,5451,32.10406906592644,35.21034036270692,49.79999999999999,63.43494882292201
717,33,2026-04-27,15:27:59.152,49.8,759.842,110,1/1250.0,1.7,0,default,24.0,32.103869,35.209868,5452,32.10406906592644,35.21034036270692,49.79999999999999,63.43494882292201
718,33,2026-04-27,15:27:59.185,49.8,759.842,110,1/1250.0,1.7,0,default,24.0,32.103869,35.209868,5453,32.10406906592644,35.21034036270692,49.79999999999999,63.43494882292201
719,34,2026-04-27,15:27:59.219,49.8,759.842,110,1/1250.0,1.7,0,default,24.0,32.103873,35.209877,5454,32.104073065926436,35.21034936272761,49.79999999999999,63.43494882292201
720,33,2026-04-27,15:27:59.252,49.8,759.842,110,1/1250.0,1.7,0,default,24.0,32.103873,35.209877,5455,32.104073065926436,35.21034936272761,49.79999999999999,63.43494882292201
721,34,2026-04-27,15:27:59.285,49.8,759.842,110,1/1250.0,1.7,0,default,24.0,32.103873,35.209877,5456,32.104073065926436,35.21034936272761,49.79999999999999,63.43494882292201
722,33,2026-04-27,15:27:59.319,49.8,759.842,110,1/1250.0,1.7,0,default,24.0,32.103878,35.209886,5456,32.10407806592644,35.21035836275347,49.79999999999999,63.43494882292201
723,33,2026-04-27,15:27:59.352,49.8,759.842,110,1/1250.0,1.7,0,default,24.0,32.103878,35.209886,5457,32.10407806592644,35.21035836275347,49.79999999999999,63.43494882292201
724,34,2026-04-27,15:27:59.385,49.8,759.842,110,1/1250.0,1.7,0,default,24.0,32.103878,35.209886,5458,32.10407806592644,35.21035836275347,49.79999999999999,63.43494882292201
725,33,2026-04-27,15:27:59.419,49.8,759.842,110,1/1250.0,1.7,0,default,24.0,32.103883,35.209896,5458,32.10408306592644,35.210368362779334,49.79999999999999,63.43494882292201
726,33,2026-04-27,15:27:59.452,49.8,759.842,110,1/1250.0,1.7,0,default,24.0,32.103883,35.209896,5459,32.10408306592644,35.210368362779334,49.79999999999999,63.43494882292201
727,34,2026-04-27,15:27:59.486,49.8,759.842,110,1/1250.0,1.7,0,default,24.0,32.103883,35.209896,5459,32.10408306592655,35.21036836277927,49.79999999999999,63.434948806637564
728,33,2026-04-27,15:27:59.519,49.8,759.842,110,1/1250.0,1.7,0,default,24.0,32.103888,35.209906,5459,32.10408806592655,35.21037836280513,49.79999999999999,63.434948806637564
729,33,2026-04-27,15:27:59.552,49.8,759.842,110,1/1250.0,1.7,0,default,24.0,32.103888,35.209906,5459,32.10408806592655,35.21037836280513,49.79999999999999,63.434948806637564
730,34,2026-04-27,15:27:59.586,49.8,759.842,110,1/1250.0,1.7,0,default,24.0,32.103888,35.209906,5459,32.10408806592655,35.21037836280513,49.79999999999999,63.434948806637564
731,33,2026-04-27,15:27:59.619,49.8,759.842,110,1/1250.0,1.7,0,default,24.0,32.103893,35.209917,5459,32.10409306592655,35.21038936283099,49.79999999999999,63.434948806637564
732,34,2026-04-27,15:27:59.652,49.8,759.842,110,1/1250.0,1.7,0,default,24.0,32.103893,35.209917,5459,32.10409306592655,35.21038936283099,49.79999999999999,63.434948806637564
733,33,2026-04-27,15:27:59.685,49.8,759.842,110,1/1250.0,1.7,0,default,24.0,32.103893,35.209917,5459,32.10409306592655,35.21038936283099,49.79999999999999,63.434948806637564
734,33,2026-04-27,15:27:59.719,49.8,759.842,110,1/1250.0,1.7,0,default,24.0,32.103898,35.209927,5459,32.10409806592655,35.210399362856855,49.79999999999999,63.434948806637564
735,34,2026-04-27,15:27:59.752,49.8,759.842,110,1/1250.0,1.7,0,default,24.0,32.103898,35.209927,5459,32.10409806592655,35.210399362856855,49.79999999999999,63.434948806637564
736,33,2026-04-27,15:27:59.785,49.8,759.842,110,1/1250.0,1.7,0,default,24.0,32.103898,35.209927,5459,32.10409806592655,35.210399362856855,49.79999999999999,63.434948806637564
737,33,2026-04-27,15:27:59.819,49.8,759.842,110,1/1250.0,1.7,0,default,24.0,32.103903,35.209936,5460,32.10410306592655,35.21040836288272,49.79999999999999,63.434948806637564
738,34,2026-04-27,15:27:59.852,49.8,759.842,110,1/1250.0,1.7,0,default,24.0,32.103903,35.209936,5460,32.10410306592655,35.21040836288272,49.79999999999999,63.434948806637564
739,33,2026-04-27,15:27:59.886,49.8,759.842,110,1/1250.0,1.7,0,default,24.0,32.103903,35.209936,5461,32.10410306592655,35.21040836288272,49.79999999999999,63.434948806637564
740,33,2026-04-27,15:27:59.919,49.8,759.842,110,1/1250.0,1.7,0,default,24.0,32.103908,35.209946,5461,32.104108065926546,35.210418362908584,49.79999999999999,63.434948806637564
741,34,2026-04-27,15:27:59.953,49.8,759.842,110,1/1250.0,1.7,0,default,24.0,32.103908,35.209946,5462,32.104108065926546,35.210418362908584,49.79999999999999,63.434948806637564
742,33,2026-04-27,15:27:59.986,49.8,759.842,110,1/1250.0,1.7,0,default,24.0,32.103908,35.209946,5462,32.104108065926546,35.210418362908584,49.79999999999999,63.434948806637564
743,34,2026-04-27,15:28:00.020,49.8,759.842,110,1/1250.0,1.7,0,default,24.0,32.103913,35.209956,5463,32.10411306592655,35.21042836293444,49.79999999999999,63.434948806637564
744,33,2026-04-27,15:28:00.052,49.8,759.842,110,1/1250.0,1.7,0,default,24.0,32.103913,35.209956,5463,32.10411306592655,35.21042836293444,49.79999999999999,63.434948806637564
745,33,2026-04-27,15:28:00.086,49.8,759.842,110,1/1250.0,1.7,0,default,24.0,32.103913,35.209956,5463,32.104113065926434,35.21042836293451,49.79999999999999,63.43494882292201
746,34,2026-04-27,15:28:00.118,49.8,759.842,110,1/1250.0,1.7,0,default,24.0,32.103918,35.209966,5463,32.104118065926436,35.210438362960375,49.79999999999999,63.43494882292201
747,33,2026-04-27,15:28:00.153,49.8,759.842,110,1/1250.0,1.7,0,default,24.0,32.103918,35.209966,5463,32.104118065926436,35.210438362960375,49.79999999999999,63.43494882292201
748,33,2026-04-27,15:28:00.186,49.8,759.842,110,1/1250.0,1.7,0,default,24.0,32.103918,35.209966,5463,32.10411806592655,35.2104383629603,49.79999999999999,63.434948806637564
749,34,2026-04-27,15:28:00.220,49.8,759.842,110,1/1250.0,1.7,0,default,24.0,32.103923,35.209975,5462,32.10412306592655,35.210447362986166,49.79999999999999,63.434948806637564
750,33,2026-04-27,15:28:00.253,49.8,759.842,110,1/1250.0,1.7,0,default,24.0,32.103923,35.209975,5462,32.10412306592655,35.210447362986166,49.79999999999999,63.434948806637564
751,34,2026-04-27,15:28:00.286,49.8,759.842,110,1/1250.0,1.7,0,default,24.0,32.103923,35.209975,5462,32.10412306592655,35.210447362986166,49.79999999999999,63.434948806637564
752,33,2026-04-27,15:28:00.320,49.8,759.842,110,1/1250.0,1.7,0,default,24.0,32.103929,35.209986,5462,32.10412906592655,35.2104583630172,49.79999999999999,63.434948806637564
753,33,2026-04-27,15:28:00.352,49.8,759.842,110,1/1250.0,1.7,0,default,24.0,32.103929,35.209986,5461,32.10412906592655,35.2104583630172,49.79999999999999,63.434948806637564
754,34,2026-04-27,15:28:00.386,49.8,759.842,110,1/1250.0,1.7,0,default,24.0,32.103929,35.209986,5461,32.10412906592655,35.2104583630172,49.79999999999999,63.434948806637564
755,33,2026-04-27,15:28:00.419,49.8,759.842,110,1/1250.0,1.7,0,default,24.0,32.103934,35.209996,5461,32.10413406592655,35.210468363043056,49.79999999999999,63.434948806637564
756,33,2026-04-27,15:28:00.453,49.8,759.842,110,1/1250.0,1.7,0,default,24.0,32.103934,35.209996,5461,32.10413406592655,35.210468363043056,49.79999999999999,63.434948806637564
757,34,2026-04-27,15:28:00.487,49.8,759.842,110,1/1250.0,1.7,0,default,24.0,32.103934,35.209996,5461,32.10413406592655,35.210468363043056,49.79999999999999,63.434948806637564
758,33,2026-04-27,15:28:00.520,49.8,759.842,110,1/1250.0,1.7,0,default,24.0,32.103939,35.210005,5461,32.104139065926546,35.210477363068925,49.79999999999999,63.434948806637564
759,33,2026-04-27,15:28:00.553,49.8,759.842,110,1/1250.0,1.7,0,default,24.0,32.103939,35.210005,5461,32.104139065926546,35.210477363068925,49.79999999999999,63.434948806637564
760,34,2026-04-27,15:28:00.587,49.8,759.842,110,1/1250.0,1.7,0,default,24.0,32.103939,35.210005,5461,32.104139065926546,35.210477363068925,49.79999999999999,63.434948806637564
761,33,2026-04-27,15:28:00.620,49.8,759.842,110,1/1250.0,1.7,0,default,24.0,32.103945,35.210016,5462,32.10414506592655,35.21048836309996,49.79999999999999,63.434948806637564
762,34,2026-04-27,15:28:00.653,49.8,759.842,110,1/1250.0,1.7,0,default,24.0,32.103945,35.210016,5462,32.10414506592655,35.21048836309996,49.79999999999999,63.434948806637564
763,33,2026-04-27,15:28:00.687,49.8,759.842,110,1/1250.0,1.7,0,default,24.0,32.103945,35.210016,5463,32.10415921977351,35.210479632454955,49.79999999999999,61.389540339220915
764,33,2026-04-27,15:28:00.720,49.8,759.842,110,1/1250.0,1.7,0,default,24.0,32.103951,35.210026,5463,32.104165219773506,35.21048963248541,49.79999999999999,61.389540339220915
765,34,2026-04-27,15:28:00.754,49.8,759.842,110,1/1250.0,1.7,0,default,24.0,32.103951,35.210026,5463,32.104165219773506,35.21048963248541,49.79999999999999,61.389540339220915
766,33,2026-04-27,15:28:00.787,49.8,759.842,110,1/1250.0,1.7,0,default,24.0,32.103951,35.210026,5464,32.104165219773506,35.21048963248541,49.79999999999999,61.389540339220915
767,33,2026-04-27,15:28:00.820,49.8,759.842,110,1/1250.0,1.7,0,default,24.0,32.103956,35.210036,5464,32.1041702197735,35.2104996325108,49.79999999999999,61.389540339220915
768,34,2026-04-27,15:28:00.854,49.8,759.842,110,1/1250.0,1.7,0,default,24.0,32.103956,35.210036,5464,32.1041702197735,35.2104996325108,49.79999999999999,61.389540339220915
769,33,2026-04-27,15:28:00.887,49.8,759.842,110,1/1250.0,1.7,0,default,24.0,32.103956,35.210036,5464,32.1041702197735,35.2104996325108,49.79999999999999,61.389540339220915
770,33,2026-04-27,15:28:00.920,49.8,759.842,110,1/1250.0,1.7,0,default,24.0,32.103961,35.210047,5464,32.1041752197735,35.210510632536185,49.79999999999999,61.389540339220915
771,34,2026-04-27,15:28:00.954,49.8,759.842,110,1/1250.0,1.7,0,default,24.0,32.103961,35.210047,5464,32.1041752197735,35.210510632536185,49.79999999999999,61.389540339220915
772,33,2026-04-27,15:28:00.987,49.8,759.842,110,1/1250.0,1.7,0,default,24.0,32.103961,35.210047,5464,32.1041752197735,35.210510632536185,49.79999999999999,61.389540339220915
773,34,2026-04-27,15:28:01.020,49.8,759.842,110,1/1250.0,1.7,0,default,24.0,32.103966,35.210055,5464,32.104180219773504,35.210518632561566,49.79999999999999,61.389540339220915
774,33,2026-04-27,15:28:01.053,49.8,759.842,110,1/1250.0,1.7,0,default,24.0,32.103966,35.210055,5464,32.104180219773504,35.210518632561566,49.79999999999999,61.389540339220915
775,33,2026-04-27,15:28:01.086,49.8,759.842,110,1/1250.0,1.7,0,default,24.0,32.103966,35.210055,5464,32.104180219773504,35.210518632561566,49.79999999999999,61.389540339220915
776,34,2026-04-27,15:28:01.121,49.8,759.842,110,1/1250.0,1.7,0,default,24.0,32.103972,35.210067,5464,32.1041862197735,35.21053063259203,49.79999999999999,61.389540339220915
777,33,2026-04-27,15:28:01.154,49.8,759.842,110,1/1250.0,1.7,0,default,24.0,32.103972,35.210067,5464,32.1041862197735,35.21053063259203,49.79999999999999,61.389540339220915
778,33,2026-04-27,15:28:01.186,49.8,759.842,110,1/1250.0,1.7,0,default,24.0,32.103972,35.210067,5464,32.1041862197735,35.21053063259203,49.79999999999999,61.389540339220915
779,34,2026-04-27,15:28:01.221,49.8,759.842,110,1/1250.0,1.7,0,default,24.0,32.103977,35.210076,5464,32.104191219773504,35.21053963261741,49.79999999999999,61.389540339220915
780,33,2026-04-27,15:28:01.254,49.8,759.842,110,1/1250.0,1.7,0,default,24.0,32.103977,35.210076,5464,32.104191219773504,35.21053963261741,49.79999999999999,61.389540339220915
781,34,2026-04-27,15:28:01.286,49.8,759.842,110,1/1250.0,1.7,0,default,24.0,32.103977,35.210076,5464,32.104191219773504,35.21053963261741,49.79999999999999,61.389540339220915
782,33,2026-04-27,15:28:01.321,49.8,759.842,110,1/1250.0,1.7,0,default,24.0,32.103982,35.210087,5464,32.104196219773506,35.2105506326428,49.79999999999999,61.389540339220915
783,33,2026-04-27,15:28:01.354,49.8,759.842,110,1/1250.0,1.7,0,default,24.0,32.103982,35.210087,5464,32.104196219773506,35.2105506326428,49.79999999999999,61.389540339220915
784,34,2026-04-27,15:28:01.387,49.8,759.842,110,1/1250.0,1.7,0,default,24.0,32.103982,35.210087,5464,32.104196219773506,35.2105506326428,49.79999999999999,61.389540339220915
785,33,2026-04-27,15:28:01.421,49.8,759.842,110,1/1250.0,1.7,0,default,24.0,32.103988,35.210098,5464,32.104202219773505,35.21056163267326,49.79999999999999,61.389540339220915
786,33,2026-04-27,15:28:01.454,49.8,759.842,110,1/1250.0,1.7,0,default,24.0,32.103988,35.210098,5464,32.104202219773505,35.21056163267326,49.79999999999999,61.389540339220915
787,34,2026-04-27,15:28:01.488,49.8,759.842,110,1/1250.0,1.7,0,default,24.0,32.103988,35.210098,5464,32.104202219773505,35.21056163267326,49.79999999999999,61.389540339220915
788,33,2026-04-27,15:28:01.521,49.8,759.842,110,1/1250.0,1.7,0,default,24.0,32.103993,35.210107,5464,32.10420721977351,35.21057063269864,49.79999999999999,61.389540339220915
789,33,2026-04-27,15:28:01.554,49.8,759.842,110,1/1250.0,1.7,0,default,24.0,32.103993,35.210107,5465,32.10420721977351,35.21057063269864,49.79999999999999,61.389540339220915
790,34,2026-04-27,15:28:01.588,49.8,759.842,110,1/1250.0,1.7,0,default,24.0,32.103993,35.210107,5465,32.10420721977351,35.21057063269864,49.79999999999999,61.389540339220915
791,33,2026-04-27,15:28:01.621,49.8,759.842,110,1/1250.0,1.7,0,default,24.0,32.103998,35.210118,5465,32.1042122197735,35.21058163272403,49.79999999999999,61.389540339220915
792,34,2026-04-27,15:28:01.655,49.8,759.842,110,1/1250.0,1.7,0,default,24.0,32.103998,35.210118,5466,32.104198065926546,35.210590363374095,49.79999999999999,63.434948806637564
793,33,2026-04-27,15:28:01.688,49.8,759.842,110,1/1250.0,1.7,0,default,24.0,32.103998,35.210118,5466,32.104198065926546,35.210590363374095,49.79999999999999,63.434948806637564
794,33,2026-04-27,15:28:01.721,49.8,759.842,110,1/1250.0,1.7,0,default,24.0,32.104003,35.210127,5467,32.104203065926434,35.21059936340003,49.79999999999999,63.43494882292201
795,34,2026-04-27,15:28:01.755,49.8,759.842,110,1/1250.0,1.7,0,default,24.0,32.104003,35.210127,5467,32.104203065926434,35.21059936340003,49.79999999999999,63.43494882292201
796,33,2026-04-27,15:28:01.787,49.8,759.842,110,1/1250.0,1.7,0,default,24.0,32.104003,35.210127,5467,32.104203065926434,35.21059936340003,49.79999999999999,63.43494882292201
797,33,2026-04-27,15:28:01.821,49.8,759.842,110,1/1250.0,1.7,0,default,24.0,32.104009,35.210138,5467,32.10420906592643,35.21061036343106,49.79999999999999,63.43494882292201
798,34,2026-04-27,15:28:01.855,49.8,759.842,110,1/1250.0,1.7,0,default,24.0,32.104009,35.210138,5467,32.10420906592643,35.21061036343106,49.79999999999999,63.43494882292201
799,33,2026-04-27,15:28:01.887,49.8,759.842,110,1/1250.0,1.7,0,default,24.0,32.104009,35.210138,5466,32.10420906592643,35.21061036343106,49.79999999999999,63.43494882292201
800,33,2026-04-27,15:28:01.921,49.8,759.842,110,1/1250.0,1.7,0,default,24.0,32.104014,35.210149,5465,32.104214065926435,35.21062136345692,49.79999999999999,63.43494882292201
801,34,2026-04-27,15:28:01.954,49.8,759.842,110,1/1250.0,1.7,0,default,24.0,32.104014,35.210149,5464,32.10421406592655,35.21062136345686,49.79999999999999,63.434948806637564
802,33,2026-04-27,15:28:01.988,49.8,759.842,110,1/1250.0,1.7,0,default,24.0,32.104014,35.210149,5464,32.10421406592655,35.21062136345686,49.79999999999999,63.434948806637564
803,34,2026-04-27,15:28:02.022,49.8,759.842,110,1/1250.0,1.7,0,default,24.0,32.104019,35.210157,5464,32.104219065926436,35.21062936348279,49.79999999999999,63.43494882292201
804,33,2026-04-27,15:28:02.054,49.8,759.842,110,1/1250.0,1.7,0,default,24.0,32.104019,35.210157,5464,32.104219065926436,35.21062936348279,49.79999999999999,63.43494882292201
805,33,2026-04-27,15:28:02.088,49.8,759.842,110,1/1250.0,1.7,0,default,24.0,32.104019,35.210157,5463,32.104219065926436,35.21062936348279,49.79999999999999,63.43494882292201
806,34,2026-04-27,15:28:02.122,49.8,759.842,110,1/1000.0,1.7,0,default,24.0,32.104025,35.210169,5462,32.10422506592655,35.21064136351375,49.79999999999999,63.434948806637564
807,33,2026-04-27,15:28:02.155,49.8,759.842,110,1/1000.0,1.7,0,default,24.0,32.104025,35.210169,5460,32.10422506592655,35.21064136351375,49.79999999999999,63.434948806637564
808,33,2026-04-27,15:28:02.187,49.8,759.842,110,1/1000.0,1.7,0,default,24.0,32.104025,35.210169,5459,32.10422506592655,35.21064136351375,49.79999999999999,63.434948806637564
809,34,2026-04-27,15:28:02.222,49.8,759.842,110,1/1000.0,1.7,0,default,24.0,32.10403,35.210179,5458,32.10423006592644,35.21065136353968,49.79999999999999,63.43494882292201
810,33,2026-04-27,15:28:02.255,49.8,759.842,110,1/1000.0,1.7,0,default,24.0,32.10403,35.210179,5456,32.10423006592644,35.21065136353968,49.79999999999999,63.43494882292201
811,34,2026-04-27,15:28:02.288,49.8,759.842,110,1/1000.0,1.7,0,default,24.0,32.104035,35.21019,5455,32.10423506592644,35.21066236356554,49.79999999999999,63.43494882292201
812,33,2026-04-27,15:28:02.322,49.8,759.842,110,1/1000.0,1.7,0,default,24.0,32.104035,35.21019,5454,32.10423506592644,35.21066236356554,49.79999999999999,63.43494882292201
813,33,2026-04-27,15:28:02.355,49.8,759.842,110,1/1000.0,1.7,0,default,24.0,32.104035,35.21019,5452,32.10423506592644,35.21066236356554,49.79999999999999,63.43494882292201
814,34,2026-04-27,15:28:02.388,49.8,759.842,110,1/1000.0,1.7,0,default,24.0,32.104035,35.21019,5451,32.10423506592644,35.21066236356554,49.79999999999999,63.43494882292201
815,33,2026-04-27,15:28:02.422,49.8,759.842,110,1/1000.0,1.7,0,default,24.0,32.10404,35.210199,5450,32.10424006592643,35.21067136359141,49.79999999999999,63.43494882292201
816,33,2026-04-27,15:28:02.455,49.8,759.842,110,1/1000.0,1.7,0,default,24.0,32.10404,35.210199,5449,32.10424006592643,35.21067136359141,49.79999999999999,63.43494882292201
817,34,2026-04-27,15:28:02.489,49.8,759.842,110,1/1000.0,1.7,0,default,24.0,32.104046,35.21021,5449,32.10424606592643,35.21068236362244,49.79999999999999,63.43494882292201
818,33,2026-04-27,15:28:02.522,49.8,759.842,110,1/1000.0,1.7,0,default,24.0,32.104046,35.21021,5449,32.10424606592643,35.21068236362244,49.79999999999999,63.43494882292201
819,33,2026-04-27,15:28:02.555,49.8,759.842,110,1/1000.0,1.7,0,default,24.0,32.104046,35.21021,5449,32.10424606592643,35.21068236362244,49.79999999999999,63.43494882292201
820,34,2026-04-27,15:28:02.589,49.8,759.842,110,1/1000.0,1.7,0,default,24.0,32.104051,35.21022,5449,32.104251065926434,35.210692363648306,49.79999999999999,63.43494882292201
821,33,2026-04-27,15:28:02.622,49.8,759.842,110,1/1000.0,1.7,0,default,24.0,32.104051,35.21022,5449,32.104251065926434,35.210692363648306,49.79999999999999,63.43494882292201
822,34,2026-04-27,15:28:02.655,49.8,759.842,110,1/1000.0,1.7,0,default,24.0,32.104051,35.21022,5449,32.104251065926434,35.210692363648306,49.79999999999999,63.43494882292201
823,33,2026-04-27,15:28:02.689,49.8,759.842,110,1/1000.0,1.7,0,default,24.0,32.104057,35.210232,5450,32.10425706592643,35.21070436367933,49.79999999999999,63.43494882292201
824,33,2026-04-27,15:28:02.721,49.8,759.842,110,1/1000.0,1.7,0,default,24.0,32.104057,35.210232,5450,32.10425706592643,35.21070436367933,49.79999999999999,63.43494882292201
825,34,2026-04-27,15:28:02.756,49.8,759.842,110,1/1000.0,1.7,0,default,24.0,32.104057,35.210232,5451,32.10425706592643,35.21070436367933,49.79999999999999,63.43494882292201
826,33,2026-04-27,15:28:02.789,49.9,759.942,110,1/1000.0,1.7,0,default,24.0,32.104062,35.210242,5451,32.104262467665244,35.2107153122267,49.89999999999999,63.43494882292201
827,33,2026-04-27,15:28:02.821,49.9,759.942,110,1/1000.0,1.7,0,default,24.0,32.104062,35.210242,5452,32.104262467665244,35.2107153122267,49.89999999999999,63.43494882292201
828,34,2026-04-27,15:28:02.856,49.9,759.942,110,1/1000.0,1.7,0,default,24.0,32.104062,35.210242,5453,32.104262467665244,35.2107153122267,49.89999999999999,63.43494882292201
829,33,2026-04-27,15:28:02.888,49.9,759.942,110,1/1000.0,1.7,0,default,24.0,32.104062,35.210242,5454,32.104262467665244,35.2107153122267,49.89999999999999,63.43494882292201
830,33,2026-04-27,15:28:02.922,49.9,759.942,110,1/1000.0,1.7,0,default,24.0,32.104067,35.210251,5455,32.104267467665245,35.21072431225261,49.89999999999999,63.43494882292201
831,34,2026-04-27,15:28:02.956,49.9,759.942,110,1/1000.0,1.7,0,default,24.0,32.104067,35.210251,5457,32.104267467665245,35.21072431225261,49.89999999999999,63.43494882292201
832,33,2026-04-27,15:28:02.988,49.9,759.942,110,1/1000.0,1.7,0,default,24.0,32.104067,35.210251,5458,32.104267467665245,35.21072431225261,49.89999999999999,63.43494882292201
833,34,2026-04-27,15:28:03.022,49.9,759.942,110,1/1000.0,1.7,0,default,24.0,32.104073,35.210264,5460,32.104273467665244,35.21073731228371,49.89999999999999,63.43494882292201
834,33,2026-04-27,15:28:03.055,49.9,759.942,110,1/1000.0,1.7,0,default,24.0,32.104073,35.210264,5462,32.104273467665244,35.21073731228371,49.89999999999999,63.43494882292201
835,33,2026-04-27,15:28:03.088,49.9,759.942,110,1/1000.0,1.7,0,default,24.0,32.104078,35.210272,5464,32.104278467665246,35.210745312309626,49.89999999999999,63.43494882292201
836,34,2026-04-27,15:28:03.123,49.9,759.942,110,1/1000.0,1.7,0,default,24.0,32.104078,35.210272,5467,32.104278467665246,35.210745312309626,49.89999999999999,63.43494882292201
837,33,2026-04-27,15:28:03.156,49.9,759.942,110,1/1000.0,1.7,0,default,24.0,32.104078,35.210272,5470,32.104278467665246,35.210745312309626,49.89999999999999,63.43494882292201
838,33,2026-04-27,15:28:03.189,49.9,759.942,110,1/1000.0,1.7,0,default,24.0,32.104083,35.210283,5474,32.10428346766525,35.21075631233553,49.89999999999999,63.43494882292201
839,34,2026-04-27,15:28:03.223,49.9,759.942,110,1/1000.0,1.7,0,default,24.0,32.104083,35.210283,5477,32.10428346766525,35.21075631233553,49.89999999999999,63.43494882292201
840,33,2026-04-27,15:28:03.256,49.9,759.942,110,1/1000.0,1.7,0,default,24.0,32.104083,35.210283,5480,32.10428346766525,35.21075631233553,49.89999999999999,63.43494882292201
841,34,2026-04-27,15:28:03.289,49.9,759.942,110,1/1000.0,1.7,0,default,24.0,32.104089,35.210295,5484,32.10428946766525,35.21076831236664,49.89999999999999,63.43494882292201
842,33,2026-04-27,15:28:03.322,49.9,759.942,110,1/1000.0,1.7,0,default,24.0,32.104089,35.210295,5487,32.10428946766525,35.21076831236664,49.89999999999999,63.43494882292201
843,33,2026-04-27,15:28:03.356,49.9,759.942,110,1/1000.0,1.7,0,default,24.0,32.104089,35.210295,5490,32.10428946766525,35.21076831236664,49.89999999999999,63.43494882292201
844,34,2026-04-27,15:28:03.389,49.9,759.942,110,1/1000.0,1.7,0,default,24.0,32.104094,35.210304,5493,32.10429446766525,35.21077731239255,49.89999999999999,63.43494882292201
845,33,2026-04-27,15:28:03.423,49.9,759.942,110,1/1000.0,1.7,0,default,24.0,32.104094,35.210304,5496,32.10429446766525,35.21077731239255,49.89999999999999,63.43494882292201
846,33,2026-04-27,15:28:03.456,49.9,759.942,110,1/1000.0,1.7,0,default,24.0,32.104094,35.210304,5499,32.10429446766525,35.21077731239255,49.89999999999999,63.43494882292201
847,34,2026-04-27,15:28:03.489,49.9,759.942,110,1/1000.0,1.7,0,default,24.0,32.1041,35.210315,5501,32.10430046766525,35.210788312423645,49.89999999999999,63.43494882292201
848,33,2026-04-27,15:28:03.522,49.9,759.942,110,1/1000.0,1.7,0,default,24.0,32.1041,35.210315,5504,32.10430046766525,35.210788312423645,49.89999999999999,63.43494882292201
849,33,2026-04-27,15:28:03.556,49.9,759.942,110,1/1000.0,1.7,0,default,24.0,32.1041,35.210315,5507,32.10430046766525,35.210788312423645,49.89999999999999,63.43494882292201
850,34,2026-04-27,15:28:03.590,49.9,759.942,110,1/1000.0,1.7,0,default,24.0,32.104106,35.210327,5510,32.104306467665246,35.210800312454744,49.89999999999999,63.43494882292201
851,33,2026-04-27,15:28:03.623,49.9,759.942,110,1/1000.0,1.7,0,default,24.0,32.104106,35.210327,5512,32.104306467665246,35.210800312454744,49.89999999999999,63.43494882292201
852,34,2026-04-27,15:28:03.656,49.9,759.942,110,1/1000.0,1.7,0,default,24.0,32.104106,35.210327,5515,32.104306467665246,35.210800312454744,49.89999999999999,63.43494882292201
853,33,2026-04-27,15:28:03.690,49.9,759.942,110,1/1000.0,1.7,0,default,24.0,32.104111,35.210336,5517,32.10431146766525,35.210809312480656,49.89999999999999,63.43494882292201
854,33,2026-04-27,15:28:03.723,49.9,759.942,110,1/1000.0,1.7,0,default,24.0,32.104111,35.210336,5519,32.10431146766525,35.210809312480656,49.89999999999999,63.43494882292201
855,34,2026-04-27,15:28:03.756,49.9,759.942,110,1/1000.0,1.7,0,default,24.0,32.104111,35.210336,5521,32.10431146766525,35.210809312480656,49.89999999999999,63.43494882292201
856,33,2026-04-27,15:28:03.790,49.9,759.942,110,1/1000.0,1.7,0,default,24.0,32.104117,35.210348,5524,32.10431746766525,35.210821312511754,49.89999999999999,63.43494882292201
857,33,2026-04-27,15:28:03.823,49.9,759.942,120,1/1000.0,1.7,0,default,24.0,32.104117,35.210348,5525,32.10431746766525,35.210821312511754,49.89999999999999,63.43494882292201
858,34,2026-04-27,15:28:03.856,49.9,759.942,120,1/1000.0,1.7,0,default,24.0,32.104117,35.210348,5527,32.10431746766525,35.210821312511754,49.89999999999999,63.43494882292201
859,33,2026-04-27,15:28:03.890,49.9,759.942,120,1/1000.0,1.7,0,default,24.0,32.104123,35.210359,5529,32.104323467665246,35.21083231254285,49.89999999999999,63.43494882292201
860,33,2026-04-27,15:28:03.923,49.9,759.942,120,1/1000.0,1.7,0,default,24.0,32.104123,35.210359,5530,32.104323467665246,35.21083231254285,49.89999999999999,63.43494882292201
861,34,2026-04-27,15:28:03.957,49.9,759.942,120,1/1000.0,1.7,0,default,24.0,32.104123,35.210359,5531,32.104323467665246,35.21083231254285,49.89999999999999,63.43494882292201
862,33,2026-04-27,15:28:03.990,49.9,759.942,120,1/1000.0,1.7,0,default,24.0,32.104128,35.210368,5532,32.10432846766525,35.21084131256877,49.89999999999999,63.43494882292201
863,34,2026-04-27,15:28:04.023,49.9,759.942,120,1/1000.0,1.7,0,default,24.0,32.104128,35.210368,5533,32.10432846766525,35.21084131256877,49.89999999999999,63.43494882292201
864,33,2026-04-27,15:28:04.056,49.9,759.942,120,1/1000.0,1.7,0,default,24.0,32.104128,35.210368,5534,32.10432846766525,35.21084131256877,49.89999999999999,63.43494882292201
865,33,2026-04-27,15:28:04.090,49.9,759.942,120,1/1000.0,1.7,0,default,24.0,32.104134,35.21038,5535,32.10433446766525,35.210853312599866,49.89999999999999,63.43494882292201
866,34,2026-04-27,15:28:04.124,49.9,759.942,120,1/1000.0,1.7,0,default,24.0,32.104134,35.21038,5536,32.10433446766525,35.210853312599866,49.89999999999999,63.43494882292201
867,33,2026-04-27,15:28:04.156,49.9,759.942,120,1/1000.0,1.7,0,default,24.0,32.104134,35.21038,5537,32.10433446766525,35.210853312599866,49.89999999999999,63.43494882292201
868,33,2026-04-27,15:28:04.190,49.9,759.942,120,1/1000.0,1.7,0,default,24.0,32.104139,35.21039,5538,32.10433946766525,35.210863312625776,49.89999999999999,63.43494882292201
869,34,2026-04-27,15:28:04.224,49.9,759.942,120,1/1000.0,1.7,0,default,24.0,32.104139,35.21039,5539,32.10433946766525,35.210863312625776,49.89999999999999,63.43494882292201
870,33,2026-04-27,15:28:04.257,49.9,759.942,120,1/1000.0,1.7,0,default,24.0,32.104139,35.21039,5541,32.10433946766525,35.210863312625776,49.89999999999999,63.43494882292201
871,34,2026-04-27,15:28:04.290,49.9,759.942,120,1/1000.0,1.7,0,default,24.0,32.104145,35.210402,5543,32.10434546766525,35.210875312656874,49.89999999999999,63.43494882292201
872,33,2026-04-27,15:28:04.324,49.9,759.942,120,1/1000.0,1.7,0,default,24.0,32.104145,35.210402,5545,32.10434546766525,35.210875312656874,49.89999999999999,63.43494882292201
873,33,2026-04-27,15:28:04.357,49.9,759.942,120,1/1000.0,1.7,0,default,24.0,32.104145,35.210402,5546,32.10434546766525,35.210875312656874,49.89999999999999,63.43494882292201
874,34,2026-04-27,15:28:04.390,49.8,759.842,120,1/1000.0,1.7,0,default,24.0,32.10415,35.210412,5548,32.10435006592643,35.21088436416038,49.79999999999999,63.43494882292201
875,33,2026-04-27,15:28:04.424,49.8,759.842,120,1/1000.0,1.7,0,default,24.0,32.10415,35.210412,5550,32.10435006592643,35.21088436416038,49.79999999999999,63.43494882292201
876,33,2026-04-27,15:28:04.456,49.8,759.842,120,1/1000.0,1.7,0,default,24.0,32.10415,35.210412,5551,32.10435006592643,35.21088436416038,49.79999999999999,63.43494882292201
877,34,2026-04-27,15:28:04.491,49.8,759.842,120,1/1000.0,1.7,0,default,24.0,32.104155,35.210423,5553,32.104355065926434,35.210895364186236,49.79999999999999,63.43494882292201
878,33,2026-04-27,15:28:04.524,49.8,759.842,120,1/1000.0,1.7,0,default,24.0,32.104155,35.210423,5555,32.104355065926434,35.210895364186236,49.79999999999999,63.43494882292201
879,33,2026-04-27,15:28:04.556,49.8,759.842,120,1/1000.0,1.7,0,default,24.0,32.104155,35.210423,5556,32.104355065926434,35.210895364186236,49.79999999999999,63.43494882292201
880,34,2026-04-27,15:28:04.590,49.8,759.842,120,1/1000.0,1.7,0,default,24.0,32.104161,35.210435,5558,32.10436106592643,35.21090736421727,49.79999999999999,63.43494882292201
881,33,2026-04-27,15:28:04.623,49.8,759.842,120,1/1000.0,1.7,0,default,24.0,32.104161,35.210435,5560,32.10436106592643,35.21090736421727,49.79999999999999,63.43494882292201
882,34,2026-04-27,15:28:04.657,49.8,759.842,120,1/1000.0,1.7,0,default,24.0,32.104161,35.210435,5561,32.10436106592643,35.21090736421727,49.79999999999999,63.43494882292201
883,33,2026-04-27,15:28:04.690,49.8,759.842,120,1/1000.0,1.7,0,default,24.0,32.104167,35.210446,5563,32.10436706592643,35.21091836424831,49.79999999999999,63.43494882292201
884,33,2026-04-27,15:28:04.724,49.8,759.842,120,1/1000.0,1.7,0,default,24.0,32.104167,35.210446,5565,32.10436706592643,35.21091836424831,49.79999999999999,63.43494882292201
885,34,2026-04-27,15:28:04.758,49.8,759.842,120,1/1000.0,1.7,0,default,24.0,32.104167,35.210446,5566,32.10436706592643,35.21091836424831,49.79999999999999,63.43494882292201
886,33,2026-04-27,15:28:04.791,49.8,759.842,120,1/1000.0,1.7,0,default,24.0,32.104172,35.210456,5567,32.104372065926434,35.210928364274174,49.79999999999999,63.43494882292201
887,33,2026-04-27,15:28:04.824,49.8,759.842,120,1/1000.0,1.7,0,default,24.0,32.104172,35.210456,5569,32.104372065926434,35.210928364274174,49.79999999999999,63.43494882292201
888,34,2026-04-27,15:28:04.858,49.8,759.842,120,1/1000.0,1.7,0,default,24.0,32.104172,35.210456,5571,32.10437206592655,35.2109283642741,49.79999999999999,63.434948806637564
889,33,2026-04-27,15:28:04.891,49.8,759.842,120,1/1000.0,1.7,0,default,24.0,32.104177,35.210467,5572,32.10437706592655,35.21093936429997,49.79999999999999,63.434948806637564
890,33,2026-04-27,15:28:04.924,49.8,759.842,120,1/1000.0,1.7,0,default,24.0,32.104177,35.210467,5573,32.10437706592655,35.21093936429997,49.79999999999999,63.434948806637564
891,34,2026-04-27,15:28:04.958,49.8,759.842,120,1/1000.0,1.7,0,default,24.0,32.104177,35.210467,5575,32.104377065926435,35.21093936430004,49.79999999999999,63.43494882292201
892,33,2026-04-27,15:28:04.991,49.8,759.842,120,1/1000.0,1.7,0,default,24.0,32.104183,35.210478,5576,32.104383065926434,35.21095036433107,49.79999999999999,63.43494882292201
893,34,2026-04-27,15:28:05.024,49.8,759.842,120,1/1000.0,1.7,0,default,24.0,32.104183,35.210478,5577,32.104383065926434,35.21095036433107,49.79999999999999,63.43494882292201
894,33,2026-04-27,15:28:05.057,49.8,759.842,120,1/1000.0,1.7,0,default,24.0,32.104183,35.210478,5579,32.104383065926434,35.21095036433107,49.79999999999999,63.43494882292201
895,33,2026-04-27,15:28:05.091,49.8,759.842,120,1/1000.0,1.7,0,default,24.0,32.104188,35.210489,5580,32.104388065926436,35.21096136435693,49.79999999999999,63.43494882292201
896,34,2026-04-27,15:28:05.125,49.8,759.842,120,1/1000.0,1.7,0,default,24.0,32.104188,35.210489,5582,32.104388065926436,35.21096136435693,49.79999999999999,63.43494882292201
897,33,2026-04-27,15:28:05.157,49.8,759.842,120,1/1000.0,1.7,0,default,24.0,32.104188,35.210489,5583,32.104388065926436,35.21096136435693,49.79999999999999,63.43494882292201
898,33,2026-04-27,15:28:05.191,49.8,759.842,120,1/1000.0,1.7,0,default,24.0,32.104193,35.210499,5583,32.10439306592644,35.21097136438279,49.79999999999999,63.43494882292201
899,34,2026-04-27,15:28:05.224,49.8,759.842,120,1/1000.0,1.7,0,default,24.0,32.104193,35.210499,5585,32.10439306592644,35.21097136438279,49.79999999999999,63.43494882292201
900,33,2026-04-27,15:28:05.257,49.8,759.842,120,1/1000.0,1.7,0,default,24.0,32.104193,35.210499,5586,32.10439306592644,35.21097136438279,49.79999999999999,63.43494882292201
901,34,2026-04-27,15:28:05.291,49.8,759.842,110,1/1000.0,1.7,0,default,24.0,32.104199,35.21051,5587,32.10439906592644,35.21098236441383,49.79999999999999,63.43494882292201
902,33,2026-04-27,15:28:05.325,49.8,759.842,120,1/1000.0,1.7,0,default,24.0,32.104199,35.21051,5588,32.10439906592644,35.21098236441383,49.79999999999999,63.43494882292201
903,33,2026-04-27,15:28:05.357,49.8,759.842,120,1/1250.0,1.7,0,default,24.0,32.104199,35.21051,5589,32.10439906592644,35.21098236441383,49.79999999999999,63.43494882292201
904,34,2026-04-27,15:28:05.391,49.8,759.842,110,1/1250.0,1.7,0,default,24.0,32.104205,35.210522,5590,32.104405065926436,35.210994364444865,49.79999999999999,63.43494882292201
905,33,2026-04-27,15:28:05.425,49.8,759.842,110,1/1250.0,1.7,0,default,24.0,32.104205,35.210522,5591,32.104405065926436,35.210994364444865,49.79999999999999,63.43494882292201
906,33,2026-04-27,15:28:05.458,49.8,759.842,110,1/1250.0,1.7,0,default,24.0,32.104205,35.210522,5592,32.104405065926436,35.210994364444865,49.79999999999999,63.43494882292201
907,34,2026-04-27,15:28:05.491,49.8,759.842,110,1/1250.0,1.7,0,default,24.0,32.104209,35.210531,5593,32.10440906592643,35.211003364465554,49.79999999999999,63.43494882292201
908,33,2026-04-27,15:28:05.525,49.8,759.842,110,1/1250.0,1.7,0,default,24.0,32.104209,35.210531,5594,32.10440906592643,35.211003364465554,49.79999999999999,63.43494882292201
909,33,2026-04-27,15:28:05.558,49.8,759.842,110,1/1250.0,1.7,0,default,24.0,32.104209,35.210531,5594,32.10440906592643,35.211003364465554,49.79999999999999,63.43494882292201
910,34,2026-04-27,15:28:05.591,49.8,759.842,110,1/1250.0,1.7,0,default,24.0,32.104215,35.210543,5595,32.10441506592644,35.21101536449659,49.79999999999999,63.43494882292201
911,33,2026-04-27,15:28:05.625,49.8,759.842,110,1/1250.0,1.7,0,default,24.0,32.104215,35.210543,5596,32.10441506592644,35.21101536449659,49.79999999999999,63.43494882292201
912,34,2026-04-27,15:28:05.658,49.8,759.842,110,1/1250.0,1.7,0,default,24.0,32.104215,35.210543,5597,32.10441506592655,35.211015364496525,49.79999999999999,63.434948806637564
913,33,2026-04-27,15:28:05.692,49.8,759.842,110,1/1250.0,1.7,0,default,24.0,32.104221,35.210554,5597,32.10442106592655,35.21102636452756,49.79999999999999,63.434948806637564
914,33,2026-04-27,15:28:05.724,49.8,759.842,110,1/1250.0,1.7,0,default,24.0,32.104221,35.210554,5598,32.10442106592655,35.21102636452756,49.79999999999999,63.434948806637564
915,34,2026-04-27,15:28:05.757,49.8,759.842,110,1/1250.0,1.7,0,default,24.0,32.104221,35.210554,5599,32.10442106592655,35.21102636452756,49.79999999999999,63.434948806637564
916,33,2026-04-27,15:28:05.792,49.8,759.842,110,1/1250.0,1.7,0,default,24.0,32.104227,35.210564,5599,32.10442706592655,35.21103636455859,49.79999999999999,63.434948806637564
917,33,2026-04-27,15:28:05.826,49.8,759.842,110,1/1250.0,1.7,0,default,24.0,32.104227,35.210564,5599,32.10442706592655,35.21103636455859,49.79999999999999,63.434948806637564
918,34,2026-04-27,15:28:05.859,49.8,759.842,110,1/1250.0,1.7,0,default,24.0,32.104227,35.210564,5599,32.10442706592655,35.21103636455859,49.79999999999999,63.434948806637564
919,33,2026-04-27,15:28:05.892,49.8,759.842,110,1/1250.0,1.7,0,default,24.0,32.104233,35.210575,5599,32.10443306592655,35.211047364589625,49.79999999999999,63.434948806637564
920,33,2026-04-27,15:28:05.925,49.8,759.842,110,1/1250.0,1.7,0,default,24.0,32.104233,35.210575,5599,32.10443306592655,35.211047364589625,49.79999999999999,63.434948806637564
921,34,2026-04-27,15:28:05.959,49.8,759.842,110,1/1250.0,1.7,0,default,24.0,32.104233,35.210575,5599,32.10443306592663,35.21104736458958,49.79999999999999,63.43494879578128
922,33,2026-04-27,15:28:05.991,49.8,759.842,110,1/1250.0,1.7,0,default,24.0,32.104238,35.210586,5599,32.10443806592663,35.21105836461545,49.79999999999999,63.43494879578128
923,34,2026-04-27,15:28:06.025,49.8,759.842,110,1/1250.0,1.7,0,default,24.0,32.104238,35.210586,5599,32.10443806592663,35.21105836461545,49.79999999999999,63.43494879578128
924,33,2026-04-27,15:28:06.058,49.8,759.842,110,1/1250.0,1.7,0,default,24.0,32.104238,35.210586,5599,32.10443806592655,35.21105836461549,49.79999999999999,63.434948806637564
925,33,2026-04-27,15:28:06.092,49.8,759.842,110,1/1250.0,1.7,0,default,24.0,32.104244,35.210597,5599,32.10444406592655,35.21106936464653,49.79999999999999,63.434948806637564
926,34,2026-04-27,15:28:06.126,49.8,759.842,110,1/1250.0,1.7,0,default,24.0,32.104244,35.210597,5599,32.10444406592655,35.21106936464653,49.79999999999999,63.434948806637564
927,33,2026-04-27,15:28:06.158,49.8,759.842,110,1/1250.0,1.7,0,default,24.0,32.104244,35.210597,5599,32.10444406592655,35.21106936464653,49.79999999999999,63.434948806637564
928,33,2026-04-27,15:28:06.192,49.8,759.842,110,1/1250.0,1.7,0,default,24.0,32.104249,35.210607,5598,32.10444906592655,35.21107936467239,49.79999999999999,63.434948806637564
929,34,2026-04-27,15:28:06.226,49.8,759.842,110,1/1250.0,1.7,0,default,24.0,32.104249,35.210607,5598,32.10444906592655,35.21107936467239,49.79999999999999,63.434948806637564
930,33,2026-04-27,15:28:06.259,49.8,759.842,110,1/1250.0,1.7,0,default,24.0,32.104249,35.210607,5597,32.10444906592644,35.21107936467246,49.79999999999999,63.43494882292201
931,34,2026-04-27,15:28:06.292,49.8,759.842,110,1/1250.0,1.7,0,default,24.0,32.104254,35.210618,5596,32.10445406592643,35.211090364698315,49.79999999999999,63.43494882292201
932,33,2026-04-27,15:28:06.325,49.8,759.842,110,1/1250.0,1.7,0,default,24.0,32.104254,35.210618,5595,32.10445406592643,35.211090364698315,49.79999999999999,63.43494882292201
933,33,2026-04-27,15:28:06.359,49.8,759.842,110,1/1250.0,1.7,0,default,24.0,32.104254,35.210618,5594,32.10445406592643,35.211090364698315,49.79999999999999,63.43494882292201
934,34,2026-04-27,15:28:06.392,49.8,759.842,110,1/1250.0,1.7,0,default,24.0,32.10426,35.210629,5593,32.10446006592643,35.21110136472935,49.79999999999999,63.43494882292201
935,33,2026-04-27,15:28:06.426,49.8,759.842,110,1/1250.0,1.7,0,default,24.0,32.10426,35.210629,5591,32.10446006592643,35.21110136472935,49.79999999999999,63.43494882292201
936,33,2026-04-27,15:28:06.459,49.8,759.842,110,1/1250.0,1.7,0,default,24.0,32.10426,35.210629,5591,32.104460065926546,35.21110136472928,49.79999999999999,63.434948806637564
937,34,2026-04-27,15:28:06.493,49.8,759.842,110,1/1250.0,1.7,0,default,24.0,32.104265,35.210639,5589,32.10446506592655,35.21111136475515,49.79999999999999,63.434948806637564
938,33,2026-04-27,15:28:06.525,49.8,759.842,110,1/1250.0,1.7,0,default,24.0,32.104265,35.210639,5588,32.10446506592655,35.21111136475515,49.79999999999999,63.434948806637564
939,33,2026-04-27,15:28:06.559,49.8,759.842,110,1/1250.0,1.7,0,default,24.0,32.104265,35.210639,5586,32.10446506592655,35.21111136475515,49.79999999999999,63.434948806637564
940,34,2026-04-27,15:28:06.593,49.8,759.842,110,1/1250.0,1.7,0,default,24.0,32.104271,35.210651,5585,32.104471065926546,35.21112336478618,49.79999999999999,63.434948806637564
941,33,2026-04-27,15:28:06.626,49.8,759.842,110,1/1250.0,1.7,0,default,24.0,32.104271,35.210651,5584,32.104471065926546,35.21112336478618,49.79999999999999,63.434948806637564
942,34,2026-04-27,15:28:06.659,49.8,759.842,110,1/1250.0,1.7,0,default,24.0,32.104271,35.210651,5583,32.104471065926546,35.21112336478618,49.79999999999999,63.434948806637564
943,33,2026-04-27,15:28:06.693,49.8,759.842,110,1/1250.0,1.7,0,default,24.0,32.104276,35.21066,5582,32.10447606592655,35.211132364812045,49.79999999999999,63.434948806637564
944,33,2026-04-27,15:28:06.726,49.8,759.842,110,1/1250.0,1.7,0,default,24.0,32.104276,35.21066,5581,32.10447606592655,35.211132364812045,49.79999999999999,63.434948806637564
945,34,2026-04-27,15:28:06.759,49.8,759.842,110,1/1250.0,1.7,0,default,24.0,32.104276,35.21066,5580,32.104476065926434,35.21113236481211,49.79999999999999,63.43494882292201
946,33,2026-04-27,15:28:06.793,49.8,759.842,110,1/1250.0,1.7,0,default,24.0,32.104282,35.210671,5579,32.10448206592643,35.211143364843146,49.79999999999999,63.43494882292201
947,33,2026-04-27,15:28:06.826,49.8,759.842,110,1/1250.0,1.7,0,default,24.0,32.104282,35.210671,5578,32.10448206592643,35.211143364843146,49.79999999999999,63.43494882292201
948,34,2026-04-27,15:28:06.860,49.8,759.842,110,1/1250.0,1.7,0,default,24.0,32.104282,35.210671,5577,32.10448206592643,35.211143364843146,49.79999999999999,63.43494882292201
949,33,2026-04-27,15:28:06.893,49.8,759.842,110,1/1250.0,1.7,0,default,24.0,32.104287,35.210683,5577,32.104487065926435,35.211155364869015,49.79999999999999,63.43494882292201
950,33,2026-04-27,15:28:06.926,49.8,759.842,110,1/1250.0,1.7,0,default,24.0,32.104287,35.210683,5577,32.104487065926435,35.211155364869015,49.79999999999999,63.43494882292201
951,34,2026-04-27,15:28:06.960,49.8,759.842,110,1/1250.0,1.7,0,default,24.0,32.104287,35.210683,5577,32.104487065926435,35.211155364869015,49.79999999999999,63.43494882292201
952,33,2026-04-27,15:28:06.993,49.8,759.842,110,1/1250.0,1.7,0,default,24.0,32.104293,35.210693,5577,32.104493065926434,35.21116536490005,49.79999999999999,63.43494882292201
953,34,2026-04-27,15:28:07.026,49.8,759.842,110,1/1250.0,1.7,0,default,24.0,32.104293,35.210693,5577,32.104493065926434,35.21116536490005,49.79999999999999,63.43494882292201
954,33,2026-04-27,15:28:07.059,49.8,759.842,110,1/1250.0,1.7,0,default,24.0,32.104293,35.210693,5577,32.104493065926434,35.21116536490005,49.79999999999999,63.43494882292201
955,33,2026-04-27,15:28:07.093,49.8,759.842,110,1/1250.0,1.7,0,default,24.0,32.104299,35.210705,5577,32.10449906592643,35.211177364931075,49.79999999999999,63.43494882292201
956,34,2026-04-27,15:28:07.127,49.8,759.842,110,1/1250.0,1.7,0,default,24.0,32.104299,35.210705,5578,32.10449906592643,35.211177364931075,49.79999999999999,63.43494882292201
957,33,2026-04-27,15:28:07.160,49.8,759.842,110,1/1250.0,1.7,0,default,24.0,32.104299,35.210705,5578,32.10449906592643,35.211177364931075,49.79999999999999,63.43494882292201
958,33,2026-04-27,15:28:07.193,49.8,759.842,110,1/1250.0,1.7,0,default,24.0,32.104304,35.210715,5579,32.104504065926434,35.21118736495694,49.79999999999999,63.43494882292201
959,34,2026-04-27,15:28:07.227,49.8,759.842,110,1/1250.0,1.7,0,default,24.0,32.104304,35.210715,5580,32.104504065926434,35.21118736495694,49.79999999999999,63.43494882292201
960,33,2026-04-27,15:28:07.260,49.8,759.842,110,1/1250.0,1.7,0,default,24.0,32.104304,35.210715,5581,32.104504065926434,35.21118736495694,49.79999999999999,63.43494882292201
961,34,2026-04-27,15:28:07.293,49.8,759.842,110,1/1250.0,1.7,0,default,24.0,32.104309,35.210726,5582,32.104509065926436,35.211198364982806,49.79999999999999,63.43494882292201
962,33,2026-04-27,15:28:07.327,49.8,759.842,110,1/1250.0,1.7,0,default,24.0,32.104309,35.210726,5582,32.104509065926436,35.211198364982806,49.79999999999999,63.43494882292201
963,33,2026-04-27,15:28:07.360,49.8,759.842,110,1/1250.0,1.7,0,default,24.0,32.104309,35.210726,5582,32.104509065926436,35.211198364982806,49.79999999999999,63.43494882292201
964,34,2026-04-27,15:28:07.393,49.8,759.842,110,1/1250.0,1.7,0,default,24.0,32.104314,35.210736,5582,32.10451406592644,35.211208365008666,49.79999999999999,63.43494882292201
965,33,2026-04-27,15:28:07.426,49.8,759.842,110,1/1250.0,1.7,0,default,24.0,32.104314,35.210736,5582,32.10451406592644,35.211208365008666,49.79999999999999,63.43494882292201
966,33,2026-04-27,15:28:07.460,49.8,759.842,110,1/1250.0,1.7,0,default,24.0,32.104314,35.210736,5582,32.10451406592644,35.211208365008666,49.79999999999999,63.43494882292201
967,34,2026-04-27,15:28:07.493,49.8,759.842,110,1/1250.0,1.7,0,default,24.0,32.10432,35.210747,5582,32.10452006592644,35.2112193650397,49.79999999999999,63.43494882292201
968,33,2026-04-27,15:28:07.527,49.8,759.842,110,1/1250.0,1.7,0,default,24.0,32.10432,35.210747,5583,32.10452006592644,35.2112193650397,49.79999999999999,63.43494882292201
969,33,2026-04-27,15:28:07.560,49.8,759.842,110,1/1250.0,1.7,0,default,24.0,32.10432,35.210747,5583,32.10452006592644,35.2112193650397,49.79999999999999,63.43494882292201
970,34,2026-04-27,15:28:07.594,49.8,759.842,110,1/1250.0,1.7,0,default,24.0,32.104325,35.210758,5583,32.10452506592644,35.21123036506556,49.79999999999999,63.43494882292201
971,33,2026-04-27,15:28:07.627,49.8,759.842,110,1/1250.0,1.7,0,default,24.0,32.104325,35.210758,5584,32.10452506592644,35.21123036506556,49.79999999999999,63.43494882292201
972,34,2026-04-27,15:28:07.660,49.8,759.842,110,1/1250.0,1.7,0,default,24.0,32.104325,35.210758,5584,32.10452506592644,35.21123036506556,49.79999999999999,63.43494882292201
973,33,2026-04-27,15:28:07.694,49.8,759.842,110,1/1250.0,1.7,0,default,24.0,32.104332,35.21077,5585,32.104532065926435,35.21124236510177,49.79999999999999,63.43494882292201
974,33,2026-04-27,15:28:07.727,49.8,759.842,100,1/1250.0,1.7,0,default,24.0,32.104332,35.21077,5586,32.104532065926435,35.21124236510177,49.79999999999999,63.43494882292201
975,34,2026-04-27,15:28:07.760,49.8,759.842,110,1/1250.0,1.7,0,default,24.0,32.104332,35.21077,5586,32.104532065926435,35.21124236510177,49.79999999999999,63.43494882292201
976,33,2026-04-27,15:28:07.794,49.8,759.842,110,1/1250.0,1.7,0,default,24.0,32.104337,35.21078,5587,32.104537065926436,35.211252365127635,49.79999999999999,63.43494882292201
977,33,2026-04-27,15:28:07.826,49.8,759.842,100,1/1250.0,1.7,0,default,24.0,32.104337,35.21078,5588,32.104537065926436,35.211252365127635,49.79999999999999,63.43494882292201
978,34,2026-04-27,15:28:07.861,49.8,759.842,100,1/1250.0,1.7,0,default,24.0,32.104337,35.21078,5589,32.104537065926436,35.211252365127635,49.79999999999999,63.43494882292201
979,33,2026-04-27,15:28:07.894,49.8,759.842,100,1/1250.0,1.7,0,default,24.0,32.104343,35.210792,5590,32.104543065926435,35.21126436515867,49.79999999999999,63.43494882292201
980,33,2026-04-27,15:28:07.927,49.8,759.842,100,1/1250.0,1.7,0,default,24.0,32.104343,35.210792,5591,32.104543065926435,35.21126436515867,49.79999999999999,63.43494882292201
981,34,2026-04-27,15:28:07.961,49.8,759.842,100,1/1250.0,1.7,0,default,24.0,32.104343,35.210792,5592,32.104543065926435,35.21126436515867,49.79999999999999,63.43494882292201
982,33,2026-04-27,15:28:07.994,49.8,759.842,100,1/1250.0,1.7,0,default,24.0,32.104348,35.210802,5592,32.10454806592644,35.211274365184536,49.79999999999999,63.43494882292201
983,34,2026-04-27,15:28:08.027,49.8,759.842,100,1/1250.0,1.7,0,default,24.0,32.104348,35.210802,5592,32.10454806592644,35.211274365184536,49.79999999999999,63.43494882292201
984,33,2026-04-27,15:28:08.060,49.8,759.842,100,1/1250.0,1.7,0,default,24.0,32.104348,35.210802,5592,32.10454806592644,35.211274365184536,49.79999999999999,63.43494882292201
985,33,2026-04-27,15:28:08.094,49.8,759.842,100,1/1250.0,1.7,0,default,24.0,32.104353,35.210813,5592,32.10455306592644,35.2112853652104,49.79999999999999,63.43494882292201
986,34,2026-04-27,15:28:08.128,49.8,759.842,100,1/1250.0,1.7,0,default,24.0,32.104353,35.210813,5592,32.10455306592644,35.2112853652104,49.79999999999999,63.43494882292201
987,33,2026-04-27,15:28:08.161,49.8,759.842,100,1/1250.0,1.7,0,default,24.0,32.104353,35.210813,5592,32.10455306592644,35.2112853652104,49.79999999999999,63.43494882292201
988,33,2026-04-27,15:28:08.194,49.8,759.842,100,1/1250.0,1.7,0,default,24.0,32.104358,35.210824,5591,32.10455806592643,35.21129636523626,49.79999999999999,63.43494882292201
989,34,2026-04-27,15:28:08.228,49.8,759.842,100,1/1250.0,1.7,0,default,24.0,32.104358,35.210824,5591,32.10455806592643,35.21129636523626,49.79999999999999,63.43494882292201
990,33,2026-04-27,15:28:08.261,49.8,759.842,100,1/1250.0,1.7,0,default,24.0,32.104358,35.210824,5590,32.10455806592643,35.21129636523626,49.79999999999999,63.43494882292201
991,34,2026-04-27,15:28:08.294,49.8,759.842,100,1/1250.0,1.7,0,default,24.0,32.104364,35.210835,5589,32.10456406592643,35.211307365267295,49.79999999999999,63.43494882292201
992,33,2026-04-27,15:28:08.328,49.8,759.842,100,1/1250.0,1.7,0,default,24.0,32.104364,35.210835,5589,32.10456406592643,35.211307365267295,49.79999999999999,63.43494882292201
993,33,2026-04-27,15:28:08.361,49.8,759.842,100,1/1250.0,1.7,0,default,24.0,32.104364,35.210835,5588,32.10456406592643,35.211307365267295,49.79999999999999,63.43494882292201
994,34,2026-04-27,15:28:08.394,49.8,759.842,100,1/1250.0,1.7,0,default,24.0,32.10437,35.210846,5588,32.10457006592644,35.211318365298325,49.79999999999999,63.43494882292201
995,33,2026-04-27,15:28:08.427,49.8,759.842,100,1/1250.0,1.7,0,default,24.0,32.10437,35.210846,5588,32.10457006592644,35.211318365298325,49.79999999999999,63.43494882292201
996,33,2026-04-27,15:28:08.461,49.8,759.842,100,1/1250.0,1.7,0,default,24.0,32.10437,35.210846,5588,32.10457006592644,35.211318365298325,49.79999999999999,63.43494882292201
997,34,2026-04-27,15:28:08.495,49.8,759.842,100,1/1250.0,1.7,0,default,24.0,32.104375,35.210856,5588,32.10457506592643,35.21132836532419,49.79999999999999,63.43494882292201
998,33,2026-04-27,15:28:08.527,49.8,759.842,100,1/1250.0,1.7,0,default,24.0,32.104375,35.210856,5588,32.10457506592643,35.21132836532419,49.79999999999999,63.43494882292201
999,33,2026-04-27,15:28:08.561,49.8,759.842,100,1/1250.0,1.7,0,default,24.0,32.104375,35.210856,5588,32.10457506592643,35.21132836532419,49.79999999999999,63.43494882292201
1000,34,2026-04-27,15:28:08.595,49.8,759.842,100,1/1250.0,1.7,0,default,24.0,32.10438,35.210866,5589,32.104580065926434,35.21133836535006,49.79999999999999,63.43494882292201
1001,33,2026-04-27,15:28:08.627,49.8,759.842,100,1/1250.0,1.7,0,default,24.0,32.10438,35.210866,5589,32.104580065926434,35.21133836535006,49.79999999999999,63.43494882292201
1002,34,2026-04-27,15:28:08.661,49.8,759.842,100,1/1250.0,1.7,0,default,24.0,32.10438,35.210866,5590,32.104580065926434,35.21133836535006,49.79999999999999,63.43494882292201
1003,33,2026-04-27,15:28:08.695,49.8,759.842,100,1/1250.0,1.7,0,default,24.0,32.104385,35.210877,5591,32.104585065926436,35.21134936537592,49.79999999999999,63.43494882292201
1004,33,2026-04-27,15:28:08.728,49.8,759.842,100,1/1250.0,1.7,0,default,24.0,32.104385,35.210877,5591,32.104585065926436,35.21134936537592,49.79999999999999,63.43494882292201
1005,34,2026-04-27,15:28:08.761,49.8,759.842,100,1/1250.0,1.7,0,default,24.0,32.104385,35.210877,5592,32.104585065926436,35.21134936537592,49.79999999999999,63.43494882292201
1006,33,2026-04-27,15:28:08.795,49.8,759.842,100,1/1250.0,1.7,0,default,24.0,32.104391,35.210889,5592,32.104591065926435,35.21136136540695,49.79999999999999,63.43494882292201
1007,33,2026-04-27,15:28:08.828,49.8,759.842,100,1/1250.0,1.7,0,default,24.0,32.104391,35.210889,5592,32.104591065926435,35.21136136540695,49.79999999999999,63.43494882292201
1008,34,2026-04-27,15:28:08.861,49.8,759.842,100,1/1250.0,1.7,0,default,24.0,32.104391,35.210889,5592,32.104591065926435,35.21136136540695,49.79999999999999,63.43494882292201
1009,33,2026-04-27,15:28:08.895,49.8,759.842,100,1/1250.0,1.7,0,default,24.0,32.104397,35.210901,5592,32.104597065926434,35.211373365437986,49.79999999999999,63.43494882292201
1010,33,2026-04-27,15:28:08.928,49.8,759.842,100,1/1250.0,1.7,0,default,24.0,32.104397,35.210901,5592,32.104597065926434,35.211373365437986,49.79999999999999,63.43494882292201
1011,34,2026-04-27,15:28:08.962,49.8,759.842,100,1/1250.0,1.7,0,default,24.0,32.104397,35.210901,5592,32.104597065926434,35.211373365437986,49.79999999999999,63.43494882292201
1012,33,2026-04-27,15:28:08.994,49.8,759.842,100,1/1250.0,1.7,0,default,24.0,32.104402,35.210912,5592,32.104602065926436,35.21138436546385,49.79999999999999,63.43494882292201
1013,34,2026-04-27,15:28:09.028,49.8,759.842,100,1/1250.0,1.7,0,default,24.0,32.104402,35.210912,5592,32.104602065926436,35.21138436546385,49.79999999999999,63.43494882292201
1014,33,2026-04-27,15:28:09.061,49.8,759.842,100,1/1250.0,1.7,0,default,24.0,32.104402,35.210912,5592,32.104602065926436,35.21138436546385,49.79999999999999,63.43494882292201
1015,33,2026-04-27,15:28:09.095,49.8,759.842,100,1/1250.0,1.7,0,default,24.0,32.104407,35.210922,5591,32.10460706592644,35.21139436548971,49.79999999999999,63.43494882292201
1016,34,2026-04-27,15:28:09.129,49.8,759.842,100,1/1250.0,1.7,0,default,24.0,32.104407,35.210922,5591,32.10460706592644,35.21139436548971,49.79999999999999,63.43494882292201
1017,33,2026-04-27,15:28:09.162,49.8,759.842,100,1/1250.0,1.7,0,default,24.0,32.104407,35.210922,5590,32.10460706592644,35.21139436548971,49.79999999999999,63.43494882292201
1018,33,2026-04-27,15:28:09.195,49.8,759.842,100,1/1250.0,1.7,0,default,24.0,32.104412,35.210933,5590,32.10461206592644,35.211405365515574,49.79999999999999,63.43494882292201
1019,34,2026-04-27,15:28:09.229,49.8,759.842,100,1/1250.0,1.7,0,default,24.0,32.104412,35.210933,5589,32.10461206592644,35.211405365515574,49.79999999999999,63.43494882292201
1020,33,2026-04-27,15:28:09.262,49.8,759.842,100,1/1250.0,1.7,0,default,24.0,32.104412,35.210933,5589,32.10461206592644,35.211405365515574,49.79999999999999,63.43494882292201
1021,34,2026-04-27,15:28:09.295,49.8,759.842,100,1/1250.0,1.7,0,default,24.0,32.104418,35.210945,5589,32.10461806592644,35.211417365546616,49.79999999999999,63.43494882292201
1022,33,2026-04-27,15:28:09.329,49.8,759.842,100,1/1250.0,1.7,0,default,24.0,32.104418,35.210945,5587,32.10461806592644,35.211417365546616,49.79999999999999,63.43494882292201
1023,33,2026-04-27,15:28:09.362,49.8,759.842,100,1/1250.0,1.7,0,default,24.0,32.104418,35.210945,5586,32.10461806592644,35.211417365546616,49.79999999999999,63.43494882292201
1024,34,2026-04-27,15:28:09.395,49.8,759.842,100,1/1250.0,1.7,0,default,24.0,32.104423,35.210955,5584,32.10462306592643,35.21142736557247,49.79999999999999,63.43494882292201
1025,33,2026-04-27,15:28:09.429,49.8,759.842,100,1/1250.0,1.7,0,default,24.0,32.104423,35.210955,5583,32.10462306592643,35.21142736557247,49.79999999999999,63.43494882292201
1026,33,2026-04-27,15:28:09.462,49.8,759.842,100,1/1250.0,1.7,0,default,24.0,32.104423,35.210955,5582,32.10462306592643,35.21142736557247,49.79999999999999,63.43494882292201
1027,34,2026-04-27,15:28:09.496,49.8,759.842,100,1/1250.0,1.7,0,default,24.0,32.104429,35.210966,5580,32.10462906592644,35.211438365603506,49.79999999999999,63.43494882292201
1028,33,2026-04-27,15:28:09.529,49.8,759.842,100,1/1250.0,1.7,0,default,24.0,32.104429,35.210966,5579,32.10462906592644,35.211438365603506,49.79999999999999,63.43494882292201
1029,33,2026-04-27,15:28:09.562,49.8,759.842,100,1/1250.0,1.7,0,default,24.0,32.104429,35.210966,5577,32.10462906592644,35.211438365603506,49.79999999999999,63.43494882292201
1030,34,2026-04-27,15:28:09.596,49.8,759.842,100,1/1250.0,1.7,0,default,24.0,32.104435,35.210978,5574,32.10463506592644,35.21145036563454,49.79999999999999,63.43494882292201
1031,33,2026-04-27,15:28:09.629,49.8,759.842,100,1/1250.0,1.7,0,default,24.0,32.104435,35.210978,5572,32.10463506592644,35.21145036563454,49.79999999999999,63.43494882292201
1032,34,2026-04-27,15:28:09.662,49.8,759.842,100,1/1000.0,1.7,0,default,24.0,32.104435,35.210978,5570,32.10463506592644,35.21145036563454,49.79999999999999,63.43494882292201
1033,33,2026-04-27,15:28:09.695,49.8,759.842,100,1/1000.0,1.7,0,default,24.0,32.104441,35.210989,5567,32.10464106592644,35.21146136566558,49.79999999999999,63.43494882292201
1034,33,2026-04-27,15:28:09.728,49.8,759.842,100,1/1000.0,1.7,0,default,24.0,32.104441,35.210989,5565,32.10464106592644,35.21146136566558,49.79999999999999,63.43494882292201
1035,34,2026-04-27,15:28:09.763,49.8,759.842,100,1/1000.0,1.7,0,default,24.0,32.104441,35.210989,5563,32.10464106592644,35.21146136566558,49.79999999999999,63.43494882292201
1036,33,2026-04-27,15:28:09.796,49.8,759.842,100,1/1000.0,1.7,0,default,24.0,32.104446,35.210999,5560,32.10464606592644,35.211471365691445,49.79999999999999,63.43494882292201
1037,33,2026-04-27,15:28:09.829,49.8,759.842,100,1/1000.0,1.7,0,default,24.0,32.104446,35.210999,5558,32.10464606592644,35.211471365691445,49.79999999999999,63.43494882292201
1038,34,2026-04-27,15:28:09.863,49.8,759.842,100,1/1000.0,1.7,0,default,24.0,32.104446,35.210999,5557,32.10464606592644,35.211471365691445,49.79999999999999,63.43494882292201
1039,33,2026-04-27,15:28:09.896,49.8,759.842,100,1/1000.0,1.7,0,default,24.0,32.104452,35.211011,5555,32.10465206592644,35.21148336572248,49.79999999999999,63.43494882292201
1040,33,2026-04-27,15:28:09.928,49.8,759.842,100,1/1000.0,1.7,0,default,24.0,32.104452,35.211011,5553,32.10465206592644,35.21148336572248,49.79999999999999,63.43494882292201
1041,34,2026-04-27,15:28:09.963,49.8,759.842,100,1/1000.0,1.7,0,default,24.0,32.104452,35.211011,5552,32.10465206592644,35.21148336572248,49.79999999999999,63.43494882292201
1042,33,2026-04-27,15:28:09.996,49.8,759.842,100,1/1000.0,1.7,0,default,24.0,32.104457,35.211022,5552,32.10465706592643,35.211494365748344,49.79999999999999,63.43494882292201
1043,34,2026-04-27,15:28:10.029,49.8,759.842,100,1/1000.0,1.7,0,default,24.0,32.104457,35.211022,5550,32.10465706592643,35.211494365748344,49.79999999999999,63.43494882292201
1044,33,2026-04-27,15:28:10.062,49.8,759.842,100,1/1000.0,1.7,0,default,24.0,32.104457,35.211022,5548,32.10465706592643,35.211494365748344,49.79999999999999,63.43494882292201
1045,33,2026-04-27,15:28:10.096,49.8,759.842,100,1/1000.0,1.7,0,default,24.0,32.104462,35.211033,5546,32.10466206592643,35.2115053657742,49.79999999999999,63.43494882292201
1046,34,2026-04-27,15:28:10.129,49.8,759.842,110,1/1000.0,1.7,0,default,24.0,32.104462,35.211033,5544,32.10466206592643,35.2115053657742,49.79999999999999,63.43494882292201
1047,33,2026-04-27,15:28:10.163,49.8,759.842,110,1/1000.0,1.7,0,default,24.0,32.104462,35.211033,5543,32.10466206592643,35.2115053657742,49.79999999999999,63.43494882292201
1048,33,2026-04-27,15:28:10.196,49.8,759.842,110,1/1000.0,1.7,0,default,24.0,32.104467,35.211043,5541,32.104667065926435,35.21151536580006,49.79999999999999,63.43494882292201
1049,34,2026-04-27,15:28:10.230,49.8,759.842,110,1/1000.0,1.7,0,default,24.0,32.104467,35.211043,5539,32.104667065926435,35.21151536580006,49.79999999999999,63.43494882292201
1050,33,2026-04-27,15:28:10.263,49.8,759.842,110,1/1000.0,1.7,0,default,24.0,32.104467,35.211043,5537,32.104667065926435,35.21151536580006,49.79999999999999,63.43494882292201
1051,34,2026-04-27,15:28:10.296,49.8,759.842,110,1/1000.0,1.7,0,default,24.0,32.104473,35.211054,5536,32.104673065926434,35.2115263658311,49.79999999999999,63.43494882292201
1052,33,2026-04-27,15:28:10.330,49.8,759.842,110,1/1000.0,1.7,0,default,24.0,32.104473,35.211054,5534,32.104673065926434,35.2115263658311,49.79999999999999,63.43494882292201
1053,33,2026-04-27,15:28:10.363,49.8,759.842,110,1/1000.0,1.7,0,default,24.0,32.104473,35.211054,5531,32.104673065926434,35.2115263658311,49.79999999999999,63.43494882292201
1054,34,2026-04-27,15:28:10.396,49.8,759.842,110,1/1000.0,1.7,0,default,24.0,32.104479,35.211066,5529,32.10467906592643,35.21153836586214,49.79999999999999,63.43494882292201
1055,33,2026-04-27,15:28:10.430,49.8,759.842,110,1/1000.0,1.7,0,default,24.0,32.104479,35.211066,5526,32.10467906592643,35.21153836586214,49.79999999999999,63.43494882292201
1056,33,2026-04-27,15:28:10.463,49.8,759.842,110,1/1000.0,1.7,0,default,24.0,32.104479,35.211066,5524,32.10467906592643,35.21153836586214,49.79999999999999,63.43494882292201
1057,34,2026-04-27,15:28:10.497,49.8,759.842,110,1/1000.0,1.7,0,default,24.0,32.104484,35.211076,5521,32.104684065926435,35.211548365888,49.79999999999999,63.43494882292201
1058,33,2026-04-27,15:28:10.529,49.8,759.842,110,1/1000.0,1.7,0,default,24.0,32.104484,35.211076,5518,32.104684065926435,35.211548365888,49.79999999999999,63.43494882292201
1059,33,2026-04-27,15:28:10.563,49.8,759.842,110,1/1000.0,1.7,0,default,24.0,32.104484,35.211076,5516,32.104684065926435,35.211548365888,49.79999999999999,63.43494882292201
1060,34,2026-04-27,15:28:10.597,49.8,759.842,110,1/1000.0,1.7,0,default,24.0,32.10449,35.211088,5513,32.104690065926434,35.211560365919034,49.79999999999999,63.43494882292201
1061,33,2026-04-27,15:28:10.629,49.8,759.842,110,1/1000.0,1.7,0,default,24.0,32.10449,35.211088,5511,32.104690065926434,35.211560365919034,49.79999999999999,63.43494882292201
1062,34,2026-04-27,15:28:10.663,49.8,759.842,110,1/1000.0,1.7,0,default,24.0,32.10449,35.211088,5509,32.104690065926434,35.211560365919034,49.79999999999999,63.43494882292201
1063,33,2026-04-27,15:28:10.697,49.8,759.842,110,1/1000.0,1.7,0,default,24.0,32.104495,35.211099,5507,32.104695065926435,35.2115713659449,49.79999999999999,63.43494882292201
1064,33,2026-04-27,15:28:10.730,49.8,759.842,110,1/1000.0,1.7,0,default,24.0,32.104495,35.211099,5506,32.104695065926435,35.2115713659449,49.79999999999999,63.43494882292201
1065,34,2026-04-27,15:28:10.764,49.8,759.842,110,1/1000.0,1.7,0,default,24.0,32.104495,35.211099,5504,32.104695065926435,35.2115713659449,49.79999999999999,63.43494882292201
1066,33,2026-04-27,15:28:10.797,49.8,759.842,120,1/1000.0,1.7,0,default,24.0,32.104501,35.211109,5503,32.104701065926434,35.21158136597593,49.79999999999999,63.43494882292201
1067,33,2026-04-27,15:28:10.831,49.8,759.842,120,1/1000.0,1.7,0,default,24.0,32.104501,35.211109,5500,32.104701065926434,35.21158136597593,49.79999999999999,63.43494882292201
1068,34,2026-04-27,15:28:10.864,49.8,759.842,120,1/1000.0,1.7,0,default,24.0,32.104501,35.211109,5498,32.104701065926434,35.21158136597593,49.79999999999999,63.43494882292201
1069,33,2026-04-27,15:28:10.897,49.8,759.842,120,1/1000.0,1.7,0,default,24.0,32.104506,35.21112,5496,32.104706065926436,35.211592366001796,49.79999999999999,63.43494882292201
1070,33,2026-04-27,15:28:10.930,49.8,759.842,120,1/1000.0,1.7,0,default,24.0,32.104506,35.21112,5493,32.104706065926436,35.211592366001796,49.79999999999999,63.43494882292201
1071,34,2026-04-27,15:28:10.964,49.8,759.842,120,1/1000.0,1.7,0,default,24.0,32.104506,35.21112,5492,32.104706065926436,35.211592366001796,49.79999999999999,63.43494882292201
1072,33,2026-04-27,15:28:10.997,49.8,759.842,120,1/1000.0,1.7,0,default,24.0,32.104512,35.211132,5489,32.104712065926435,35.21160436603283,49.79999999999999,63.43494882292201
1073,34,2026-04-27,15:28:11.030,49.8,759.842,120,1/1000.0,1.7,0,default,24.0,32.104512,35.211132,5486,32.104712065926435,35.21160436603283,49.79999999999999,63.43494882292201
1074,33,2026-04-27,15:28:11.063,49.8,759.842,120,1/1000.0,1.7,0,default,24.0,32.104512,35.211132,5483,32.10471206592653,35.21160436603277,49.79999999999999,63.43494880935165
1075,33,2026-04-27,15:28:11.097,49.8,759.842,120,1/1000.0,1.7,0,default,24.0,32.104516,35.211141,5480,32.104716065926524,35.21161336605346,49.79999999999999,63.43494880935165
1076,34,2026-04-27,15:28:11.130,49.8,759.842,120,1/1000.0,1.7,0,default,24.0,32.104516,35.211141,5477,32.104716065926524,35.21161336605346,49.79999999999999,63.43494880935165
1077,33,2026-04-27,15:28:11.163,49.8,759.842,120,1/1000.0,1.7,0,default,24.0,32.104516,35.211141,5473,32.104716065926546,35.211613366053456,49.79999999999999,63.434948806637564
1078,33,2026-04-27,15:28:11.196,49.8,759.842,120,1/1000.0,1.7,0,default,24.0,32.104522,35.211153,5469,32.10472206592655,35.21162536608449,49.79999999999999,63.434948806637564
1079,34,2026-04-27,15:28:11.231,49.8,759.842,120,1/1000.0,1.7,0,default,24.0,32.104522,35.211153,5465,32.10472206592655,35.21162536608449,49.79999999999999,63.434948806637564
1080,33,2026-04-27,15:28:11.264,49.8,759.842,120,1/1000.0,1.7,0,default,24.0,32.104522,35.211153,5461,32.10472206592655,35.21162536608449,49.79999999999999,63.434948806637564
1081,34,2026-04-27,15:28:11.296,49.8,759.842,120,1/1000.0,1.7,0,default,24.0,32.104528,35.211164,5457,32.10472806592655,35.21163636611552,49.79999999999999,63.434948806637564
1082,33,2026-04-27,15:28:11.331,49.8,759.842,120,1/1000.0,1.7,0,default,24.0,32.104528,35.211164,5454,32.10472806592655,35.21163636611552,49.79999999999999,63.434948806637564
1083,33,2026-04-27,15:28:11.364,49.8,759.842,120,1/1000.0,1.7,0,default,24.0,32.104528,35.211164,5451,32.10472806592655,35.21163636611552,49.79999999999999,63.434948806637564
1084,34,2026-04-27,15:28:11.397,49.8,759.842,120,1/1000.0,1.7,0,default,24.0,32.104534,35.211176,5447,32.10473406592655,35.21164836614656,49.79999999999999,63.434948806637564
1085,33,2026-04-27,15:28:11.431,49.8,759.842,120,1/1000.0,1.7,0,default,24.0,32.104534,35.211176,5443,32.10473406592655,35.21164836614656,49.79999999999999,63.434948806637564
1086,33,2026-04-27,15:28:11.464,49.8,759.842,120,1/1000.0,1.7,0,default,24.0,32.104534,35.211176,5439,32.10474821977361,35.21163963544518,49.79999999999999,61.38954032366253
1087,34,2026-04-27,15:28:11.498,49.8,759.842,120,1/1000.0,1.7,0,default,24.0,32.104539,35.211185,5435,32.10475321977361,35.21164863547056,49.79999999999999,61.38954032366253
1088,33,2026-04-27,15:28:11.531,49.8,759.842,120,1/1000.0,1.7,0,default,24.0,32.104539,35.211185,5432,32.10475321977361,35.21164863547056,49.79999999999999,61.38954032366253
1089,33,2026-04-27,15:28:11.564,49.8,759.842,130,1/1000.0,1.7,0,default,24.0,32.104539,35.211185,5428,32.104756257713,35.211646661195886,49.79999999999999,60.94539588940084
1090,34,2026-04-27,15:28:11.598,49.8,759.842,130,1/1000.0,1.7,0,default,24.0,32.104545,35.211197,5424,32.104762257713,35.21165866122622,49.79999999999999,60.94539588940084
1091,33,2026-04-27,15:28:11.631,49.8,759.842,130,1/1000.0,1.7,0,default,24.0,32.104545,35.211197,5419,32.104762257713,35.21165866122622,49.79999999999999,60.94539588940084
1092,34,2026-04-27,15:28:11.664,49.8,759.842,130,1/1000.0,1.7,0,default,24.0,32.104545,35.211197,5414,32.104762257713,35.21165866122622,49.79999999999999,60.94539588940084
1093,33,2026-04-27,15:28:11.698,49.8,759.842,130,1/1000.0,1.7,0,default,24.0,32.10455,35.211206,5409,32.104767257713,35.21166766125149,49.79999999999999,60.94539588940084
1094,33,2026-04-27,15:28:11.731,49.8,759.842,130,1/1000.0,1.7,0,default,24.0,32.10455,35.211206,5404,32.104767257713,35.21166766125149,49.79999999999999,60.94539588940084
1095,34,2026-04-27,15:28:11.765,49.8,759.842,130,1/1000.0,1.7,0,default,24.0,32.10455,35.211206,5399,32.104767257713,35.21166766125149,49.79999999999999,60.94539588940084
1096,33,2026-04-27,15:28:11.797,49.8,759.842,130,1/1000.0,1.7,0,default,24.0,32.104556,35.211218,5393,32.104773257713,35.21167966128183,49.79999999999999,60.94539588940084
1097,33,2026-04-27,15:28:11.831,49.8,759.842,130,1/1000.0,1.7,0,default,24.0,32.104556,35.211218,5388,32.104773257713,35.21167966128183,49.79999999999999,60.94539588940084
1098,34,2026-04-27,15:28:11.865,49.8,759.842,130,1/1000.0,1.7,0,default,24.0,32.104556,35.211218,5383,32.104773257713,35.21167966128183,49.79999999999999,60.94539588940084
1099,33,2026-04-27,15:28:11.898,49.8,759.842,130,1/1000.0,1.7,0,default,24.0,32.104563,35.211228,5378,32.104780257712996,35.211689661317216,49.79999999999999,60.94539588940084
1100,33,2026-04-27,15:28:11.931,49.8,759.842,130,1/1000.0,1.7,0,default,24.0,32.104563,35.211228,5373,32.104780257712996,35.211689661317216,49.79999999999999,60.94539588940084
1101,34,2026-04-27,15:28:11.965,49.8,759.842,130,1/1000.0,1.7,0,default,24.0,32.104563,35.211228,5369,32.104780257712996,35.211689661317216,49.79999999999999,60.94539588940084
1102,33,2026-04-27,15:28:11.998,49.8,759.842,130,1/1000.0,1.7,0,default,24.0,32.104568,35.211237,5364,32.104785257713,35.21169866134249,49.79999999999999,60.94539588940084
1103,34,2026-04-27,15:28:12.031,49.8,759.842,130,1/1000.0,1.7,0,default,24.0,32.104568,35.211237,5359,32.104785257713,35.21169866134249,49.79999999999999,60.94539588940084
1104,33,2026-04-27,15:28:12.064,49.8,759.842,130,1/1000.0,1.7,0,default,24.0,32.104568,35.211237,5355,32.10482454469429,35.21166965407577,49.79999999999999,55.00797982329965
1105,33,2026-04-27,15:28:12.098,49.8,759.842,120,1/1000.0,1.7,0,default,24.0,32.104575,35.211247,5351,32.104831544694285,35.21167965410894,49.79999999999999,55.00797982329965
1106,34,2026-04-27,15:28:12.131,49.8,759.842,120,1/1000.0,1.7,0,default,24.0,32.104575,35.211247,5347,32.104831544694285,35.21167965410894,49.79999999999999,55.00797982329965
1107,33,2026-04-27,15:28:12.165,49.8,759.842,120,1/1000.0,1.7,0,default,24.0,32.104575,35.211247,5343,32.104831544694406,35.211679654108835,49.79999999999999,55.00797980417363
1108,33,2026-04-27,15:28:12.198,49.8,759.842,120,1/1000.0,1.7,0,default,24.0,32.10458,35.211256,5340,32.10483654469441,35.21168865413252,49.79999999999999,55.00797980417363
1109,34,2026-04-27,15:28:12.232,49.8,759.842,120,1/1000.0,1.7,0,default,24.0,32.10458,35.211256,5337,32.10483654469441,35.21168865413252,49.79999999999999,55.00797980417363
1110,33,2026-04-27,15:28:12.265,49.8,759.842,120,1/1000.0,1.7,0,default,24.0,32.10458,35.211256,5333,32.10484841660684,35.21167849733852,49.79999999999999,53.13010236229819
1111,34,2026-04-27,15:28:12.298,49.8,759.842,120,1/1000.0,1.7,0,default,24.0,32.104587,35.211265,5331,32.104855416606846,35.211687497370896,49.79999999999999,53.13010236229819
1112,33,2026-04-27,15:28:12.332,49.8,759.842,120,1/1000.0,1.7,0,default,24.0,32.104587,35.211265,5328,32.104855416606846,35.211687497370896,49.79999999999999,53.13010236229819
1113,33,2026-04-27,15:28:12.365,49.8,759.842,120,1/1000.0,1.7,0,default,24.0,32.104587,35.211265,5326,32.104855416606846,35.211687497370896,49.79999999999999,53.13010236229819
1114,34,2026-04-27,15:28:12.398,49.8,759.842,110,1/1000.0,1.7,0,default,24.0,32.104593,35.211273,5323,32.104861416606845,35.21169549739866,49.79999999999999,53.13010236229819
1115,33,2026-04-27,15:28:12.432,49.8,759.842,110,1/1000.0,1.7,0,default,24.0,32.104593,35.211273,5321,32.104861416606845,35.21169549739866,49.79999999999999,53.13010236229819
1116,33,2026-04-27,15:28:12.465,49.8,759.842,110,1/1000.0,1.7,0,default,24.0,32.104593,35.211273,5319,32.104867653093976,35.21168987407293,49.79999999999999,52.12501633011206
1117,34,2026-04-27,15:28:12.499,49.8,759.842,110,1/1000.0,1.7,0,default,24.0,32.1046,35.211281,5316,32.10487465309397,35.21169787410489,49.79999999999999,52.12501633011206
1118,33,2026-04-27,15:28:12.532,49.8,759.842,110,1/1000.0,1.7,0,default,24.0,32.1046,35.211281,5314,32.10487465309397,35.21169787410489,49.79999999999999,52.12501633011206
1119,33,2026-04-27,15:28:12.565,49.8,759.842,110,1/1000.0,1.7,0,default,24.0,32.1046,35.211281,5313,32.10489113868698,35.211681979955074,49.79999999999999,49.39870537415371
1120,34,2026-04-27,15:28:12.599,49.8,759.842,110,1/800.0,1.7,0,default,24.0,32.104606,35.211288,5311,32.10489713868698,35.211688979981425,49.79999999999999,49.39870537415371
1121,33,2026-04-27,15:28:12.632,49.8,759.842,110,1/800.0,1.7,0,default,24.0,32.104606,35.211288,5309,32.10489713868698,35.211688979981425,49.79999999999999,49.39870537415371
1122,34,2026-04-27,15:28:12.665,49.8,759.842,110,1/800.0,1.7,0,default,24.0,32.104606,35.211288,5308,32.10489713868718,35.211688979981226,49.79999999999999,49.39870534062691
1123,33,2026-04-27,15:28:12.699,49.8,759.842,110,1/800.0,1.7,0,default,24.0,32.104613,35.211296,5306,32.10490413868718,35.21169698001196,49.79999999999999,49.39870534062691
1124,33,2026-04-27,15:28:12.732,49.8,759.842,110,1/800.0,1.7,0,default,24.0,32.104613,35.211296,5304,32.10490413868718,35.21169698001196,49.79999999999999,49.39870534062691
1125,34,2026-04-27,15:28:12.766,49.8,759.842,110,1/800.0,1.7,0,default,24.0,32.104613,35.211296,5302,32.10490758928734,35.211693452206866,49.79999999999999,48.81407485230412
1126,33,2026-04-27,15:28:12.799,49.8,759.842,110,1/800.0,1.7,0,default,24.0,32.10462,35.211304,5302,32.10491458928734,35.211701452237335,49.79999999999999,48.81407485230412
1127,33,2026-04-27,15:28:12.832,49.8,759.842,100,1/800.0,1.7,0,default,24.0,32.10462,35.211304,5301,32.10491458928734,35.211701452237335,49.79999999999999,48.81407485230412
1128,34,2026-04-27,15:28:12.866,49.8,759.842,100,1/800.0,1.7,0,default,24.0,32.10462,35.211304,5300,32.10491458928734,35.211701452237335,49.79999999999999,48.81407485230412
1129,33,2026-04-27,15:28:12.899,49.8,759.842,100,1/800.0,1.7,0,default,24.0,32.104626,35.211311,5298,32.104920589287346,35.21170845226345,49.79999999999999,48.81407485230412
1130,33,2026-04-27,15:28:12.932,49.8,759.842,100,1/800.0,1.7,0,default,24.0,32.104626,35.211311,5297,32.104920589287346,35.21170845226345,49.79999999999999,48.81407485230412
1131,34,2026-04-27,15:28:12.966,49.8,759.842,100,1/800.0,1.7,0,default,24.0,32.104626,35.211311,5296,32.104920589287346,35.21170845226345,49.79999999999999,48.81407485230412
1132,33,2026-04-27,15:28:12.999,49.8,759.842,100,1/800.0,1.7,0,default,24.0,32.104633,35.211319,5294,32.10492758928734,35.21171645229392,49.79999999999999,48.81407485230412
1133,34,2026-04-27,15:28:13.032,49.8,759.842,100,1/800.0,1.7,0,default,24.0,32.104633,35.211319,5292,32.10492758928734,35.21171645229392,49.79999999999999,48.81407485230412
1134,33,2026-04-27,15:28:13.065,49.8,759.842,100,1/800.0,1.7,0,default,24.0,32.104633,35.211319,5290,32.10492758928734,35.21171645229392,49.79999999999999,48.81407485230412
1135,33,2026-04-27,15:28:13.099,49.8,759.842,100,1/800.0,1.7,0,default,24.0,32.10464,35.211327,5290,32.104934589287346,35.211724452324376,49.79999999999999,48.81407485230412
1136,34,2026-04-27,15:28:13.132,49.8,759.842,100,1/800.0,1.7,0,default,24.0,32.10464,35.211327,5289,32.104934589287346,35.211724452324376,49.79999999999999,48.81407485230412
1137,33,2026-04-27,15:28:13.166,49.8,759.842,100,1/800.0,1.7,0,default,24.0,32.10464,35.211327,5288,32.104934589287495,35.211724452324226,49.79999999999999,48.81407482708485
1138,33,2026-04-27,15:28:13.199,49.8,759.842,100,1/800.0,1.7,0,default,24.0,32.104646,35.211335,5287,32.104940589287494,35.21173245235034,49.79999999999999,48.81407482708485
1139,34,2026-04-27,15:28:13.232,49.8,759.842,100,1/800.0,1.7,0,default,24.0,32.104646,35.211335,5286,32.104940589287494,35.21173245235034,49.79999999999999,48.81407482708485
1140,33,2026-04-27,15:28:13.266,49.8,759.842,100,1/800.0,1.7,0,default,24.0,32.104646,35.211335,5285,32.104940589287665,35.21173245235016,49.79999999999999,48.814074798262844
1141,34,2026-04-27,15:28:13.299,49.8,759.842,100,1/800.0,1.7,0,default,24.0,32.104653,35.211343,5284,32.10494758928766,35.21174045238063,49.79999999999999,48.814074798262844
1142,33,2026-04-27,15:28:13.332,49.8,759.842,100,1/800.0,1.7,0,default,24.0,32.104653,35.211343,5283,32.10494758928766,35.21174045238063,49.79999999999999,48.814074798262844
1143,33,2026-04-27,15:28:13.366,49.8,759.842,100,1/800.0,1.7,0,default,24.0,32.104653,35.211343,5281,32.10494758928766,35.21174045238063,49.79999999999999,48.814074798262844
1144,34,2026-04-27,15:28:13.399,49.8,759.842,100,1/800.0,1.7,0,default,24.0,32.10466,35.21135,5280,32.104954589287665,35.2117474524111,49.79999999999999,48.814074798262844
1145,33,2026-04-27,15:28:13.433,49.8,759.842,100,1/800.0,1.7,0,default,24.0,32.10466,35.21135,5279,32.104954589287665,35.2117474524111,49.79999999999999,48.814074798262844
1146,33,2026-04-27,15:28:13.466,49.8,759.842,100,1/800.0,1.7,0,default,24.0,32.10466,35.21135,5278,32.10497633200487,35.211723438743476,49.79999999999999,45.0
1147,34,2026-04-27,15:28:13.500,49.8,759.842,100,1/800.0,1.7,0,default,24.0,32.104667,35.211358,5277,32.10498333200486,35.2117314387721,49.79999999999999,45.0
1148,33,2026-04-27,15:28:13.533,49.8,759.842,100,1/800.0,1.7,0,default,24.0,32.104667,35.211358,5276,32.10498333200486,35.2117314387721,49.79999999999999,45.0
1149,33,2026-04-27,15:28:13.566,49.8,759.842,100,1/800.0,1.7,0,default,24.0,32.104667,35.211358,5275,32.10498333200486,35.2117314387721,49.79999999999999,45.0
1150,34,2026-04-27,15:28:13.600,49.8,759.842,100,1/800.0,1.7,0,default,24.0,32.104674,35.211365,5274,32.10499033200487,35.21173843880073,49.79999999999999,45.0
1151,33,2026-04-27,15:28:13.633,49.8,759.842,100,1/800.0,1.7,0,default,24.0,32.104674,35.211365,5274,32.10499033200487,35.21173843880073,49.79999999999999,45.0
1152,34,2026-04-27,15:28:13.666,49.8,759.842,100,1/800.0,1.7,0,default,24.0,32.104674,35.211365,5273,32.10501067347132,35.211712770913294,49.79999999999999,41.185925176517905
1153,33,2026-04-27,15:28:13.700,49.8,759.842,100,1/800.0,1.7,0,default,24.0,32.104681,35.211371,5273,32.105017673471316,35.21171877093995,49.79999999999999,41.185925176517905
1154,33,2026-04-27,15:28:13.733,49.8,759.842,100,1/800.0,1.7,0,default,24.0,32.104681,35.211371,5273,32.105017673471316,35.21171877093995,49.79999999999999,41.185925176517905
1155,34,2026-04-27,15:28:13.767,49.8,759.842,100,1/800.0,1.7,0,default,24.0,32.104681,35.211371,5272,32.10502066180157,35.21171469740917,49.79999999999999,40.60129465458355
1156,33,2026-04-27,15:28:13.800,49.8,759.842,100,1/800.0,1.7,0,default,24.0,32.104689,35.211378,5272,32.10502866180157,35.21172169743929,49.79999999999999,40.60129465458355
1157,33,2026-04-27,15:28:13.832,49.8,759.842,100,1/800.0,1.7,0,default,24.0,32.104689,35.211378,5271,32.10502866180157,35.21172169743929,49.79999999999999,40.60129465458355
1158,34,2026-04-27,15:28:13.866,49.8,759.842,100,1/800.0,1.7,0,default,24.0,32.104689,35.211378,5270,32.10502866180157,35.21172169743929,49.79999999999999,40.60129465458355
1159,33,2026-04-27,15:28:13.900,49.8,759.842,100,1/800.0,1.7,0,default,24.0,32.104696,35.211384,5270,32.105035661801566,35.21172769746563,49.79999999999999,40.60129465458355
1160,33,2026-04-27,15:28:13.933,49.8,759.842,100,1/800.0,1.7,0,default,24.0,32.104696,35.211384,5269,32.105035661801566,35.21172769746563,49.79999999999999,40.60129465458355
1161,34,2026-04-27,15:28:13.967,49.8,759.842,100,1/800.0,1.7,0,default,24.0,32.104696,35.211384,5269,32.10506003262896,35.21169096487692,49.79999999999999,35.537677747962384
1162,33,2026-04-27,15:28:14.000,49.8,759.842,100,1/800.0,1.7,0,default,24.0,32.104703,35.211389,5268,32.105067032628966,35.21169596490045,49.79999999999999,35.537677747962384
1163,34,2026-04-27,15:28:14.033,49.8,759.842,100,1/800.0,1.7,0,default,24.0,32.104703,35.211389,5268,32.105067032628966,35.21169596490045,49.79999999999999,35.537677747962384
1164,33,2026-04-27,15:28:14.066,49.8,759.842,100,1/800.0,1.7,0,default,24.0,32.104703,35.211389,5268,32.10507522686115,35.211681949590506,49.79999999999999,33.69006755729602
1165,33,2026-04-27,15:28:14.100,49.8,759.842,100,1/800.0,1.7,0,default,24.0,32.104711,35.211394,5268,32.105083226861154,35.211686949616166,49.79999999999999,33.69006755729602
1166,34,2026-04-27,15:28:14.133,49.8,759.842,100,1/800.0,1.7,0,default,24.0,32.104711,35.211394,5268,32.105083226861154,35.211686949616166,49.79999999999999,33.69006755729602
1167,33,2026-04-27,15:28:14.167,49.8,759.842,100,1/800.0,1.7,0,default,24.0,32.104711,35.211394,5268,32.105090361379006,35.211673904328485,49.79999999999999,32.005383212657776
1168,33,2026-04-27,15:28:14.200,49.8,759.842,100,1/800.0,1.7,0,default,24.0,32.104717,35.211398,5268,32.105096361379005,35.211677904346885,49.79999999999999,32.005383212657776
1169,34,2026-04-27,15:28:14.234,49.8,759.842,100,1/800.0,1.7,0,default,24.0,32.104717,35.211398,5268,32.105096361379005,35.211677904346885,49.79999999999999,32.005383212657776
1170,33,2026-04-27,15:28:14.267,49.8,759.842,100,1/800.0,1.7,0,default,24.0,32.104717,35.211398,5268,32.1051171318528,35.21163418354678,49.79999999999999,26.565051197433544
1171,34,2026-04-27,15:28:14.301,49.8,759.842,100,1/800.0,1.7,0,default,24.0,32.104725,35.211402,5268,32.1051251318528,35.211638183567466,49.79999999999999,26.565051197433544
1172,33,2026-04-27,15:28:14.333,49.8,759.842,100,1/800.0,1.7,0,default,24.0,32.104725,35.211402,5268,32.1051251318528,35.211638183567466,49.79999999999999,26.565051197433544
1173,33,2026-04-27,15:28:14.367,49.8,759.842,100,1/800.0,1.7,0,default,24.0,32.104725,35.211402,5268,32.105125131852944,35.21163818356713,49.79999999999999,26.56505115672244
1174,34,2026-04-27,15:28:14.400,49.8,759.842,100,1/1000.0,1.7,0,default,24.0,32.104732,35.211405,5268,32.10513213185294,35.211641183585236,49.79999999999999,26.56505115672244
1175,33,2026-04-27,15:28:14.433,49.8,759.842,100,1/1000.0,1.7,0,default,24.0,32.104732,35.211405,5268,32.10513213185294,35.211641183585236,49.79999999999999,26.56505115672244
1176,33,2026-04-27,15:28:14.467,49.8,759.842,100,1/1000.0,1.7,0,default,24.0,32.104732,35.211405,5268,32.10514318965031,35.21161303766536,49.79999999999999,23.19859052066734
1177,34,2026-04-27,15:28:14.501,49.8,759.842,100,1/1000.0,1.7,0,default,24.0,32.10474,35.211409,5268,32.105151189650314,35.21161703768359,49.79999999999999,23.19859052066734
1178,33,2026-04-27,15:28:14.533,49.8,759.842,100,1/1000.0,1.7,0,default,24.0,32.10474,35.211409,5269,32.105151189650314,35.21161703768359,49.79999999999999,23.19859052066734
1179,33,2026-04-27,15:28:14.566,49.8,759.842,100,1/1000.0,1.7,0,default,24.0,32.10474,35.211409,5269,32.10515887716798,35.21159443622428,49.79999999999999,20.556045214006602
1180,34,2026-04-27,15:28:14.601,49.8,759.842,110,1/1000.0,1.7,0,default,24.0,32.104748,35.211412,5270,32.10516687716798,35.21159743624053,49.79999999999999,20.556045214006602
1181,33,2026-04-27,15:28:14.634,49.8,759.842,110,1/1000.0,1.7,0,default,24.0,32.104748,35.211412,5270,32.10516687716798,35.21159743624053,49.79999999999999,20.556045214006602
1182,34,2026-04-27,15:28:14.667,49.8,759.842,110,1/1000.0,1.7,0,default,24.0,32.104748,35.211412,5271,32.10517814832578,35.21155708644868,49.79999999999999,15.945395908604196
1183,33,2026-04-27,15:28:14.701,49.8,759.842,110,1/1000.0,1.7,0,default,24.0,32.104755,35.211414,5271,32.10518514832577,35.21155908645979,49.79999999999999,15.945395908604196
1184,33,2026-04-27,15:28:14.734,49.8,759.842,110,1/1000.0,1.7,0,default,24.0,32.104755,35.211414,5271,32.10518514832577,35.21155908645979,49.79999999999999,15.945395908604196
1185,34,2026-04-27,15:28:14.768,49.8,759.842,110,1/1000.0,1.7,0,default,24.0,32.104755,35.211414,5271,32.10518514832585,35.21155908645945,49.79999999999999,15.945395870197498
1186,33,2026-04-27,15:28:14.801,49.8,759.842,110,1/1000.0,1.7,0,default,24.0,32.104762,35.211416,5271,32.105192148325855,35.21156108647058,49.79999999999999,15.945395870197498
1187,33,2026-04-27,15:28:14.834,49.8,759.842,110,1/1000.0,1.7,0,default,24.0,32.104762,35.211416,5272,32.105192148325855,35.21156108647058,49.79999999999999,15.945395870197498
1188,34,2026-04-27,15:28:14.867,49.8,759.842,110,1/1000.0,1.7,0,default,24.0,32.104762,35.211416,5272,32.105192148325855,35.21156108647058,49.79999999999999,15.945395870197498
1189,33,2026-04-27,15:28:14.901,49.8,759.842,110,1/1000.0,1.7,0,default,24.0,32.10477,35.211418,5272,32.105200148325856,35.21156308648329,49.79999999999999,15.945395870197498
1190,33,2026-04-27,15:28:14.933,49.8,759.842,110,1/1000.0,1.7,0,default,24.0,32.10477,35.211418,5272,32.105200148325856,35.21156308648329,49.79999999999999,15.945395870197498
1191,34,2026-04-27,15:28:14.968,49.8,759.842,120,1/1000.0,1.7,0,default,24.0,32.10477,35.211418,5272,32.105200148325856,35.21156308648329,49.79999999999999,15.945395870197498
1192,33,2026-04-27,15:28:15.001,49.8,759.842,120,1/1000.0,1.7,0,default,24.0,32.104777,35.21142,5272,32.10520714832585,35.21156508649441,49.79999999999999,15.945395870197498
1193,34,2026-04-27,15:28:15.034,49.8,759.842,120,1/1000.0,1.7,0,default,24.0,32.104777,35.21142,5272,32.10520714832585,35.21156508649441,49.79999999999999,15.945395870197498
1194,33,2026-04-27,15:28:15.067,49.8,759.842,120,1/1000.0,1.7,0,default,24.0,32.104777,35.21142,5272,32.10521100393013,35.2115480885965,49.79999999999999,14.03624347990033
1195,33,2026-04-27,15:28:15.101,49.8,759.842,120,1/1000.0,1.7,0,default,24.0,32.104784,35.211421,5272,32.10521800393013,35.21154908860632,49.79999999999999,14.03624347990033
1196,34,2026-04-27,15:28:15.135,49.8,759.842,120,1/1000.0,1.7,0,default,24.0,32.104784,35.211421,5272,32.10521800393013,35.21154908860632,49.79999999999999,14.03624347990033
1197,33,2026-04-27,15:28:15.168,49.8,759.842,120,1/1250.0,1.7,0,default,24.0,32.104784,35.211421,5272,32.10521800393013,35.21154908860632,49.79999999999999,14.03624347990033
1198,33,2026-04-27,15:28:15.201,49.8,759.842,120,1/1250.0,1.7,0,default,24.0,32.10479,35.211422,5273,32.10522400393013,35.211550088614736,49.79999999999999,14.03624347990033
1199,34,2026-04-27,15:28:15.235,49.8,759.842,120,1/1250.0,1.7,0,default,24.0,32.10479,35.211422,5274,32.10522400393013,35.211550088614736,49.79999999999999,14.03624347990033
1200,33,2026-04-27,15:28:15.268,49.8,759.842,120,1/1250.0,1.7,0,default,24.0,32.10479,35.211422,5275,32.10522400393013,35.211550088614736,49.79999999999999,14.03624347990033
1201,34,2026-04-27,15:28:15.302,49.8,759.842,120,1/1250.0,1.7,0,default,24.0,32.104798,35.211423,5275,32.10523200393013,35.21155108862596,49.79999999999999,14.03624347990033
1202,33,2026-04-27,15:28:15.334,49.8,759.842,120,1/1250.0,1.7,0,default,24.0,32.104798,35.211423,5276,32.10523200393013,35.21155108862596,49.79999999999999,14.03624347990033
1203,33,2026-04-27,15:28:15.367,49.8,759.842,120,1/1250.0,1.7,0,default,24.0,32.104798,35.211423,5277,32.10523200393013,35.21155108862596,49.79999999999999,14.03624347990033
1204,34,2026-04-27,15:28:15.401,49.8,759.842,120,1/1250.0,1.7,0,default,24.0,32.104805,35.211425,5278,32.10523900393013,35.211553088635775,49.79999999999999,14.03624347990033
1205,33,2026-04-27,15:28:15.434,49.8,759.842,120,1/1250.0,1.7,0,default,24.0,32.104805,35.211425,5278,32.10523900393013,35.211553088635775,49.79999999999999,14.03624347990033
1206,33,2026-04-27,15:28:15.468,49.8,759.842,120,1/1250.0,1.7,0,default,24.0,32.104805,35.211425,5279,32.10523900393013,35.211553088635775,49.79999999999999,14.03624347990033
1207,34,2026-04-27,15:28:15.502,49.8,759.842,120,1/1250.0,1.7,0,default,24.0,32.104812,35.211426,5280,32.105246003930134,35.2115540886456,49.79999999999999,14.03624347990033
1208,33,2026-04-27,15:28:15.534,49.8,759.842,120,1/1250.0,1.7,0,default,24.0,32.104812,35.211426,5281,32.105246003930134,35.2115540886456,49.79999999999999,14.03624347990033
1209,33,2026-04-27,15:28:15.568,49.8,759.842,120,1/1250.0,1.7,0,default,24.0,32.104812,35.211426,5281,32.10524870803063,35.21154056596751,49.79999999999999,12.528807723520135
1210,34,2026-04-27,15:28:15.602,49.8,759.842,120,1/1250.0,1.7,0,default,24.0,32.10482,35.211427,5283,32.10525670803062,35.21154156597755,49.79999999999999,12.528807723520135
1211,33,2026-04-27,15:28:15.634,49.8,759.842,120,1/1250.0,1.7,0,default,24.0,32.10482,35.211427,5284,32.10525670803062,35.21154156597755,49.79999999999999,12.528807723520135
1212,34,2026-04-27,15:28:15.668,49.8,759.842,120,1/1250.0,1.7,0,default,24.0,32.10482,35.211427,5286,32.10525670803062,35.21154156597755,49.79999999999999,12.528807723520135
1213,33,2026-04-27,15:28:15.702,49.8,759.842,120,1/1250.0,1.7,0,default,24.0,32.104828,35.211429,5287,32.105264708030624,35.21154356598758,49.79999999999999,12.528807723520135
1214,33,2026-04-27,15:28:15.734,49.8,759.842,120,1/1250.0,1.7,0,default,24.0,32.104828,35.211429,5288,32.105264708030624,35.21154356598758,49.79999999999999,12.528807723520135
1215,34,2026-04-27,15:28:15.769,49.8,759.842,120,1/1250.0,1.7,0,default,24.0,32.104828,35.211429,5289,32.105264708030624,35.21154356598758,49.79999999999999,12.528807723520135
1216,33,2026-04-27,15:28:15.802,49.8,759.842,120,1/1250.0,1.7,0,default,24.0,32.104835,35.21143,5290,32.10527170803063,35.21154456599636,49.79999999999999,12.528807723520135
1217,33,2026-04-27,15:28:15.835,49.8,759.842,120,1/1250.0,1.7,0,default,24.0,32.104835,35.21143,5291,32.10527170803063,35.21154456599636,49.79999999999999,12.528807723520135
1218,34,2026-04-27,15:28:15.869,49.8,759.842,120,1/1250.0,1.7,0,default,24.0,32.104835,35.21143,5292,32.1052717080307,35.21154456599598,49.79999999999999,12.528807680414264
1219,33,2026-04-27,15:28:15.902,49.8,759.842,120,1/1250.0,1.7,0,default,24.0,32.104843,35.211432,5293,32.1052797080307,35.211546566006014,49.79999999999999,12.528807680414264
1220,33,2026-04-27,15:28:15.935,49.8,759.842,120,1/1250.0,1.7,0,default,24.0,32.104843,35.211432,5294,32.1052797080307,35.211546566006014,49.79999999999999,12.528807680414264
1221,34,2026-04-27,15:28:15.969,49.8,759.842,120,1/1250.0,1.7,0,default,24.0,32.104843,35.211432,5295,32.105284274183525,35.21151882291808,49.79999999999999,9.462322186019618
1222,33,2026-04-27,15:28:16.002,49.8,759.842,120,1/1250.0,1.7,0,default,24.0,32.10485,35.211433,5296,32.10529127418352,35.21151982292473,49.79999999999999,9.462322186019618
1223,34,2026-04-27,15:28:16.035,49.8,759.842,120,1/1250.0,1.7,0,default,24.0,32.10485,35.211433,5298,32.10529127418352,35.21151982292473,49.79999999999999,9.462322186019618
1224,33,2026-04-27,15:28:16.068,49.8,759.842,120,1/1250.0,1.7,0,default,24.0,32.10485,35.211433,5300,32.10529127418352,35.21151982292473,49.79999999999999,9.462322186019618
1225,33,2026-04-27,15:28:16.102,49.8,759.842,120,1/1250.0,1.7,0,default,24.0,32.104859,35.211435,5302,32.10530027418352,35.21152182293329,49.79999999999999,9.462322186019618
1226,34,2026-04-27,15:28:16.136,49.8,759.842,120,1/1250.0,1.7,0,default,24.0,32.104859,35.211435,5303,32.10530027418352,35.21152182293329,49.79999999999999,9.462322186019618
1227,33,2026-04-27,15:28:16.169,49.8,759.842,120,1/1250.0,1.7,0,default,24.0,32.104859,35.211435,5304,32.10529767356296,35.211538573497634,49.79999999999999,11.309932450533044
1228,33,2026-04-27,15:28:16.203,49.8,759.842,120,1/1250.0,1.7,0,default,24.0,32.104866,35.211437,5305,32.10530467356296,35.211540573505566,49.79999999999999,11.309932450533044
1229,34,2026-04-27,15:28:16.236,49.8,759.842,120,1/1250.0,1.7,0,default,24.0,32.104866,35.211437,5306,32.10530467356296,35.211540573505566,49.79999999999999,11.309932450533044
1230,33,2026-04-27,15:28:16.269,49.8,759.842,120,1/1250.0,1.7,0,default,24.0,32.104866,35.211437,5307,32.1053027080307,35.21155156603486,49.79999999999999,12.528807680414264
1231,34,2026-04-27,15:28:16.302,49.8,759.842,120,1/1250.0,1.7,0,default,24.0,32.104875,35.211438,5308,32.1053117080307,35.21155256604616,49.79999999999999,12.528807680414264
1232,33,2026-04-27,15:28:16.336,49.8,759.842,120,1/1250.0,1.7,0,default,24.0,32.104875,35.211438,5309,32.1053117080307,35.21155256604616,49.79999999999999,12.528807680414264
1233,33,2026-04-27,15:28:16.369,49.8,759.842,120,1/1250.0,1.7,0,default,24.0,32.104875,35.211438,5311,32.1053117080307,35.21155256604616,49.79999999999999,12.528807680414264
1234,34,2026-04-27,15:28:16.402,49.8,759.842,120,1/1250.0,1.7,0,default,24.0,32.104883,35.21144,5312,32.1053197080307,35.2115545660562,49.79999999999999,12.528807680414264
1235,33,2026-04-27,15:28:16.436,49.8,759.842,120,1/1250.0,1.7,0,default,24.0,32.104883,35.21144,5313,32.1053197080307,35.2115545660562,49.79999999999999,12.528807680414264
1236,33,2026-04-27,15:28:16.469,49.8,759.842,120,1/1250.0,1.7,0,default,24.0,32.104883,35.21144,5314,32.10532167356291,35.21154357352514,49.79999999999999,11.309932481849271
1237,34,2026-04-27,15:28:16.503,49.8,759.842,120,1/1250.0,1.7,0,default,24.0,32.104891,35.211441,5314,32.10532967356291,35.211544573534205,49.79999999999999,11.309932481849271
1238,33,2026-04-27,15:28:16.535,49.8,759.842,120,1/1250.0,1.7,0,default,24.0,32.104891,35.211441,5314,32.10532967356291,35.211544573534205,49.79999999999999,11.309932481849271
1239,33,2026-04-27,15:28:16.569,49.8,759.842,120,1/1250.0,1.7,0,default,24.0,32.104891,35.211441,5315,32.1053277080307,35.21155556606623,49.79999999999999,12.528807680414264
1240,34,2026-04-27,15:28:16.603,49.8,759.842,120,1/1250.0,1.7,0,default,24.0,32.1049,35.211443,5315,32.1053367080307,35.21155756607752,49.79999999999999,12.528807680414264
1241,33,2026-04-27,15:28:16.636,49.8,759.842,120,1/1250.0,1.7,0,default,24.0,32.1049,35.211443,5316,32.1053367080307,35.21155756607752,49.79999999999999,12.528807680414264
1242,34,2026-04-27,15:28:16.669,49.8,759.842,120,1/1250.0,1.7,0,default,24.0,32.1049,35.211443,5316,32.1053367080307,35.21155756607752,49.79999999999999,12.528807680414264
1243,33,2026-04-27,15:28:16.702,49.8,759.842,120,1/1250.0,1.7,0,default,24.0,32.104907,35.211445,5317,32.105343708030695,35.2115595660863,49.79999999999999,12.528807680414264
1244,33,2026-04-27,15:28:16.736,49.8,759.842,120,1/1250.0,1.7,0,default,24.0,32.104907,35.211445,5317,32.105343708030695,35.2115595660863,49.79999999999999,12.528807680414264
1245,34,2026-04-27,15:28:16.769,49.8,759.842,120,1/1250.0,1.7,0,default,24.0,32.104907,35.211445,5318,32.1053456735629,35.21154857355242,49.79999999999999,11.309932489678328
1246,33,2026-04-27,15:28:16.803,49.8,759.842,120,1/1250.0,1.7,0,default,24.0,32.104917,35.211446,5319,32.105355673562904,35.21154957356377,49.79999999999999,11.309932489678328
1247,33,2026-04-27,15:28:16.836,49.8,759.842,120,1/1250.0,1.7,0,default,24.0,32.104917,35.211446,5319,32.105355673562904,35.21154957356377,49.79999999999999,11.309932489678328
1248,34,2026-04-27,15:28:16.869,49.8,759.842,120,1/1250.0,1.7,0,default,24.0,32.104917,35.211446,5319,32.1053537080307,35.21156056609885,49.79999999999999,12.528807680414264
1249,33,2026-04-27,15:28:16.903,49.8,759.842,120,1/1250.0,1.7,0,default,24.0,32.104926,35.211448,5320,32.1053627080307,35.21156256611014,49.79999999999999,12.528807680414264
1250,33,2026-04-27,15:28:16.936,49.8,759.842,120,1/1250.0,1.7,0,default,24.0,32.104926,35.211448,5320,32.1053627080307,35.21156256611014,49.79999999999999,12.528807680414264
1251,34,2026-04-27,15:28:16.969,49.8,759.842,120,1/1250.0,1.7,0,default,24.0,32.104926,35.211448,5321,32.1053646735629,35.21155157357397,49.79999999999999,11.309932489678328
1252,33,2026-04-27,15:28:17.003,49.8,759.842,120,1/1250.0,1.7,0,default,24.0,32.104933,35.211449,5321,32.10537167356291,35.21155257358192,49.79999999999999,11.309932489678328
1253,34,2026-04-27,15:28:17.036,49.8,759.842,120,1/1250.0,1.7,0,default,24.0,32.104933,35.211449,5322,32.10537167356291,35.21155257358192,49.79999999999999,11.309932489678328
1254,33,2026-04-27,15:28:17.069,49.8,759.842,120,1/1250.0,1.7,0,default,24.0,32.104933,35.211449,5322,32.10537167356291,35.21155257358192,49.79999999999999,11.309932489678328
1255,33,2026-04-27,15:28:17.103,49.8,759.842,120,1/1250.0,1.7,0,default,24.0,32.104943,35.211451,5323,32.1053816735629,35.211554573593254,49.79999999999999,11.309932489678328
1256,34,2026-04-27,15:28:17.137,49.8,759.842,120,1/1250.0,1.7,0,default,24.0,32.104943,35.211451,5323,32.1053816735629,35.211554573593254,49.79999999999999,11.309932489678328
1257,33,2026-04-27,15:28:17.170,49.8,759.842,120,1/1250.0,1.7,0,default,24.0,32.104943,35.211451,5325,32.1053816735629,35.211554573593254,49.79999999999999,11.309932489678328
1258,33,2026-04-27,15:28:17.203,49.8,759.842,120,1/1250.0,1.7,0,default,24.0,32.104951,35.211453,5325,32.105389673562904,35.21155657360233,49.79999999999999,11.309932489678328
1259,34,2026-04-27,15:28:17.237,49.8,759.842,120,1/1250.0,1.7,0,default,24.0,32.104951,35.211453,5326,32.105389673562904,35.21155657360233,49.79999999999999,11.309932489678328
1260,33,2026-04-27,15:28:17.270,49.8,759.842,120,1/1250.0,1.7,0,default,24.0,32.104951,35.211453,5326,32.105389673562904,35.21155657360233,49.79999999999999,11.309932489678328
1261,34,2026-04-27,15:28:17.303,49.8,759.842,120,1/1250.0,1.7,0,default,24.0,32.10496,35.211455,5327,32.1053986735629,35.211558573612535,49.79999999999999,11.309932489678328
1262,33,2026-04-27,15:28:17.337,49.8,759.842,120,1/1250.0,1.7,0,default,24.0,32.10496,35.211455,5328,32.1053986735629,35.211558573612535,49.79999999999999,11.309932489678328
1263,33,2026-04-27,15:28:17.369,49.8,759.842,120,1/1250.0,1.7,0,default,24.0,32.10496,35.211455,5329,32.1053986735629,35.211558573612535,49.79999999999999,11.309932489678328
1264,34,2026-04-27,15:28:17.403,49.8,759.842,120,1/1250.0,1.7,0,default,24.0,32.104968,35.211456,5330,32.105406673562904,35.21155957362161,49.79999999999999,11.309932489678328
1265,33,2026-04-27,15:28:17.437,49.8,759.842,120,1/1250.0,1.7,0,default,24.0,32.104968,35.211456,5331,32.105406673562904,35.21155957362161,49.79999999999999,11.309932489678328
1266,33,2026-04-27,15:28:17.470,49.8,759.842,120,1/1250.0,1.7,0,default,24.0,32.104968,35.211456,5332,32.10540667356291,35.211559573621535,49.79999999999999,11.309932481849271
1267,34,2026-04-27,15:28:17.504,49.8,759.842,110,1/1250.0,1.7,0,default,24.0,32.104978,35.211458,5333,32.105416673562914,35.211561573632885,49.79999999999999,11.309932481849271
1268,33,2026-04-27,15:28:17.537,49.8,759.842,110,1/1250.0,1.7,0,default,24.0,32.104978,35.211458,5333,32.105416673562914,35.211561573632885,49.79999999999999,11.309932481849271
1269,33,2026-04-27,15:28:17.570,49.8,759.842,110,1/1250.0,1.7,0,default,24.0,32.104978,35.211458,5334,32.10541667356291,35.211561573632956,49.79999999999999,11.309932489678328
1270,34,2026-04-27,15:28:17.604,49.8,759.842,110,1/1250.0,1.7,0,default,24.0,32.104986,35.21146,5334,32.1054246735629,35.21156357364203,49.79999999999999,11.309932489678328
1271,33,2026-04-27,15:28:17.637,49.8,759.842,110,1/1250.0,1.7,0,default,24.0,32.104986,35.21146,5334,32.1054246735629,35.21156357364203,49.79999999999999,11.309932489678328
1272,34,2026-04-27,15:28:17.670,49.8,759.842,110,1/1250.0,1.7,0,default,24.0,32.104986,35.21146,5334,32.1054246735629,35.21156357364203,49.79999999999999,11.309932489678328
1273,33,2026-04-27,15:28:17.704,49.8,759.842,110,1/1250.0,1.7,0,default,24.0,32.104995,35.211461,5334,32.10543367356291,35.21156457365223,49.79999999999999,11.309932489678328
1274,33,2026-04-27,15:28:17.736,49.8,759.842,110,1/1250.0,1.7,0,default,24.0,32.104995,35.211461,5334,32.10543367356291,35.21156457365223,49.79999999999999,11.309932489678328
1275,34,2026-04-27,15:28:17.770,49.8,759.842,110,1/1250.0,1.7,0,default,24.0,32.104995,35.211461,5334,32.105433673562914,35.21156457365216,49.79999999999999,11.309932481849271
1276,33,2026-04-27,15:28:17.803,49.8,759.842,110,1/1250.0,1.7,0,default,24.0,32.105005,35.211463,5334,32.10544367356291,35.211566573663504,49.79999999999999,11.309932481849271
1277,33,2026-04-27,15:28:17.837,49.8,759.842,110,1/1250.0,1.7,0,default,24.0,32.105005,35.211463,5334,32.10544367356291,35.211566573663504,49.79999999999999,11.309932481849271
1278,34,2026-04-27,15:28:17.870,49.8,759.842,110,1/1250.0,1.7,0,default,24.0,32.105005,35.211463,5334,32.1054436735629,35.211566573663575,49.79999999999999,11.309932489678328
1279,33,2026-04-27,15:28:17.904,49.8,759.842,110,1/1250.0,1.7,0,default,24.0,32.105013,35.211465,5334,32.105451673562904,35.21156857367264,49.79999999999999,11.309932489678328
1280,33,2026-04-27,15:28:17.937,49.8,759.842,110,1/1250.0,1.7,0,default,24.0,32.105013,35.211465,5334,32.105451673562904,35.21156857367264,49.79999999999999,11.309932489678328
1281,34,2026-04-27,15:28:17.971,49.8,759.842,110,1/1250.0,1.7,0,default,24.0,32.105013,35.211465,5334,32.105451673562904,35.21156857367264,49.79999999999999,11.309932489678328
1282,33,2026-04-27,15:28:18.004,49.8,759.842,110,1/1250.0,1.7,0,default,24.0,32.105023,35.211466,5334,32.10546167356291,35.211569573683995,49.79999999999999,11.309932489678328
1283,34,2026-04-27,15:28:18.037,49.8,759.842,110,1/1250.0,1.7,0,default,24.0,32.105023,35.211466,5334,32.10546167356291,35.211569573683995,49.79999999999999,11.309932489678328
1284,33,2026-04-27,15:28:18.070,49.8,759.842,110,1/1250.0,1.7,0,default,24.0,32.105023,35.211466,5335,32.10546167356291,35.211569573683995,49.79999999999999,11.309932489678328
1285,33,2026-04-27,15:28:18.104,49.8,759.842,110,1/1250.0,1.7,0,default,24.0,32.105033,35.211468,5335,32.1054716735629,35.21157157369534,49.79999999999999,11.309932489678328
1286,34,2026-04-27,15:28:18.137,49.8,759.842,110,1/1250.0,1.7,0,default,24.0,32.105033,35.211468,5336,32.1054716735629,35.21157157369534,49.79999999999999,11.309932489678328
1287,33,2026-04-27,15:28:18.171,49.8,759.842,110,1/1250.0,1.7,0,default,24.0,32.105033,35.211468,5336,32.1054716735629,35.21157157369534,49.79999999999999,11.309932489678328
1288,33,2026-04-27,15:28:18.204,49.8,759.842,110,1/1250.0,1.7,0,default,24.0,32.105041,35.21147,5337,32.105479673562904,35.211573573704406,49.79999999999999,11.309932489678328
1289,34,2026-04-27,15:28:18.238,49.8,759.842,110,1/1250.0,1.7,0,default,24.0,32.105041,35.21147,5338,32.105479673562904,35.211573573704406,49.79999999999999,11.309932489678328
1290,33,2026-04-27,15:28:18.270,49.8,759.842,110,1/1250.0,1.7,0,default,24.0,32.105041,35.21147,5339,32.105479673562904,35.211573573704406,49.79999999999999,11.309932489678328
1291,34,2026-04-27,15:28:18.304,49.8,759.842,110,1/1250.0,1.7,0,default,24.0,32.10505,35.211471,5340,32.1054886735629,35.211574573714614,49.79999999999999,11.309932489678328
1292,33,2026-04-27,15:28:18.338,49.8,759.842,110,1/1250.0,1.7,0,default,24.0,32.10505,35.211471,5341,32.1054886735629,35.211574573714614,49.79999999999999,11.309932489678328
1293,33,2026-04-27,15:28:18.371,49.8,759.842,110,1/1250.0,1.7,0,default,24.0,32.10505,35.211471,5342,32.1054886735629,35.211574573714614,49.79999999999999,11.309932489678328
1294,34,2026-04-27,15:28:18.404,49.8,759.842,110,1/1250.0,1.7,0,default,24.0,32.10506,35.211473,5343,32.105498673562906,35.21157657372596,49.79999999999999,11.309932489678328
1295,33,2026-04-27,15:28:18.438,49.8,759.842,110,1/1250.0,1.7,0,default,24.0,32.10506,35.211473,5344,32.105498673562906,35.21157657372596,49.79999999999999,11.309932489678328
1296,33,2026-04-27,15:28:18.471,49.8,759.842,100,1/1250.0,1.7,0,default,24.0,32.10506,35.211473,5345,32.105498673562906,35.21157657372596,49.79999999999999,11.309932489678328
1297,34,2026-04-27,15:28:18.505,49.8,759.842,100,1/1250.0,1.7,0,default,24.0,32.10507,35.211474,5345,32.1055086735629,35.2115775737373,49.79999999999999,11.309932489678328
1298,33,2026-04-27,15:28:18.538,49.8,759.842,100,1/1250.0,1.7,0,default,24.0,32.10507,35.211474,5346,32.1055086735629,35.2115775737373,49.79999999999999,11.309932489678328
1299,33,2026-04-27,15:28:18.571,49.8,759.842,100,1/1250.0,1.7,0,default,24.0,32.10507,35.211474,5346,32.1055086735629,35.2115775737373,49.79999999999999,11.309932489678328
1300,34,2026-04-27,15:28:18.605,49.8,759.842,100,1/1250.0,1.7,0,default,24.0,32.105079,35.211476,5346,32.10551767356291,35.21157957374751,49.79999999999999,11.309932489678328
1301,33,2026-04-27,15:28:18.638,49.8,759.842,100,1/1250.0,1.7,0,default,24.0,32.105079,35.211476,5346,32.10551767356291,35.21157957374751,49.79999999999999,11.309932489678328
1302,34,2026-04-27,15:28:18.671,49.8,759.842,100,1/1250.0,1.7,0,default,24.0,32.105079,35.211476,5346,32.105517673562915,35.211579573747436,49.79999999999999,11.309932481849271
1303,33,2026-04-27,15:28:18.705,49.8,759.842,100,1/1250.0,1.7,0,default,24.0,32.105088,35.211478,5347,32.10552667356291,35.21158157375764,49.79999999999999,11.309932481849271
1304,33,2026-04-27,15:28:18.738,49.8,759.842,100,1/1250.0,1.7,0,default,24.0,32.105088,35.211478,5347,32.10552667356291,35.21158157375764,49.79999999999999,11.309932481849271
1305,34,2026-04-27,15:28:18.771,49.8,759.842,100,1/1250.0,1.7,0,default,24.0,32.105088,35.211478,5348,32.105526673562906,35.21158157375771,49.79999999999999,11.309932489678328
1306,33,2026-04-27,15:28:18.805,49.8,759.842,100,1/1250.0,1.7,0,default,24.0,32.105099,35.211479,5348,32.10553767356291,35.21158257377019,49.79999999999999,11.309932489678328
1307,33,2026-04-27,15:28:18.838,49.8,759.842,100,1/1250.0,1.7,0,default,24.0,32.105099,35.211479,5348,32.10553767356291,35.21158257377019,49.79999999999999,11.309932489678328
1308,34,2026-04-27,15:28:18.872,49.8,759.842,100,1/1250.0,1.7,0,default,24.0,32.105099,35.211479,5349,32.105537673562914,35.211582573770116,49.79999999999999,11.309932481849271
1309,33,2026-04-27,15:28:18.905,49.8,759.842,100,1/1250.0,1.7,0,default,24.0,32.105108,35.211481,5349,32.10554667356291,35.21158457378033,49.79999999999999,11.309932481849271
1310,33,2026-04-27,15:28:18.938,49.8,759.842,100,1/1250.0,1.7,0,default,24.0,32.105108,35.211481,5349,32.10554667356291,35.21158457378033,49.79999999999999,11.309932481849271
1311,34,2026-04-27,15:28:18.972,49.8,759.842,100,1/1250.0,1.7,0,default,24.0,32.105108,35.211481,5349,32.105546673562976,35.21158457377997,49.79999999999999,11.309932442703984
1312,33,2026-04-27,15:28:19.005,49.8,759.842,100,1/1250.0,1.7,0,default,24.0,32.105117,35.211483,5349,32.105555673562975,35.21158657379018,49.79999999999999,11.309932442703984
1313,34,2026-04-27,15:28:19.038,49.8,759.842,100,1/1250.0,1.7,0,default,24.0,32.105117,35.211483,5349,32.105555673562975,35.21158657379018,49.79999999999999,11.309932442703984
1314,33,2026-04-27,15:28:19.071,49.8,759.842,100,1/1250.0,1.7,0,default,24.0,32.105117,35.211483,5349,32.105555673562975,35.21158657379018,49.79999999999999,11.309932442703984
1315,33,2026-04-27,15:28:19.105,49.8,759.842,100,1/1250.0,1.7,0,default,24.0,32.105128,35.211485,5349,32.105566673562976,35.21158857380266,49.79999999999999,11.309932442703984
1316,34,2026-04-27,15:28:19.139,49.8,759.842,100,1/1250.0,1.7,0,default,24.0,32.105128,35.211485,5349,32.105566673562976,35.21158857380266,49.79999999999999,11.309932442703984
1317,33,2026-04-27,15:28:19.171,49.8,759.842,100,1/1250.0,1.7,0,default,24.0,32.105128,35.211485,5349,32.105566673562976,35.21158857380266,49.79999999999999,11.309932442703984
1318,33,2026-04-27,15:28:19.205,49.8,759.842,100,1/1250.0,1.7,0,default,24.0,32.105137,35.211487,5349,32.105575673562974,35.21159057381286,49.79999999999999,11.309932442703984
1319,34,2026-04-27,15:28:19.239,49.8,759.842,100,1/1250.0,1.7,0,default,24.0,32.105137,35.211487,5349,32.105575673562974,35.21159057381286,49.79999999999999,11.309932442703984
1320,33,2026-04-27,15:28:19.272,49.8,759.842,100,1/1250.0,1.7,0,default,24.0,32.105137,35.211487,5349,32.10557714503815,35.211581473853236,49.79999999999999,10.304846478536696
1321,34,2026-04-27,15:28:19.305,49.8,759.842,100,1/1250.0,1.7,0,default,24.0,32.105147,35.211489,5349,32.10558714503815,35.211583473863584,49.79999999999999,10.304846478536696
1322,33,2026-04-27,15:28:19.339,49.8,759.842,100,1/1250.0,1.7,0,default,24.0,32.105147,35.211489,5349,32.10558714503815,35.211583473863584,49.79999999999999,10.304846478536696
1323,33,2026-04-27,15:28:19.372,49.8,759.842,100,1/1250.0,1.7,0,default,24.0,32.105147,35.211489,5349,32.10558714503815,35.211583473863584,49.79999999999999,10.304846478536696
1324,34,2026-04-27,15:28:19.405,49.8,759.842,100,1/1250.0,1.7,0,default,24.0,32.105155,35.211491,5349,32.10559514503815,35.211585473871864,49.79999999999999,10.304846478536696
1325,33,2026-04-27,15:28:19.439,49.8,759.842,100,1/1250.0,1.7,0,default,24.0,32.105155,35.211491,5349,32.10559514503815,35.211585473871864,49.79999999999999,10.304846478536696
1326,33,2026-04-27,15:28:19.471,49.8,759.842,100,1/1250.0,1.7,0,default,24.0,32.105155,35.211491,5349,32.10559514503819,35.211585473871594,49.79999999999999,10.304846449224707
1327,34,2026-04-27,15:28:19.506,49.8,759.842,100,1/1250.0,1.7,0,default,24.0,32.105166,35.211493,5349,32.10560614503818,35.21158747388297,49.79999999999999,10.304846449224707
1328,33,2026-04-27,15:28:19.539,49.8,759.842,100,1/1250.0,1.7,0,default,24.0,32.105166,35.211493,5349,32.10560614503818,35.21158747388297,49.79999999999999,10.304846449224707
1329,33,2026-04-27,15:28:19.571,49.8,759.842,100,1/1250.0,1.7,0,default,24.0,32.105166,35.211493,5349,32.10560614503818,35.21158747388297,49.79999999999999,10.304846449224707
1330,34,2026-04-27,15:28:19.606,49.8,759.842,100,1/1250.0,1.7,0,default,24.0,32.105176,35.211494,5349,32.105616145038184,35.21158847389332,49.79999999999999,10.304846449224707
1331,33,2026-04-27,15:28:19.639,49.8,759.842,100,1/1250.0,1.7,0,default,24.0,32.105176,35.211494,5349,32.105616145038184,35.21158847389332,49.79999999999999,10.304846449224707
1332,34,2026-04-27,15:28:19.672,49.8,759.842,100,1/1250.0,1.7,0,default,24.0,32.105176,35.211494,5349,32.105619906434626,35.211559505858915,49.79999999999999,7.125016330882921
1333,33,2026-04-27,15:28:19.706,49.8,759.842,100,1/1250.0,1.7,0,default,24.0,32.105186,35.211496,5349,32.10562990643463,35.21156150586608,49.79999999999999,7.125016330882921
1334,33,2026-04-27,15:28:19.739,49.8,759.842,100,1/1250.0,1.7,0,default,24.0,32.105186,35.211496,5349,32.10562990643463,35.21156150586608,49.79999999999999,7.125016330882921
1335,34,2026-04-27,15:28:19.773,49.8,759.842,100,1/1250.0,1.7,0,default,24.0,32.105186,35.211496,5349,32.10563061605085,35.21155441490097,49.79999999999999,6.350368699183597
1336,33,2026-04-27,15:28:19.806,49.8,759.842,100,1/1250.0,1.7,0,default,24.0,32.105195,35.211498,5349,32.10563961605085,35.21155641490673,49.79999999999999,6.350368699183597
1337,33,2026-04-27,15:28:19.839,49.8,759.842,100,1/1250.0,1.7,0,default,24.0,32.105195,35.211498,5349,32.10563961605085,35.21155641490673,49.79999999999999,6.350368699183597
1338,34,2026-04-27,15:28:19.873,49.8,759.842,100,1/1250.0,1.7,0,default,24.0,32.105195,35.211498,5349,32.10563961605085,35.21155641490673,49.79999999999999,6.350368699872111
1339,33,2026-04-27,15:28:19.906,49.8,759.842,100,1/1250.0,1.7,0,default,24.0,32.105204,35.211499,5350,32.10564861605085,35.2115574149125,49.79999999999999,6.350368699872111
1340,33,2026-04-27,15:28:19.938,49.8,759.842,100,1/1250.0,1.7,0,default,24.0,32.105204,35.211499,5350,32.10564861605085,35.2115574149125,49.79999999999999,6.350368699872111
1341,34,2026-04-27,15:28:19.973,49.8,759.842,100,1/1250.0,1.7,0,default,24.0,32.105204,35.211499,5351,32.10564912857147,35.211551695108604,49.79999999999999,5.726367713645616
1342,33,2026-04-27,15:28:20.006,49.8,759.842,100,1/1250.0,1.7,0,default,24.0,32.105214,35.2115,5351,32.10565912857147,35.21155269511437,49.79999999999999,5.726367713645616
1343,34,2026-04-27,15:28:20.039,49.8,759.842,100,1/1250.0,1.7,0,default,24.0,32.105214,35.2115,5352,32.10565912857147,35.21155269511437,49.79999999999999,5.726367713645616
1344,33,2026-04-27,15:28:20.072,49.8,759.842,100,1/1250.0,1.7,0,default,24.0,32.105214,35.2115,5353,32.10565912857147,35.21155269511437,49.79999999999999,5.726367713023802
1345,33,2026-04-27,15:28:20.106,49.8,759.842,100,1/1250.0,1.7,0,default,24.0,32.105222,35.211501,5354,32.10566712857147,35.21155369511898,49.79999999999999,5.726367713023802
1346,34,2026-04-27,15:28:20.139,49.8,759.842,100,1/1250.0,1.7,0,default,24.0,32.105222,35.211501,5355,32.10566712857147,35.21155369511898,49.79999999999999,5.726367713023802
1347,33,2026-04-27,15:28:20.173,49.8,759.842,100,1/1250.0,1.7,0,default,24.0,32.105222,35.211501,5356,32.1056671285715,35.21155369511865,49.79999999999999,5.726367677007871
1348,33,2026-04-27,15:28:20.206,49.8,759.842,100,1/1250.0,1.7,0,default,24.0,32.105232,35.211502,5358,32.1056771285715,35.21155469512443,49.79999999999999,5.726367677007871
1349,34,2026-04-27,15:28:20.239,49.8,759.842,100,1/1250.0,1.7,0,default,24.0,32.105232,35.211502,5359,32.1056771285715,35.21155469512443,49.79999999999999,5.726367677007871
1350,33,2026-04-27,15:28:20.273,49.8,759.842,100,1/1250.0,1.7,0,default,24.0,32.105232,35.211502,5361,32.10567936101149,35.211502,49.79999999999999,0.0
1351,34,2026-04-27,15:28:20.306,49.8,759.842,100,1/1250.0,1.7,0,default,24.0,32.105241,35.211502,5362,32.10568836101149,35.211502,49.79999999999999,0.0
1352,33,2026-04-27,15:28:20.340,49.8,759.842,100,1/1250.0,1.7,0,default,24.0,32.105241,35.211502,5363,32.10568836101149,35.211502,49.79999999999999,0.0
1353,33,2026-04-27,15:28:20.373,49.8,759.842,100,1/1250.0,1.7,0,default,24.0,32.105241,35.211502,5364,32.10568836101149,35.211502,49.79999999999999,0.0
1354,34,2026-04-27,15:28:20.407,49.8,759.842,100,1/1250.0,1.7,0,default,24.0,32.10525,35.211502,5365,32.10569736101149,35.211502,49.79999999999999,0.0
1355,33,2026-04-27,15:28:20.440,49.8,759.842,100,1/1250.0,1.7,0,default,24.0,32.10525,35.211502,5365,32.10569736101149,35.211502,49.79999999999999,0.0
1356,33,2026-04-27,15:28:20.473,49.8,759.842,100,1/1250.0,1.7,0,default,24.0,32.10525,35.211502,5366,32.10569736101149,35.211502,49.79999999999999,0.0
1357,34,2026-04-27,15:28:20.506,49.8,759.842,100,1/1250.0,1.7,0,default,24.0,32.105258,35.211502,5366,32.10570536101149,35.211502,49.79999999999999,0.0
1358,33,2026-04-27,15:28:20.540,49.8,759.842,100,1/1250.0,1.7,0,default,24.0,32.105258,35.211502,5367,32.10570536101149,35.211502,49.79999999999999,0.0
1359,33,2026-04-27,15:28:20.573,49.8,759.842,100,1/1250.0,1.7,0,default,24.0,32.105258,35.211502,5367,32.10570536101149,35.211502,49.79999999999999,0.0
1360,34,2026-04-27,15:28:20.607,49.8,759.842,100,1/1250.0,1.7,0,default,24.0,32.105267,35.211502,5368,32.105714361011486,35.211502,49.79999999999999,0.0
1361,33,2026-04-27,15:28:20.640,49.8,759.842,100,1/1250.0,1.7,0,default,24.0,32.105267,35.211502,5369,32.105714361011486,35.211502,49.79999999999999,0.0
1362,34,2026-04-27,15:28:20.673,49.8,759.842,100,1/1250.0,1.7,0,default,24.0,32.105267,35.211502,5370,32.105714361011486,35.211502,49.79999999999999,0.0
1363,33,2026-04-27,15:28:20.707,49.8,759.842,100,1/1250.0,1.7,0,default,24.0,32.105275,35.211501,5371,32.10572236101149,35.211501,49.79999999999999,0.0
1364,33,2026-04-27,15:28:20.739,49.8,759.842,100,1/1250.0,1.7,0,default,24.0,32.105275,35.211501,5372,32.10572236101149,35.211501,49.79999999999999,0.0
1365,34,2026-04-27,15:28:20.774,49.8,759.842,100,1/1250.0,1.7,0,default,24.0,32.105275,35.211501,5373,32.105718906434625,35.211435494070074,49.79999999999999,352.8749836691171
1366,33,2026-04-27,15:28:20.807,49.8,759.842,100,1/1250.0,1.7,0,default,24.0,32.105284,35.211501,5373,32.10572790643462,35.211435494063615,49.79999999999999,352.8749836691171
1367,33,2026-04-27,15:28:20.839,49.8,759.842,100,1/1250.0,1.7,0,default,24.0,32.105284,35.211501,5374,32.10572790643462,35.211435494063615,49.79999999999999,352.8749836691171
1368,34,2026-04-27,15:28:20.874,49.8,759.842,100,1/1250.0,1.7,0,default,24.0,32.105284,35.211501,5374,32.10572790643457,35.21143549406317,49.79999999999999,352.874983619782
1369,33,2026-04-27,15:28:20.907,49.8,759.842,100,1/1250.0,1.7,0,default,24.0,32.105292,35.211499,5375,32.105735906434575,35.21143349405743,49.79999999999999,352.874983619782
1370,33,2026-04-27,15:28:20.940,49.8,759.842,100,1/1250.0,1.7,0,default,24.0,32.105292,35.211499,5375,32.105735906434575,35.21143349405743,49.79999999999999,352.874983619782
1371,34,2026-04-27,15:28:20.974,49.8,759.842,100,1/1250.0,1.7,0,default,24.0,32.105292,35.211499,5376,32.10573486480677,35.21142431173411,49.79999999999999,351.86989761327516
1372,33,2026-04-27,15:28:21.007,49.8,759.842,100,1/1250.0,1.7,0,default,24.0,32.105299,35.211498,5376,32.105741864806774,35.21142331172838,49.79999999999999,351.86989761327516
1373,34,2026-04-27,15:28:21.040,49.8,759.842,100,1/1250.0,1.7,0,default,24.0,32.105299,35.211498,5377,32.105741864806774,35.21142331172838,49.79999999999999,351.86989761327516
1374,33,2026-04-27,15:28:21.073,49.8,759.842,100,1/1250.0,1.7,0,default,24.0,32.105299,35.211498,5377,32.105733003930226,35.21136991067174,49.79999999999999,345.96375656799506
1375,33,2026-04-27,15:28:21.107,49.8,759.842,100,1/1250.0,1.7,0,default,24.0,32.105307,35.211497,5378,32.10574100393023,35.211368910660525,49.79999999999999,345.96375656799506
1376,34,2026-04-27,15:28:21.141,49.8,759.842,100,1/1250.0,1.7,0,default,24.0,32.105307,35.211497,5378,32.10574100393023,35.211368910660525,49.79999999999999,345.96375656799506
1377,33,2026-04-27,15:28:21.173,49.8,759.842,100,1/1250.0,1.7,0,default,24.0,32.105307,35.211497,5379,32.105741003930135,35.2113689106601,49.79999999999999,345.96375652009965
1378,33,2026-04-27,15:28:21.206,49.8,759.842,100,1/1250.0,1.7,0,default,24.0,32.105314,35.211495,5380,32.10574800393013,35.21136691065028,49.79999999999999,345.96375652009965
1379,34,2026-04-27,15:28:21.240,49.8,759.842,100,1/1250.0,1.7,0,default,24.0,32.105314,35.211495,5381,32.10574800393013,35.21136691065028,49.79999999999999,345.96375652009965
1380,33,2026-04-27,15:28:21.274,49.8,759.842,100,1/1250.0,1.7,0,default,24.0,32.105314,35.211495,5382,32.10574414832574,35.21134991265193,49.79999999999999,344.0546040760331
1381,34,2026-04-27,15:28:21.306,49.8,759.842,100,1/1250.0,1.7,0,default,24.0,32.105322,35.211493,5382,32.10575214832574,35.21134791263922,49.79999999999999,344.0546040760331
1382,33,2026-04-27,15:28:21.341,49.8,759.842,100,1/1250.0,1.7,0,default,24.0,32.105322,35.211493,5383,32.10575214832574,35.21134791263922,49.79999999999999,344.0546040760331
1383,33,2026-04-27,15:28:21.374,49.8,759.842,100,1/1250.0,1.7,0,default,24.0,32.105322,35.211493,5383,32.1057464039199,35.211325991906506,49.79999999999999,341.5650512177891
1384,34,2026-04-27,15:28:21.408,49.8,759.842,100,1/1250.0,1.7,0,default,24.0,32.10533,35.21149,5383,32.1057544039199,35.21132299189187,49.79999999999999,341.5650512177891
1385,33,2026-04-27,15:28:21.441,49.8,759.842,100,1/1250.0,1.7,0,default,24.0,32.10533,35.21149,5383,32.1057544039199,35.21132299189187,49.79999999999999,341.5650512177891
1386,33,2026-04-27,15:28:21.474,49.8,759.842,100,1/1250.0,1.7,0,default,24.0,32.10533,35.21149,5383,32.10574887716798,35.21130456257764,49.79999999999999,339.44395478599336
1387,34,2026-04-27,15:28:21.508,49.8,759.842,100,1/1250.0,1.7,0,default,24.0,32.105336,35.211488,5383,32.10575487716798,35.211302562565464,49.79999999999999,339.44395478599336
1388,33,2026-04-27,15:28:21.540,49.8,759.842,100,1/1250.0,1.7,0,default,24.0,32.105336,35.211488,5383,32.10575487716798,35.211302562565464,49.79999999999999,339.44395478599336
1389,33,2026-04-27,15:28:21.574,49.8,759.842,100,1/1250.0,1.7,0,default,24.0,32.105336,35.211488,5383,32.105747189650316,35.21127996095865,49.79999999999999,336.8014094793326
1390,34,2026-04-27,15:28:21.608,49.8,759.842,100,1/1250.0,1.7,0,default,24.0,32.105343,35.211485,5383,32.10575418965031,35.211276960942705,49.79999999999999,336.8014094793326
1391,33,2026-04-27,15:28:21.641,49.8,759.842,100,1/1250.0,1.7,0,default,24.0,32.105343,35.211485,5382,32.10575418965031,35.211276960942705,49.79999999999999,336.8014094793326
1392,34,2026-04-27,15:28:21.674,49.8,759.842,100,1/1250.0,1.7,0,default,24.0,32.105343,35.211485,5382,32.10574313185268,35.211248814833894,49.79999999999999,333.43494876864054
1393,33,2026-04-27,15:28:21.708,49.8,759.842,100,1/1250.0,1.7,0,default,24.0,32.105349,35.211482,5381,32.105749131852676,35.21124581481837,49.79999999999999,333.43494876864054
1394,33,2026-04-27,15:28:21.741,49.8,759.842,100,1/1250.0,1.7,0,default,24.0,32.105349,35.211482,5380,32.105749131852676,35.21124581481837,49.79999999999999,333.43494876864054
1395,34,2026-04-27,15:28:21.775,49.8,759.842,100,1/1250.0,1.7,0,default,24.0,32.105349,35.211482,5379,32.1057374181303,35.211219976067355,49.79999999999999,330.25511870932104
1396,33,2026-04-27,15:28:21.808,49.8,759.842,100,1/1250.0,1.7,0,default,24.0,32.105355,35.211478,5378,32.10574341813031,35.21121597605014,49.79999999999999,330.25511870932104
1397,33,2026-04-27,15:28:21.841,49.8,759.842,100,1/1250.0,1.7,0,default,24.0,32.105355,35.211478,5377,32.10574341813031,35.21121597605014,49.79999999999999,330.25511870932104
1398,34,2026-04-27,15:28:21.875,49.8,759.842,100,1/1250.0,1.7,0,default,24.0,32.105355,35.211478,5376,32.10573860890265,35.21120628133497,49.79999999999999,329.03624347990035
1399,33,2026-04-27,15:28:21.907,49.8,759.842,100,1/1250.0,1.7,0,default,24.0,32.105362,35.211474,5375,32.105745608902645,35.21120228131414,49.79999999999999,329.03624347990035
1400,33,2026-04-27,15:28:21.941,49.8,759.842,100,1/1250.0,1.7,0,default,24.0,32.105362,35.211474,5374,32.105745608902645,35.21120228131414,49.79999999999999,329.03624347990035
1401,34,2026-04-27,15:28:21.975,49.8,759.842,100,1/1250.0,1.7,0,default,24.0,32.105362,35.211474,5373,32.10573422686149,35.21118104829604,49.79999999999999,326.30993252099455
1402,33,2026-04-27,15:28:22.008,49.8,759.842,100,1/1250.0,1.7,0,default,24.0,32.105367,35.211471,5372,32.105739226861495,35.211178048280004,49.79999999999999,326.30993252099455
1403,34,2026-04-27,15:28:22.041,49.8,759.842,100,1/1250.0,1.7,0,default,24.0,32.105367,35.211471,5370,32.105739226861495,35.211178048280004,49.79999999999999,326.30993252099455
1404,33,2026-04-27,15:28:22.074,49.8,759.842,100,1/1250.0,1.7,0,default,24.0,32.105367,35.211471,5369,32.105739226861154,35.2111780482794,49.79999999999999,326.309932442704
1405,33,2026-04-27,15:28:22.107,49.8,759.842,100,1/1250.0,1.7,0,default,24.0,32.105373,35.211467,5367,32.10574522686115,35.21117404826015,49.79999999999999,326.309932442704
1406,34,2026-04-27,15:28:22.142,49.8,759.842,100,1/1250.0,1.7,0,default,24.0,32.105373,35.211467,5366,32.10574522686115,35.21117404826015,49.79999999999999,326.309932442704
1407,33,2026-04-27,15:28:22.175,49.8,759.842,100,1/1250.0,1.7,0,default,24.0,32.105373,35.211467,5365,32.10572233026058,35.211137082141605,49.79999999999999,321.34019177569854
1408,33,2026-04-27,15:28:22.208,49.8,759.842,100,1/1250.0,1.7,0,default,24.0,32.105378,35.211463,5364,32.105727330260585,35.211133082123546,49.79999999999999,321.34019177569854
1409,34,2026-04-27,15:28:22.242,49.8,759.842,100,1/1250.0,1.7,0,default,24.0,32.105378,35.211463,5363,32.105727330260585,35.211133082123546,49.79999999999999,321.34019177569854
1410,33,2026-04-27,15:28:22.275,49.8,759.842,100,1/1250.0,1.7,0,default,24.0,32.105378,35.211463,5362,32.105727330260386,35.21113308212326,49.79999999999999,321.3401917359804
1411,34,2026-04-27,15:28:22.308,49.8,759.842,100,1/1250.0,1.7,0,default,24.0,32.105383,35.211458,5360,32.10573233026039,35.21112808210519,49.79999999999999,321.3401917359804
1412,33,2026-04-27,15:28:22.342,49.8,759.842,100,1/1250.0,1.7,0,default,24.0,32.105383,35.211458,5358,32.10573233026039,35.21112808210519,49.79999999999999,321.3401917359804
1413,33,2026-04-27,15:28:22.375,49.8,759.842,100,1/1250.0,1.7,0,default,24.0,32.105383,35.211458,5357,32.105699332005095,35.211084558300165,49.79999999999999,315.0000000407111
1414,34,2026-04-27,15:28:22.408,49.8,759.842,100,1/1250.0,1.7,0,default,24.0,32.105388,35.211454,5355,32.10570433200509,35.211080558279725,49.79999999999999,315.0000000407111
1415,33,2026-04-27,15:28:22.442,49.8,759.842,100,1/1250.0,1.7,0,default,24.0,32.105388,35.211454,5354,32.10570433200509,35.211080558279725,49.79999999999999,315.0000000407111
1416,33,2026-04-27,15:28:22.475,49.8,759.842,100,1/1250.0,1.7,0,default,24.0,32.105388,35.211454,5352,32.10570433200486,35.211080558279455,49.79999999999999,315.0
1417,34,2026-04-27,15:28:22.509,49.8,759.842,100,1/1250.0,1.7,0,default,24.0,32.105392,35.211448,5351,32.105708332004866,35.21107455826309,49.79999999999999,315.0
1418,33,2026-04-27,15:28:22.542,49.8,759.842,100,1/1250.0,1.7,0,default,24.0,32.105392,35.211448,5350,32.105708332004866,35.21107455826309,49.79999999999999,315.0
1419,33,2026-04-27,15:28:22.575,49.8,759.842,100,1/1250.0,1.7,0,default,24.0,32.105392,35.211448,5348,32.10567146420817,35.21103560259076,49.79999999999999,308.65980822430146
1420,34,2026-04-27,15:28:22.609,49.8,759.842,100,1/1250.0,1.7,0,default,24.0,32.105397,35.211443,5346,32.10567646420817,35.21103060256819,49.79999999999999,308.65980822430146
1421,33,2026-04-27,15:28:22.641,49.8,759.842,100,1/1250.0,1.7,0,default,24.0,32.105397,35.211443,5345,32.10567646420817,35.21103060256819,49.79999999999999,308.65980822430146
1422,34,2026-04-27,15:28:22.675,49.8,759.842,100,1/1250.0,1.7,0,default,24.0,32.105397,35.211443,5343,32.105645151240864,35.2110035722751,49.79999999999999,303.69006752597977
1423,33,2026-04-27,15:28:22.708,49.8,759.842,100,1/1250.0,1.7,0,default,24.0,32.105401,35.211438,5341,32.10564915124086,35.210998572255846,49.79999999999999,303.69006752597977
1424,33,2026-04-27,15:28:22.742,49.8,759.842,100,1/1250.0,1.7,0,default,24.0,32.105401,35.211438,5340,32.10564915124086,35.210998572255846,49.79999999999999,303.69006752597977
1425,34,2026-04-27,15:28:22.776,49.8,759.842,100,1/1250.0,1.7,0,default,24.0,32.105401,35.211438,5338,32.105649151240755,35.21099857225577,49.79999999999999,303.6900675103217
1426,33,2026-04-27,15:28:22.809,49.8,759.842,100,1/1250.0,1.7,0,default,24.0,32.105405,35.211432,5336,32.10565315124075,35.21099257223652,49.79999999999999,303.6900675103217
1427,33,2026-04-27,15:28:22.842,49.8,759.842,100,1/1250.0,1.7,0,default,24.0,32.105405,35.211432,5335,32.10565315124075,35.21099257223652,49.79999999999999,303.6900675103217
1428,34,2026-04-27,15:28:22.876,49.8,759.842,100,1/1250.0,1.7,0,default,24.0,32.105405,35.211432,5334,32.105635165341475,35.210979135310104,49.79999999999999,300.96375652009965
1429,33,2026-04-27,15:28:22.909,49.8,759.842,100,1/1250.0,1.7,0,default,24.0,32.105408,35.211427,5333,32.105638165341475,35.210974135295224,49.79999999999999,300.96375652009965
1430,33,2026-04-27,15:28:22.941,49.8,759.842,100,1/1250.0,1.7,0,default,24.0,32.105408,35.211427,5333,32.105638165341475,35.210974135295224,49.79999999999999,300.96375652009965
1431,34,2026-04-27,15:28:22.975,49.8,759.842,100,1/1250.0,1.7,0,default,24.0,32.105408,35.211427,5332,32.10562995321739,35.21096845782158,49.79999999999999,299.7448813094687
1432,33,2026-04-27,15:28:23.008,49.8,759.842,100,1/1250.0,1.7,0,default,24.0,32.105412,35.21142,5331,32.10563395321739,35.210961457801496,49.79999999999999,299.7448813094687
1433,34,2026-04-27,15:28:23.043,49.8,759.842,100,1/1250.0,1.7,0,default,24.0,32.105412,35.21142,5330,32.10563395321739,35.210961457801496,49.79999999999999,299.7448813094687
1434,33,2026-04-27,15:28:23.075,49.8,759.842,100,1/1250.0,1.7,0,default,24.0,32.105412,35.21142,5329,32.10561206592644,35.21094762931175,49.79999999999999,296.565051177078
1435,33,2026-04-27,15:28:23.108,49.8,759.842,100,1/1250.0,1.7,0,default,24.0,32.105415,35.211414,5329,32.105615065926436,35.21094162929623,49.79999999999999,296.565051177078
1436,34,2026-04-27,15:28:23.142,49.8,759.842,100,1/1250.0,1.7,0,default,24.0,32.105415,35.211414,5328,32.105615065926436,35.21094162929623,49.79999999999999,296.565051177078
1437,33,2026-04-27,15:28:23.176,49.8,759.842,100,1/1250.0,1.7,0,default,24.0,32.105415,35.211414,5327,32.105615065926436,35.21094162929623,49.79999999999999,296.565051177078
1438,33,2026-04-27,15:28:23.209,49.8,759.842,100,1/1250.0,1.7,0,default,24.0,32.105417,35.211408,5326,32.10561706592644,35.210935629285885,49.79999999999999,296.565051177078
1439,34,2026-04-27,15:28:23.243,49.8,759.842,100,1/1250.0,1.7,0,default,24.0,32.105417,35.211408,5326,32.10561706592644,35.210935629285885,49.79999999999999,296.565051177078
1440,33,2026-04-27,15:28:23.276,49.8,759.842,100,1/1250.0,1.7,0,default,24.0,32.105417,35.211408,5325,32.105558467973424,35.21090697519728,49.79999999999999,288.43494884327754
1441,34,2026-04-27,15:28:23.308,49.8,759.842,100,1/1250.0,1.7,0,default,24.0,32.10542,35.211402,5325,32.10556146797342,35.21090097518082,49.79999999999999,288.43494884327754
1442,33,2026-04-27,15:28:23.343,49.8,759.842,100,1/1250.0,1.7,0,default,24.0,32.10542,35.211402,5324,32.10556146797342,35.21090097518082,49.79999999999999,288.43494884327754
1443,33,2026-04-27,15:28:23.376,49.8,759.842,100,1/1250.0,1.7,0,default,24.0,32.10542,35.211402,5324,32.10556146797342,35.21090097518082,49.79999999999999,288.43494884327754
1444,34,2026-04-27,15:28:23.409,49.8,759.842,100,1/1250.0,1.7,0,default,24.0,32.105422,35.211396,5323,32.10556346797342,35.21089497516985,49.79999999999999,288.43494884327754
1445,33,2026-04-27,15:28:23.442,49.8,759.842,100,1/1250.0,1.7,0,default,24.0,32.105422,35.211396,5323,32.10556346797342,35.21089497516985,49.79999999999999,288.43494884327754
1446,33,2026-04-27,15:28:23.476,49.8,759.842,100,1/1250.0,1.7,0,default,24.0,32.105422,35.211396,5322,32.10556346797342,35.21089497516985,49.79999999999999,288.43494884327754
1447,34,2026-04-27,15:28:23.510,49.8,759.842,100,1/1250.0,1.7,0,default,24.0,32.105424,35.211389,5322,32.10556546797342,35.210887975158876,49.79999999999999,288.43494884327754
1448,33,2026-04-27,15:28:23.543,49.8,759.842,100,1/1250.0,1.7,0,default,24.0,32.105424,35.211389,5322,32.10556546797342,35.210887975158876,49.79999999999999,288.43494884327754
1449,33,2026-04-27,15:28:23.576,49.8,759.842,100,1/1250.0,1.7,0,default,24.0,32.105424,35.211389,5322,32.105565467972966,35.2108879751587,49.79999999999999,288.4349487822109
1450,34,2026-04-27,15:28:23.610,49.8,759.842,100,1/1250.0,1.7,0,default,24.0,32.105426,35.211383,5322,32.10556746797297,35.21088197514772,49.79999999999999,288.4349487822109
1451,33,2026-04-27,15:28:23.643,49.8,759.842,100,1/1250.0,1.7,0,default,24.0,32.105426,35.211383,5322,32.10556746797297,35.21088197514772,49.79999999999999,288.4349487822109
1452,34,2026-04-27,15:28:23.676,49.8,759.842,100,1/1250.0,1.7,0,default,24.0,32.105426,35.211383,5322,32.105548899521715,35.210875193659696,49.79999999999999,285.9453959086042
1453,33,2026-04-27,15:28:23.710,49.8,759.842,100,1/1250.0,1.7,0,default,24.0,32.105427,35.211375,5322,32.10554989952171,35.21086719365413,49.79999999999999,285.9453959086042
1454,33,2026-04-27,15:28:23.743,49.8,759.842,100,1/1250.0,1.7,0,default,24.0,32.105427,35.211375,5322,32.10554989952171,35.21086719365413,49.79999999999999,285.9453959086042
1455,34,2026-04-27,15:28:23.777,49.8,759.842,100,1/1250.0,1.7,0,default,24.0,32.105427,35.211375,5322,32.105500545697076,35.21085405915882,49.79999999999999,279.4623221860196
1456,33,2026-04-27,15:28:23.810,49.8,759.842,100,1/1250.0,1.7,0,default,24.0,32.105429,35.211369,5322,32.10550254569708,35.21084805914741,49.79999999999999,279.4623221860196
1457,33,2026-04-27,15:28:23.843,49.8,759.842,100,1/1250.0,1.7,0,default,24.0,32.105429,35.211369,5322,32.10550254569708,35.21084805914741,49.79999999999999,279.4623221860196
1458,34,2026-04-27,15:28:23.877,49.8,759.842,100,1/1250.0,1.7,0,default,24.0,32.105429,35.211369,5322,32.10549248986699,35.21084621911157,49.79999999999999,278.1590143864554
1459,33,2026-04-27,15:28:23.909,49.8,759.842,100,1/1250.0,1.7,0,default,24.0,32.10543,35.211362,5322,32.10549348986699,35.21083921910585,49.79999999999999,278.1590143864554
1460,33,2026-04-27,15:28:23.943,49.8,759.842,100,1/1250.0,1.7,0,default,24.0,32.10543,35.211362,5322,32.10549348986699,35.21083921910585,49.79999999999999,278.1590143864554
1461,34,2026-04-27,15:28:23.977,49.8,759.842,100,1/1250.0,1.7,0,default,24.0,32.10543,35.211362,5322,32.10549348986662,35.21083921910579,49.79999999999999,278.1590143384135
1462,33,2026-04-27,15:28:24.010,49.8,759.842,100,1/1250.0,1.7,0,default,24.0,32.105431,35.211355,5321,32.10549448986662,35.21083221910006,49.79999999999999,278.1590143384135
1463,34,2026-04-27,15:28:24.043,49.8,759.842,100,1/1250.0,1.7,0,default,24.0,32.105431,35.211355,5321,32.10549448986662,35.21083221910006,49.79999999999999,278.1590143384135
1464,33,2026-04-27,15:28:24.076,49.8,759.842,100,1/1250.0,1.7,0,default,24.0,32.105431,35.211355,5320,32.10549448986662,35.21083221910006,49.79999999999999,278.1590143384135
1465,33,2026-04-27,15:28:24.110,49.8,759.842,100,1/1250.0,1.7,0,default,24.0,32.105432,35.211348,5320,32.10549548986662,35.21082521909434,49.79999999999999,278.1590143384135
1466,34,2026-04-27,15:28:24.143,49.8,759.842,100,1/1250.0,1.7,0,default,24.0,32.105432,35.211348,5319,32.10549548986662,35.21082521909434,49.79999999999999,278.1590143384135
1467,33,2026-04-27,15:28:24.177,49.8,759.842,100,1/1250.0,1.7,0,default,24.0,32.105432,35.211348,5319,32.105487814161116,35.210823999887495,49.79999999999999,277.1670771879585
1468,33,2026-04-27,15:28:24.210,49.9,759.942,100,1/1250.0,1.7,0,default,24.0,32.105433,35.211342,5318,32.10548892623774,35.21081694767268,49.89999999999999,277.1670771879585
1469,34,2026-04-27,15:28:24.244,49.9,759.942,100,1/1250.0,1.7,0,default,24.0,32.105433,35.211342,5317,32.10548892623774,35.21081694767268,49.89999999999999,277.1670771879585
1470,33,2026-04-27,15:28:24.277,49.9,759.942,100,1/1250.0,1.7,0,default,24.0,32.105433,35.211342,5315,32.105433,35.2108128128986,49.89999999999999,270.0
1471,34,2026-04-27,15:28:24.310,49.9,759.942,100,1/1250.0,1.7,0,default,24.0,32.105433,35.211335,5314,32.105433,35.2108058128986,49.89999999999999,270.0
1472,33,2026-04-27,15:28:24.344,49.9,759.942,100,1/1250.0,1.7,0,default,24.0,32.105433,35.211335,5313,32.105433,35.2108058128986,49.89999999999999,270.0
1473,33,2026-04-27,15:28:24.376,49.9,759.942,100,1/1250.0,1.7,0,default,24.0,32.105433,35.211335,5310,32.105433,35.2108058128986,49.89999999999999,270.0
1474,34,2026-04-27,15:28:24.410,49.9,759.942,100,1/1250.0,1.7,0,default,24.0,32.105433,35.211329,5308,32.105433,35.2107998128986,49.89999999999999,270.0
1475,33,2026-04-27,15:28:24.444,49.9,759.942,100,1/1250.0,1.7,0,default,24.0,32.105433,35.211329,5306,32.105433,35.2107998128986,49.89999999999999,270.0
1476,33,2026-04-27,15:28:24.477,49.9,759.942,100,1/1250.0,1.7,0,default,24.0,32.105433,35.211329,5303,32.105433,35.2107998128986,49.89999999999999,270.0
1477,34,2026-04-27,15:28:24.511,49.9,759.942,100,1/1250.0,1.7,0,default,24.0,32.105433,35.211322,5301,32.105433,35.2107928128986,49.89999999999999,270.0
1478,33,2026-04-27,15:28:24.544,49.9,759.942,100,1/1250.0,1.7,0,default,24.0,32.105433,35.211322,5298,32.105433,35.2107928128986,49.89999999999999,270.0
1479,33,2026-04-27,15:28:24.576,49.9,759.942,100,1/1000.0,1.7,0,default,24.0,32.105433,35.211322,5295,32.105433,35.2107928128986,49.89999999999999,270.0
1480,34,2026-04-27,15:28:24.611,49.9,759.942,100,1/1000.0,1.7,0,default,24.0,32.105433,35.211315,5293,32.105433,35.2107858128986,49.89999999999999,270.0
1481,33,2026-04-27,15:28:24.644,49.9,759.942,100,1/1000.0,1.7,0,default,24.0,32.105433,35.211315,5291,32.105433,35.2107858128986,49.89999999999999,270.0
1482,34,2026-04-27,15:28:24.677,49.9,759.942,110,1/1000.0,1.7,0,default,24.0,32.105433,35.211315,5288,32.105433,35.2107858128986,49.89999999999999,270.0
1483,33,2026-04-27,15:28:24.711,49.8,759.842,110,1/1000.0,1.7,0,default,24.0,32.105432,35.211309,5287,32.105432,35.21078087339958,49.79999999999999,270.0
1484,33,2026-04-27,15:28:24.744,49.8,759.842,110,1/1000.0,1.7,0,default,24.0,32.105432,35.211309,5285,32.105432,35.21078087339958,49.79999999999999,270.0
1485,34,2026-04-27,15:28:24.777,49.8,759.842,110,1/1000.0,1.7,0,default,24.0,32.105432,35.211309,5282,32.105368510133445,35.21078621909433,49.79999999999999,261.8409856698511
1486,33,2026-04-27,15:28:24.811,49.8,759.842,110,1/1000.0,1.7,0,default,24.0,32.105432,35.211302,5279,32.105368510133445,35.210779219094334,49.79999999999999,261.8409856698511
1487,33,2026-04-27,15:28:24.844,49.8,759.842,110,1/1000.0,1.7,0,default,24.0,32.105432,35.211302,5275,32.105368510133445,35.210779219094334,49.79999999999999,261.8409856698511
1488,34,2026-04-27,15:28:24.878,49.8,759.842,110,1/1000.0,1.7,0,default,24.0,32.105432,35.211302,5272,32.10536873359921,35.2107791813393,49.79999999999999,261.86989766913075
1489,33,2026-04-27,15:28:24.911,49.8,759.842,110,1/1000.0,1.7,0,default,24.0,32.105431,35.211296,5269,32.10536773359921,35.21077318134502,49.79999999999999,261.86989766913075
1490,33,2026-04-27,15:28:24.944,49.8,759.842,110,1/1000.0,1.7,0,default,24.0,32.105431,35.211296,5265,32.10536773359921,35.21077318134502,49.79999999999999,261.86989766913075
1491,34,2026-04-27,15:28:24.978,49.8,759.842,110,1/1000.0,1.7,0,default,24.0,32.105431,35.211296,5263,32.10536751013339,35.21077321910006,49.79999999999999,261.84098566184406
1492,33,2026-04-27,15:28:25.011,49.8,759.842,110,1/1000.0,1.7,0,default,24.0,32.105429,35.211289,5260,32.10536551013339,35.21076621911151,49.79999999999999,261.84098566184406
1493,34,2026-04-27,15:28:25.044,49.8,759.842,110,1/1000.0,1.7,0,default,24.0,32.105429,35.211289,5257,32.10536551013339,35.21076621911151,49.79999999999999,261.84098566184406
1494,33,2026-04-27,15:28:25.078,49.8,759.842,110,1/1000.0,1.7,0,default,24.0,32.105429,35.211289,5255,32.10536551013339,35.21076621911151,49.79999999999999,261.84098566184406
1495,33,2026-04-27,15:28:25.111,49.8,759.842,110,1/1000.0,1.7,0,default,24.0,32.105428,35.211284,5252,32.10536451013339,35.21076121911724,49.79999999999999,261.84098566184406
1496,34,2026-04-27,15:28:25.145,49.8,759.842,100,1/1000.0,1.7,0,default,24.0,32.105428,35.211284,5251,32.10536451013339,35.21076121911724,49.79999999999999,261.84098566184406
1497,33,2026-04-27,15:28:25.178,49.8,759.842,100,1/1000.0,1.7,0,default,24.0,32.105428,35.211284,5249,32.105364510133015,35.2107612191173,49.79999999999999,261.8409856138022
1498,33,2026-04-27,15:28:25.211,49.8,759.842,100,1/1000.0,1.7,0,default,24.0,32.105427,35.211278,5247,32.10536351013301,35.21075521912302,49.79999999999999,261.8409856138022
1499,34,2026-04-27,15:28:25.245,49.8,759.842,100,1/1000.0,1.7,0,default,24.0,32.105427,35.211278,5246,32.10536351013301,35.21075521912302,49.79999999999999,261.8409856138022
1500,33,2026-04-27,15:28:25.278,49.8,759.842,100,1/1000.0,1.7,0,default,24.0,32.105427,35.211278,5245,32.10535345430301,35.21075705915881,49.79999999999999,260.5376778249834
1501,34,2026-04-27,15:28:25.311,49.8,759.842,100,1/1000.0,1.7,0,default,24.0,32.105425,35.211271,5243,32.105351454303005,35.210750059170216,49.79999999999999,260.5376778249834
1502,33,2026-04-27,15:28:25.345,49.8,759.842,100,1/1000.0,1.7,0,default,24.0,32.105425,35.211271,5242,32.105351454303005,35.210750059170216,49.79999999999999,260.5376778249834
1503,33,2026-04-27,15:28:25.378,49.8,759.842,100,1/1000.0,1.7,0,default,24.0,32.105425,35.211271,5241,32.105351454303005,35.210750059170216,49.79999999999999,260.5376778249834
1504,34,2026-04-27,15:28:25.411,49.8,759.842,100,1/800.0,1.7,0,default,24.0,32.105424,35.211264,5240,32.10535045430301,35.21074305917592,49.79999999999999,260.5376778249834
1505,33,2026-04-27,15:28:25.445,49.8,759.842,100,1/800.0,1.7,0,default,24.0,32.105424,35.211264,5239,32.10535045430301,35.21074305917592,49.79999999999999,260.5376778249834
1506,33,2026-04-27,15:28:25.478,49.8,759.842,100,1/800.0,1.7,0,default,24.0,32.105424,35.211264,5238,32.10535045430292,35.21074305917593,49.79999999999999,260.5376778139804
1507,34,2026-04-27,15:28:25.511,49.8,759.842,100,1/800.0,1.7,0,default,24.0,32.105422,35.211258,5237,32.10534845430292,35.210737059187345,49.79999999999999,260.5376778139804
1508,33,2026-04-27,15:28:25.544,49.8,759.842,100,1/800.0,1.7,0,default,24.0,32.105422,35.211258,5235,32.10534845430292,35.210737059187345,49.79999999999999,260.5376778139804
1509,33,2026-04-27,15:28:25.578,49.8,759.842,100,1/800.0,1.7,0,default,24.0,32.105422,35.211258,5234,32.10534845430292,35.210737059187345,49.79999999999999,260.5376778139804
1510,34,2026-04-27,15:28:25.612,49.8,759.842,100,1/800.0,1.7,0,default,24.0,32.105421,35.211252,5233,32.10534745430292,35.21073105919305,49.79999999999999,260.5376778139804
1511,33,2026-04-27,15:28:25.645,49.8,759.842,100,1/800.0,1.7,0,default,24.0,32.105421,35.211252,5232,32.10534745430292,35.21073105919305,49.79999999999999,260.5376778139804
1512,34,2026-04-27,15:28:25.678,49.8,759.842,100,1/800.0,1.7,0,default,24.0,32.105421,35.211252,5231,32.10534745430292,35.21073105919305,49.79999999999999,260.5376778139804
1513,33,2026-04-27,15:28:25.712,49.8,759.842,100,1/800.0,1.7,0,default,24.0,32.10542,35.211245,5230,32.105346454302925,35.21072405919875,49.79999999999999,260.5376778139804
1514,33,2026-04-27,15:28:25.745,49.8,759.842,100,1/800.0,1.7,0,default,24.0,32.10542,35.211245,5229,32.105346454302925,35.21072405919875,49.79999999999999,260.5376778139804
1515,34,2026-04-27,15:28:25.778,49.8,759.842,100,1/800.0,1.7,0,default,24.0,32.10542,35.211245,5229,32.10534645430241,35.21072405919885,49.79999999999999,260.5376777479624
1516,33,2026-04-27,15:28:25.812,49.8,759.842,100,1/800.0,1.7,0,default,24.0,32.105418,35.211237,5229,32.10534445430241,35.21071605921026,49.79999999999999,260.5376777479624
1517,33,2026-04-27,15:28:25.845,49.8,759.842,100,1/800.0,1.7,0,default,24.0,32.105418,35.211237,5228,32.10534445430241,35.21071605921026,49.79999999999999,260.5376777479624
1518,34,2026-04-27,15:28:25.879,49.8,759.842,100,1/800.0,1.7,0,default,24.0,32.105418,35.211237,5228,32.105330265287655,35.210719129340646,49.79999999999999,258.690067557296
1519,33,2026-04-27,15:28:25.912,49.7,759.742,100,1/800.0,1.7,0,default,24.0,32.105417,35.21123,5227,32.10532944146178,35.21071316924723,49.699999999999996,258.690067557296
1520,33,2026-04-27,15:28:25.945,49.7,759.742,100,1/800.0,1.7,0,default,24.0,32.105417,35.21123,5226,32.10532944146178,35.21071316924723,49.699999999999996,258.690067557296
1521,34,2026-04-27,15:28:25.979,49.7,759.742,100,1/800.0,1.7,0,default,24.0,32.105417,35.21123,5225,32.10532944146178,35.21071316924723,49.699999999999996,258.690067557296
1522,33,2026-04-27,15:28:26.012,49.7,759.742,100,1/800.0,1.7,0,default,24.0,32.105415,35.211223,5224,32.105327441461775,35.21070616925854,49.699999999999996,258.690067557296
1523,34,2026-04-27,15:28:26.045,49.7,759.742,100,1/800.0,1.7,0,default,24.0,32.105415,35.211223,5224,32.105327441461775,35.21070616925854,49.699999999999996,258.690067557296
1524,33,2026-04-27,15:28:26.078,49.7,759.742,100,1/800.0,1.7,0,default,24.0,32.105415,35.211223,5223,32.105327441461775,35.21070616925854,49.699999999999996,258.690067557296
1525,33,2026-04-27,15:28:26.112,49.7,759.742,100,1/800.0,1.7,0,default,24.0,32.105414,35.211215,5222,32.10532644146178,35.21069816926421,49.699999999999996,258.690067557296
1526,34,2026-04-27,15:28:26.145,49.7,759.742,100,1/800.0,1.7,0,default,24.0,32.105414,35.211215,5220,32.10532644146178,35.21069816926421,49.699999999999996,258.690067557296
1527,33,2026-04-27,15:28:26.179,49.7,759.742,100,1/800.0,1.7,0,default,24.0,32.105414,35.211215,5219,32.10531714864321,35.21070048498955,49.699999999999996,257.4711923291648
1528,33,2026-04-27,15:28:26.212,49.7,759.742,100,1/800.0,1.7,0,default,24.0,32.105413,35.211208,5218,32.105316148643205,35.21069348499518,49.699999999999996,257.4711923291648
1529,34,2026-04-27,15:28:26.246,49.7,759.742,100,1/800.0,1.7,0,default,24.0,32.105413,35.211208,5216,32.105316148643205,35.21069348499518,49.699999999999996,257.4711923291648
1530,33,2026-04-27,15:28:26.279,49.7,759.742,100,1/800.0,1.7,0,default,24.0,32.105413,35.211208,5215,32.105316148643205,35.21069348499518,49.699999999999996,257.4711923291648
1531,34,2026-04-27,15:28:26.312,49.7,759.742,100,1/800.0,1.7,0,default,24.0,32.105411,35.2112,5213,32.1053141486432,35.210685485006444,49.699999999999996,257.4711923291648
1532,33,2026-04-27,15:28:26.346,49.7,759.742,100,1/800.0,1.7,0,default,24.0,32.105411,35.2112,5212,32.1053141486432,35.210685485006444,49.699999999999996,257.4711923291648
1533,33,2026-04-27,15:28:26.379,49.7,759.742,100,1/800.0,1.7,0,default,24.0,32.105411,35.2112,5211,32.1053141486432,35.210685485006444,49.699999999999996,257.4711923291648
1534,34,2026-04-27,15:28:26.411,49.7,759.742,100,1/800.0,1.7,0,default,24.0,32.10541,35.211192,5210,32.105313148643205,35.21067748501208,49.699999999999996,257.4711923291648
1535,33,2026-04-27,15:28:26.446,49.7,759.742,100,1/800.0,1.7,0,default,24.0,32.10541,35.211192,5209,32.105313148643205,35.21067748501208,49.699999999999996,257.4711923291648
1536,33,2026-04-27,15:28:26.479,49.7,759.742,100,1/800.0,1.7,0,default,24.0,32.10541,35.211192,5208,32.105313148643205,35.21067748501208,49.699999999999996,257.4711923291648
1537,34,2026-04-27,15:28:26.513,49.7,759.742,100,1/800.0,1.7,0,default,24.0,32.105408,35.211184,5207,32.1053111486432,35.21066948502335,49.699999999999996,257.4711923291648
1538,33,2026-04-27,15:28:26.546,49.7,759.742,100,1/800.0,1.7,0,default,24.0,32.105408,35.211184,5206,32.1053111486432,35.21066948502335,49.699999999999996,257.4711923291648
1539,33,2026-04-27,15:28:26.579,49.7,759.742,100,1/800.0,1.7,0,default,24.0,32.105408,35.211184,5205,32.105320441461416,35.210667169298254,49.699999999999996,258.6900675103217
1540,34,2026-04-27,15:28:26.613,49.7,759.742,100,1/800.0,1.7,0,default,24.0,32.105407,35.211176,5204,32.10531944146142,35.210659169303916,49.699999999999996,258.6900675103217
1541,33,2026-04-27,15:28:26.646,49.7,759.742,100,1/800.0,1.7,0,default,24.0,32.105407,35.211176,5204,32.10531944146142,35.210659169303916,49.699999999999996,258.6900675103217
1542,34,2026-04-27,15:28:26.679,49.7,759.742,100,1/800.0,1.7,0,default,24.0,32.105407,35.211176,5203,32.10531944146142,35.210659169303916,49.699999999999996,258.6900675103217
1543,33,2026-04-27,15:28:26.713,49.7,759.742,100,1/800.0,1.7,0,default,24.0,32.105405,35.211167,5203,32.105317441461416,35.21065016931524,49.699999999999996,258.6900675103217
1544,33,2026-04-27,15:28:26.746,49.7,759.742,100,1/800.0,1.7,0,default,24.0,32.105405,35.211167,5202,32.105317441461416,35.21065016931524,49.699999999999996,258.6900675103217
1545,34,2026-04-27,15:28:26.779,49.7,759.742,100,1/800.0,1.7,0,default,24.0,32.105405,35.211167,5202,32.105317441461416,35.21065016931524,49.699999999999996,258.6900675103217
1546,33,2026-04-27,15:28:26.813,49.7,759.742,100,1/800.0,1.7,0,default,24.0,32.105403,35.211158,5202,32.10531544146142,35.21064116932655,49.699999999999996,258.6900675103217
1547,33,2026-04-27,15:28:26.846,49.7,759.742,100,1/800.0,1.7,0,default,24.0,32.105403,35.211158,5201,32.10531544146142,35.21064116932655,49.699999999999996,258.6900675103217
1548,34,2026-04-27,15:28:26.880,49.7,759.742,100,1/800.0,1.7,0,default,24.0,32.105403,35.211158,5201,32.10531544146142,35.21064116932655,49.699999999999996,258.6900675103217
1549,33,2026-04-27,15:28:26.913,49.7,759.742,100,1/800.0,1.7,0,default,24.0,32.105401,35.211149,5200,32.10531344146142,35.21063216933787,49.699999999999996,258.6900675103217
1550,33,2026-04-27,15:28:26.946,49.7,759.742,100,1/800.0,1.7,0,default,24.0,32.105401,35.211149,5200,32.10531344146142,35.21063216933787,49.699999999999996,258.6900675103217
1551,34,2026-04-27,15:28:26.980,49.7,759.742,100,1/800.0,1.7,0,default,24.0,32.105401,35.211149,5200,32.10531344146142,35.21063216933787,49.699999999999996,258.6900675103217
1552,33,2026-04-27,15:28:27.013,49.7,759.742,100,1/800.0,1.7,0,default,24.0,32.1054,35.211139,5200,32.10531244146142,35.21062216934353,49.699999999999996,258.6900675103217
1553,34,2026-04-27,15:28:27.046,49.7,759.742,100,1/800.0,1.7,0,default,24.0,32.1054,35.211139,5200,32.10531244146142,35.21062216934353,49.699999999999996,258.6900675103217
1554,33,2026-04-27,15:28:27.079,49.7,759.742,100,1/800.0,1.7,0,default,24.0,32.1054,35.211139,5200,32.10531244146142,35.21062216934353,49.699999999999996,258.6900675103217
1555,33,2026-04-27,15:28:27.113,49.7,759.742,100,1/800.0,1.7,0,default,24.0,32.105398,35.21113,5200,32.10531044146142,35.21061316935484,49.699999999999996,258.6900675103217
1556,34,2026-04-27,15:28:27.146,49.7,759.742,100,1/800.0,1.7,0,default,24.0,32.105398,35.21113,5200,32.10531044146142,35.21061316935484,49.699999999999996,258.6900675103217
1557,33,2026-04-27,15:28:27.180,49.7,759.742,100,1/800.0,1.7,0,default,24.0,32.105398,35.21113,5200,32.10531044146142,35.21061316935484,49.699999999999996,258.6900675103217
1558,33,2026-04-27,15:28:27.212,49.7,759.742,100,1/800.0,1.7,0,default,24.0,32.105396,35.211122,5200,32.10530844146142,35.21060516936617,49.699999999999996,258.6900675103217
1559,34,2026-04-27,15:28:27.247,49.7,759.742,100,1/800.0,1.7,0,default,24.0,32.105396,35.211122,5200,32.10530844146142,35.21060516936617,49.699999999999996,258.6900675103217
1560,33,2026-04-27,15:28:27.280,49.7,759.742,100,1/800.0,1.7,0,default,24.0,32.105396,35.211122,5200,32.105299148643205,35.21060748509097,49.699999999999996,257.4711923291648
1561,34,2026-04-27,15:28:27.312,49.7,759.742,100,1/800.0,1.7,0,default,24.0,32.105394,35.211112,5200,32.1052971486432,35.210597485102234,49.699999999999996,257.4711923291648
1562,33,2026-04-27,15:28:27.347,49.7,759.742,100,1/800.0,1.7,0,default,24.0,32.105394,35.211112,5200,32.1052971486432,35.210597485102234,49.699999999999996,257.4711923291648
1563,33,2026-04-27,15:28:27.380,49.7,759.742,100,1/800.0,1.7,0,default,24.0,32.105394,35.211112,5200,32.1052971486432,35.210597485102234,49.699999999999996,257.4711923291648
1564,34,2026-04-27,15:28:27.413,49.7,759.742,100,1/800.0,1.7,0,default,24.0,32.105392,35.211104,5200,32.10529514864321,35.2105894851135,49.699999999999996,257.4711923291648
1565,33,2026-04-27,15:28:27.447,49.7,759.742,100,1/800.0,1.7,0,default,24.0,32.105392,35.211104,5200,32.10529514864321,35.2105894851135,49.699999999999996,257.4711923291648
1566,33,2026-04-27,15:28:27.480,49.7,759.742,100,1/800.0,1.7,0,default,24.0,32.105392,35.211104,5201,32.10529514864314,35.210589485113516,49.699999999999996,257.4711923195857
1567,34,2026-04-27,15:28:27.513,49.7,759.742,100,1/800.0,1.7,0,default,24.0,32.10539,35.211094,5201,32.105293148643135,35.21057948512479,49.699999999999996,257.4711923195857
1568,33,2026-04-27,15:28:27.547,49.7,759.742,100,1/800.0,1.7,0,default,24.0,32.10539,35.211094,5202,32.105293148643135,35.21057948512479,49.699999999999996,257.4711923195857
1569,33,2026-04-27,15:28:27.580,49.7,759.742,100,1/800.0,1.7,0,default,24.0,32.10539,35.211094,5202,32.105293148643135,35.21057948512479,49.699999999999996,257.4711923195857
1570,34,2026-04-27,15:28:27.614,49.7,759.742,100,1/800.0,1.7,0,default,24.0,32.105388,35.211084,5202,32.10529114864313,35.210569485136055,49.699999999999996,257.4711923195857
1571,33,2026-04-27,15:28:27.647,49.7,759.742,100,1/800.0,1.7,0,default,24.0,32.105388,35.211084,5203,32.10529114864313,35.210569485136055,49.699999999999996,257.4711923195857
1572,34,2026-04-27,15:28:27.680,49.7,759.742,100,1/800.0,1.7,0,default,24.0,32.105388,35.211084,5203,32.10529114864288,35.210569485136126,49.699999999999996,257.47119228605897
1573,33,2026-04-27,15:28:27.714,49.7,759.742,100,1/800.0,1.7,0,default,24.0,32.105386,35.211074,5204,32.10528914864288,35.2105594851474,49.699999999999996,257.47119228605897
1574,33,2026-04-27,15:28:27.747,49.7,759.742,100,1/800.0,1.7,0,default,24.0,32.105386,35.211074,5204,32.10528914864288,35.2105594851474,49.699999999999996,257.47119228605897
1575,34,2026-04-27,15:28:27.781,49.7,759.742,100,1/800.0,1.7,0,default,24.0,32.105386,35.211074,5205,32.10528914864288,35.2105594851474,49.699999999999996,257.47119228605897
1576,33,2026-04-27,15:28:27.814,49.7,759.742,100,1/800.0,1.7,0,default,24.0,32.105385,35.211065,5205,32.10528814864288,35.21055048515303,49.699999999999996,257.47119228605897
1577,33,2026-04-27,15:28:27.846,49.7,759.742,100,1/800.0,1.7,0,default,24.0,32.105385,35.211065,5206,32.10528814864288,35.21055048515303,49.699999999999996,257.47119228605897
1578,34,2026-04-27,15:28:27.881,49.7,759.742,100,1/800.0,1.7,0,default,24.0,32.105385,35.211065,5206,32.1052881486428,35.21055048515304,49.699999999999996,257.4711922764799
1579,33,2026-04-27,15:28:27.913,49.7,759.742,100,1/800.0,1.7,0,default,24.0,32.105382,35.211055,5207,32.1052851486428,35.21054048516995,49.699999999999996,257.4711922764799
1580,33,2026-04-27,15:28:27.946,49.7,759.742,100,1/800.0,1.7,0,default,24.0,32.105382,35.211055,5207,32.1052851486428,35.21054048516995,49.699999999999996,257.4711922764799
1581,34,2026-04-27,15:28:27.981,49.7,759.742,100,1/800.0,1.7,0,default,24.0,32.105382,35.211055,5207,32.10527371689119,35.210543671050814,49.699999999999996,255.96375656799506
1582,33,2026-04-27,15:28:28.014,49.7,759.742,100,1/800.0,1.7,0,default,24.0,32.10538,35.211045,5208,32.10527171689119,35.21053367106201,49.699999999999996,255.96375656799506
1583,34,2026-04-27,15:28:28.047,49.7,759.742,100,1/800.0,1.7,0,default,24.0,32.10538,35.211045,5209,32.10527171689119,35.21053367106201,49.699999999999996,255.96375656799506
1584,33,2026-04-27,15:28:28.080,49.7,759.742,100,1/800.0,1.7,0,default,24.0,32.10538,35.211045,5210,32.10527171689119,35.21053367106201,49.699999999999996,255.96375656799506
1585,33,2026-04-27,15:28:28.114,49.8,759.842,100,1/800.0,1.7,0,default,24.0,32.105378,35.211036,5210,32.10526949901774,35.21052364224237,49.79999999999999,255.96375656799506
1586,34,2026-04-27,15:28:28.147,49.8,759.842,100,1/800.0,1.7,0,default,24.0,32.105378,35.211036,5210,32.10526949901774,35.21052364224237,49.79999999999999,255.96375656799506
1587,33,2026-04-27,15:28:28.181,49.8,759.842,100,1/800.0,1.7,0,default,24.0,32.105378,35.211036,5210,32.10526949901728,35.21052364224251,49.79999999999999,255.9637565081258
1588,33,2026-04-27,15:28:28.214,49.8,759.842,100,1/800.0,1.7,0,default,24.0,32.105376,35.211026,5210,32.10526749901728,35.21051364225372,49.79999999999999,255.9637565081258
1589,34,2026-04-27,15:28:28.248,49.8,759.842,100,1/800.0,1.7,0,default,24.0,32.105376,35.211026,5210,32.10526749901728,35.21051364225372,49.79999999999999,255.9637565081258
1590,33,2026-04-27,15:28:28.281,49.8,759.842,100,1/800.0,1.7,0,default,24.0,32.105376,35.211026,5211,32.10525829153116,35.21051648287535,49.79999999999999,254.74488129067896
1591,34,2026-04-27,15:28:28.314,49.8,759.842,100,1/800.0,1.7,0,default,24.0,32.105373,35.211015,5212,32.10525529153116,35.210505482892096,49.79999999999999,254.74488129067896
1592,33,2026-04-27,15:28:28.348,49.8,759.842,100,1/800.0,1.7,0,default,24.0,32.105373,35.211015,5213,32.10525529153116,35.210505482892096,49.79999999999999,254.74488129067896
1593,33,2026-04-27,15:28:28.381,49.8,759.842,100,1/800.0,1.7,0,default,24.0,32.105373,35.211015,5214,32.10525010047829,35.21050719395442,49.79999999999999,254.05460409139576
1594,34,2026-04-27,15:28:28.414,49.8,759.842,100,1/800.0,1.7,0,default,24.0,32.10537,35.211005,5215,32.10524710047829,35.2104971939711,49.79999999999999,254.05460409139576
1595,33,2026-04-27,15:28:28.448,49.8,759.842,100,1/800.0,1.7,0,default,24.0,32.10537,35.211005,5217,32.10524710047829,35.2104971939711,49.79999999999999,254.05460409139576
1596,33,2026-04-27,15:28:28.481,49.8,759.842,100,1/800.0,1.7,0,default,24.0,32.10537,35.211005,5219,32.10524145175932,35.21049914680362,49.79999999999999,253.30075577347625
1597,34,2026-04-27,15:28:28.515,49.8,759.842,100,1/800.0,1.7,0,default,24.0,32.105368,35.210998,5221,32.10523945175932,35.210492146814694,49.79999999999999,253.30075577347625
1598,33,2026-04-27,15:28:28.548,49.8,759.842,100,1/800.0,1.7,0,default,24.0,32.105368,35.210998,5222,32.10523945175932,35.210492146814694,49.79999999999999,253.30075577347625
1599,33,2026-04-27,15:28:28.581,49.8,759.842,100,1/800.0,1.7,0,default,24.0,32.105368,35.210998,5224,32.10523945175932,35.210492146814694,49.79999999999999,253.30075577347625
1600,34,2026-04-27,15:28:28.615,49.8,759.842,100,1/800.0,1.7,0,default,24.0,32.105364,35.210987,5225,32.10523545175932,35.21048114683686,49.79999999999999,253.30075577347625
1601,33,2026-04-27,15:28:28.648,49.8,759.842,100,1/800.0,1.7,0,default,24.0,32.105364,35.210987,5226,32.10523545175932,35.21048114683686,49.79999999999999,253.30075577347625
1602,34,2026-04-27,15:28:28.680,49.8,759.842,100,1/800.0,1.7,0,default,24.0,32.105364,35.210987,5228,32.10523545175932,35.21048114683686,49.79999999999999,253.30075577347625
1603,33,2026-04-27,15:28:28.714,49.8,759.842,100,1/800.0,1.7,0,default,24.0,32.105361,35.210979,5229,32.10523245175932,35.210473146853474,49.79999999999999,253.30075577347625
1604,33,2026-04-27,15:28:28.748,49.8,759.842,100,1/800.0,1.7,0,default,24.0,32.105361,35.210979,5230,32.10523245175932,35.210473146853474,49.79999999999999,253.30075577347625
1605,34,2026-04-27,15:28:28.782,49.8,759.842,100,1/800.0,1.7,0,default,24.0,32.105361,35.210979,5232,32.105232451759235,35.21047314685351,49.79999999999999,253.3007557622714
1606,33,2026-04-27,15:28:28.815,49.8,759.842,100,1/800.0,1.7,0,default,24.0,32.105358,35.210969,5232,32.105229451759236,35.21046314687012,49.79999999999999,253.3007557622714
1607,33,2026-04-27,15:28:28.848,49.8,759.842,100,1/800.0,1.7,0,default,24.0,32.105358,35.210969,5233,32.105229451759236,35.21046314687012,49.79999999999999,253.3007557622714
1608,34,2026-04-27,15:28:28.882,49.8,759.842,100,1/800.0,1.7,0,default,24.0,32.105358,35.210969,5233,32.10521653202643,35.21046797552105,49.79999999999999,251.5650511363669
1609,33,2026-04-27,15:28:28.914,49.8,759.842,100,1/800.0,1.7,0,default,24.0,32.105354,35.210959,5234,32.10521253202643,35.210457975543,49.79999999999999,251.5650511363669
1610,33,2026-04-27,15:28:28.947,49.8,759.842,100,1/800.0,1.7,0,default,24.0,32.105354,35.210959,5234,32.10521253202643,35.210457975543,49.79999999999999,251.5650511363669
1611,34,2026-04-27,15:28:28.981,49.8,759.842,100,1/800.0,1.7,0,default,24.0,32.105354,35.210959,5236,32.10520111747765,35.21046267051809,49.79999999999999,250.01689348107163
1612,33,2026-04-27,15:28:29.015,49.8,759.842,100,1/800.0,1.7,0,default,24.0,32.105352,35.210951,5236,32.10519911747765,35.21045467052896,49.79999999999999,250.01689348107163
1613,34,2026-04-27,15:28:29.048,49.8,759.842,100,1/800.0,1.7,0,default,24.0,32.105352,35.210951,5236,32.10519911747765,35.21045467052896,49.79999999999999,250.01689348107163
1614,33,2026-04-27,15:28:29.081,49.8,759.842,100,1/800.0,1.7,0,default,24.0,32.105352,35.210951,5237,32.10519492106206,35.21045650008777,49.79999999999999,249.44395478599338
1615,33,2026-04-27,15:28:29.115,49.7,759.742,100,1/800.0,1.7,0,default,24.0,32.105349,35.210942,5237,32.10519223648161,35.210448493075695,49.699999999999996,249.44395478599338
1616,34,2026-04-27,15:28:29.148,49.7,759.742,100,1/800.0,1.7,0,default,24.0,32.105349,35.210942,5238,32.10519223648161,35.210448493075695,49.699999999999996,249.44395478599338
1617,33,2026-04-27,15:28:29.181,49.7,759.742,100,1/800.0,1.7,0,default,24.0,32.105349,35.210942,5238,32.10519223648161,35.210448493075695,49.699999999999996,249.44395478599338
1618,33,2026-04-27,15:28:29.215,49.7,759.742,100,1/800.0,1.7,0,default,24.0,32.105346,35.210932,5239,32.10518923648161,35.21043849309191,49.699999999999996,249.44395478599338
1619,34,2026-04-27,15:28:29.249,49.7,759.742,100,1/800.0,1.7,0,default,24.0,32.105346,35.210932,5239,32.10518923648161,35.21043849309191,49.699999999999996,249.44395478599338
1620,33,2026-04-27,15:28:29.282,49.7,759.742,100,1/800.0,1.7,0,default,24.0,32.105346,35.210932,5240,32.10518923648161,35.21043849309191,49.699999999999996,249.44395478599338
1621,34,2026-04-27,15:28:29.315,49.7,759.742,100,1/800.0,1.7,0,default,24.0,32.105343,35.210924,5240,32.10518623648161,35.21043049310812,49.699999999999996,249.44395478599338
1622,33,2026-04-27,15:28:29.349,49.7,759.742,100,1/800.0,1.7,0,default,24.0,32.105343,35.210924,5241,32.10518623648161,35.21043049310812,49.699999999999996,249.44395478599338
1623,33,2026-04-27,15:28:29.382,49.7,759.742,100,1/800.0,1.7,0,default,24.0,32.105343,35.210924,5242,32.10518623648161,35.21043049310812,49.699999999999996,249.44395478599338
1624,34,2026-04-27,15:28:29.415,49.8,759.842,100,1/800.0,1.7,0,default,24.0,32.105339,35.210914,5242,32.105181921062055,35.21041950015817,49.79999999999999,249.44395478599338
1625,33,2026-04-27,15:28:29.449,49.8,759.842,100,1/800.0,1.7,0,default,24.0,32.105339,35.210914,5244,32.105181921062055,35.21041950015817,49.79999999999999,249.44395478599338
1626,33,2026-04-27,15:28:29.482,49.8,759.842,100,1/800.0,1.7,0,default,24.0,32.105339,35.210914,5246,32.105181921062055,35.21041950015817,49.79999999999999,249.44395478599338
1627,34,2026-04-27,15:28:29.516,49.8,759.842,100,1/800.0,1.7,0,default,24.0,32.105336,35.210906,5249,32.105178921062056,35.21041150017441,49.79999999999999,249.44395478599338
1628,33,2026-04-27,15:28:29.549,49.8,759.842,100,1/800.0,1.7,0,default,24.0,32.105336,35.210906,5252,32.105178921062056,35.21041150017441,49.79999999999999,249.44395478599338
1629,33,2026-04-27,15:28:29.582,49.8,759.842,100,1/800.0,1.7,0,default,24.0,32.105336,35.210906,5254,32.10516985429142,35.210415647277145,49.79999999999999,248.19859052066732
1630,34,2026-04-27,15:28:29.616,49.8,759.842,100,1/800.0,1.7,0,default,24.0,32.105331,35.210896,5258,32.10516485429142,35.210405647303986,49.79999999999999,248.19859052066732
1631,33,2026-04-27,15:28:29.649,49.8,759.842,100,1/800.0,1.7,0,default,24.0,32.105331,35.210896,5261,32.10516485429142,35.210405647303986,49.79999999999999,248.19859052066732
1632,34,2026-04-27,15:28:29.683,49.8,759.842,100,1/800.0,1.7,0,default,24.0,32.105331,35.210896,5264,32.10516485429116,35.21040564730411,49.79999999999999,248.19859048557157
1633,33,2026-04-27,15:28:29.716,49.8,759.842,100,1/800.0,1.7,0,default,24.0,32.105328,35.210889,5268,32.10516185429116,35.21039864732022,49.79999999999999,248.19859048557157
1634,33,2026-04-27,15:28:29.749,49.8,759.842,100,1/800.0,1.7,0,default,24.0,32.105328,35.210889,5272,32.10516185429116,35.21039864732022,49.79999999999999,248.19859048557157
1635,34,2026-04-27,15:28:29.782,49.8,759.842,100,1/800.0,1.7,0,default,24.0,32.105328,35.210889,5276,32.10516185429116,35.21039864732022,49.79999999999999,248.19859048557157
1636,33,2026-04-27,15:28:29.815,49.7,759.742,100,1/800.0,1.7,0,default,24.0,32.105323,35.21088,5279,32.10515718791709,35.210390631990954,49.699999999999996,248.19859048557157
1637,33,2026-04-27,15:28:29.849,49.7,759.742,100,1/800.0,1.7,0,default,24.0,32.105323,35.21088,5282,32.10515718791709,35.210390631990954,49.699999999999996,248.19859048557157
1638,34,2026-04-27,15:28:29.882,49.7,759.742,100,1/800.0,1.7,0,default,24.0,32.105323,35.21088,5286,32.10514712972782,35.21039555038716,49.699999999999996,246.80140947933265
1639,33,2026-04-27,15:28:29.916,49.7,759.742,100,1/800.0,1.7,0,default,24.0,32.105319,35.210871,5289,32.10514312972782,35.21038655040837,49.699999999999996,246.80140947933265
1640,33,2026-04-27,15:28:29.949,49.7,759.742,100,1/800.0,1.7,0,default,24.0,32.105319,35.210871,5292,32.10514312972782,35.21038655040837,49.699999999999996,246.80140947933265
1641,34,2026-04-27,15:28:29.983,49.7,759.742,100,1/800.0,1.7,0,default,24.0,32.105319,35.210871,5294,32.10514312972782,35.21038655040837,49.699999999999996,246.80140947933265
1642,33,2026-04-27,15:28:30.016,49.7,759.742,100,1/800.0,1.7,0,default,24.0,32.105315,35.210862,5297,32.10513912972782,35.2103775504296,49.699999999999996,246.80140947933265
1643,34,2026-04-27,15:28:30.049,49.7,759.742,100,1/800.0,1.7,0,default,24.0,32.105315,35.210862,5300,32.10513912972782,35.2103775504296,49.699999999999996,246.80140947933265
1644,33,2026-04-27,15:28:30.083,49.7,759.742,100,1/800.0,1.7,0,default,24.0,32.105315,35.210862,5302,32.10513367432562,35.21038036152313,49.699999999999996,246.03751105480097
1645,33,2026-04-27,15:28:30.116,49.7,759.742,100,1/800.0,1.7,0,default,24.0,32.105312,35.210854,5305,32.10513067432562,35.21037236153895,49.699999999999996,246.03751105480097
1646,34,2026-04-27,15:28:30.150,49.7,759.742,100,1/800.0,1.7,0,default,24.0,32.105312,35.210854,5307,32.10513067432562,35.21037236153895,49.699999999999996,246.03751105480097
1647,33,2026-04-27,15:28:30.183,49.7,759.742,100,1/800.0,1.7,0,default,24.0,32.105312,35.210854,5309,32.10513067432562,35.21037236153895,49.699999999999996,246.03751105480097
1648,33,2026-04-27,15:28:30.216,49.7,759.742,100,1/800.0,1.7,0,default,24.0,32.105307,35.210845,5310,32.10512567432563,35.21036336156532,49.699999999999996,246.03751105480097
1649,34,2026-04-27,15:28:30.249,49.7,759.742,100,1/800.0,1.7,0,default,24.0,32.105307,35.210845,5312,32.10512567432563,35.21036336156532,49.699999999999996,246.03751105480097
1650,33,2026-04-27,15:28:30.283,49.7,759.742,100,1/800.0,1.7,0,default,24.0,32.105307,35.210845,5313,32.10512567432563,35.21036336156532,49.699999999999996,246.03751105480097
1651,34,2026-04-27,15:28:30.316,49.7,759.742,100,1/800.0,1.7,0,default,24.0,32.105304,35.210836,5315,32.10512267432562,35.210354361581146,49.699999999999996,246.03751105480097
1652,33,2026-04-27,15:28:30.350,49.7,759.742,100,1/800.0,1.7,0,default,24.0,32.105304,35.210836,5315,32.10512267432562,35.210354361581146,49.699999999999996,246.03751105480097
1653,33,2026-04-27,15:28:30.383,49.7,759.742,100,1/800.0,1.7,0,default,24.0,32.105304,35.210836,5316,32.10512267432562,35.210354361581146,49.699999999999996,246.03751105480097
1654,34,2026-04-27,15:28:30.416,49.7,759.742,100,1/800.0,1.7,0,default,24.0,32.105299,35.210826,5317,32.105117674325626,35.21034436160751,49.699999999999996,246.03751105480097
1655,33,2026-04-27,15:28:30.450,49.7,759.742,100,1/800.0,1.7,0,default,24.0,32.105299,35.210826,5318,32.105117674325626,35.21034436160751,49.699999999999996,246.03751105480097
1656,33,2026-04-27,15:28:30.483,49.7,759.742,100,1/800.0,1.7,0,default,24.0,32.105299,35.210826,5318,32.105117674325626,35.21034436160751,49.699999999999996,246.03751105480097
1657,34,2026-04-27,15:28:30.517,49.7,759.742,100,1/800.0,1.7,0,default,24.0,32.105295,35.210818,5319,32.10511367432562,35.21033636162862,49.699999999999996,246.03751105480097
1658,33,2026-04-27,15:28:30.549,49.7,759.742,100,1/800.0,1.7,0,default,24.0,32.105295,35.210818,5319,32.10511367432562,35.21033636162862,49.699999999999996,246.03751105480097
1659,33,2026-04-27,15:28:30.583,49.7,759.742,100,1/800.0,1.7,0,default,24.0,32.105295,35.210818,5320,32.1051136743255,35.21033636162868,49.699999999999996,246.0375110380129
1660,34,2026-04-27,15:28:30.617,49.7,759.742,100,1/800.0,1.7,0,default,24.0,32.105291,35.210809,5320,32.105109674325504,35.210327361649775,49.699999999999996,246.0375110380129
1661,33,2026-04-27,15:28:30.650,49.7,759.742,100,1/800.0,1.7,0,default,24.0,32.105291,35.210809,5320,32.105109674325504,35.210327361649775,49.699999999999996,246.0375110380129
1662,34,2026-04-27,15:28:30.683,49.7,759.742,100,1/800.0,1.7,0,default,24.0,32.105291,35.210809,5321,32.105109674325504,35.210327361649775,49.699999999999996,246.0375110380129
1663,33,2026-04-27,15:28:30.717,49.7,759.742,100,1/800.0,1.7,0,default,24.0,32.105287,35.2108,5321,32.1051056743255,35.21031836167087,49.699999999999996,246.0375110380129
1664,33,2026-04-27,15:28:30.749,49.7,759.742,100,1/800.0,1.7,0,default,24.0,32.105287,35.2108,5322,32.1051056743255,35.21031836167087,49.699999999999996,246.0375110380129
1665,34,2026-04-27,15:28:30.782,49.7,759.742,100,1/800.0,1.7,0,default,24.0,32.105287,35.2108,5322,32.10510567432523,35.210318361671014,49.699999999999996,246.0375110002397
1666,33,2026-04-27,15:28:30.817,49.7,759.742,100,1/800.0,1.7,0,default,24.0,32.105283,35.21079,5323,32.10510167432523,35.210308361692114,49.699999999999996,246.0375110002397
1667,33,2026-04-27,15:28:30.850,49.7,759.742,100,1/800.0,1.7,0,default,24.0,32.105283,35.21079,5323,32.10510167432523,35.210308361692114,49.699999999999996,246.0375110002397
1668,34,2026-04-27,15:28:30.884,49.7,759.742,100,1/800.0,1.7,0,default,24.0,32.105283,35.21079,5324,32.1051016743255,35.21030836169197,49.699999999999996,246.0375110380129
1669,33,2026-04-27,15:28:30.917,49.7,759.742,100,1/800.0,1.7,0,default,24.0,32.105278,35.21078,5323,32.1050966743255,35.21029836171834,49.699999999999996,246.0375110380129
1670,33,2026-04-27,15:28:30.950,49.7,759.742,100,1/800.0,1.7,0,default,24.0,32.105278,35.21078,5323,32.1050966743255,35.21029836171834,49.699999999999996,246.0375110380129
1671,34,2026-04-27,15:28:30.984,49.7,759.742,100,1/800.0,1.7,0,default,24.0,32.105278,35.21078,5323,32.1050966743255,35.21029836171834,49.699999999999996,246.0375110380129
1672,33,2026-04-27,15:28:31.017,49.7,759.742,100,1/800.0,1.7,0,default,24.0,32.105275,35.210772,5323,32.1050936743255,35.21029036173416,49.699999999999996,246.0375110380129
1673,34,2026-04-27,15:28:31.050,49.7,759.742,100,1/800.0,1.7,0,default,24.0,32.105275,35.210772,5322,32.1050936743255,35.21029036173416,49.699999999999996,246.0375110380129
1674,33,2026-04-27,15:28:31.083,49.7,759.742,100,1/800.0,1.7,0,default,24.0,32.105275,35.210772,5322,32.10509367432562,35.210290361734096,49.699999999999996,246.03751105480097
1675,33,2026-04-27,15:28:31.117,49.7,759.742,100,1/800.0,1.7,0,default,24.0,32.10527,35.210762,5323,32.10508867432562,35.210280361760475,49.699999999999996,246.03751105480097
1676,34,2026-04-27,15:28:31.150,49.7,759.742,100,1/800.0,1.7,0,default,24.0,32.10527,35.210762,5323,32.10508867432562,35.210280361760475,49.699999999999996,246.03751105480097
1677,33,2026-04-27,15:28:31.184,49.7,759.742,100,1/800.0,1.7,0,default,24.0,32.10527,35.210762,5324,32.1050886743255,35.21028036176054,49.699999999999996,246.0375110380129
1678,33,2026-04-27,15:28:31.216,49.7,759.742,100,1/800.0,1.7,0,default,24.0,32.105266,35.210753,5324,32.105084674325504,35.21027136178163,49.699999999999996,246.0375110380129
1679,34,2026-04-27,15:28:31.251,49.7,759.742,100,1/800.0,1.7,0,default,24.0,32.105266,35.210753,5324,32.105084674325504,35.21027136178163,49.699999999999996,246.0375110380129
1680,33,2026-04-27,15:28:31.284,49.7,759.742,100,1/800.0,1.7,0,default,24.0,32.105266,35.210753,5324,32.105084674325504,35.21027136178163,49.699999999999996,246.0375110380129
1681,34,2026-04-27,15:28:31.317,49.7,759.742,100,1/800.0,1.7,0,default,24.0,32.105261,35.210742,5324,32.1050796743255,35.210260361808004,49.699999999999996,246.0375110380129
1682,33,2026-04-27,15:28:31.350,49.7,759.742,100,1/800.0,1.7,0,default,24.0,32.105261,35.210742,5324,32.1050796743255,35.210260361808004,49.699999999999996,246.0375110380129
1683,33,2026-04-27,15:28:31.384,49.7,759.742,100,1/800.0,1.7,0,default,24.0,32.105261,35.210742,5324,32.10507967432523,35.210260361808146,49.699999999999996,246.0375110002397
1684,34,2026-04-27,15:28:31.417,49.7,759.742,100,1/800.0,1.7,0,default,24.0,32.105257,35.210733,5324,32.105075674325235,35.210251361829236,49.699999999999996,246.0375110002397
1685,33,2026-04-27,15:28:31.450,49.7,759.742,100,1/800.0,1.7,0,default,24.0,32.105257,35.210733,5325,32.105075674325235,35.210251361829236,49.699999999999996,246.0375110002397
1686,33,2026-04-27,15:28:31.484,49.7,759.742,100,1/800.0,1.7,0,default,24.0,32.105257,35.210733,5325,32.105075674325235,35.210251361829236,49.699999999999996,246.0375110002397
1687,34,2026-04-27,15:28:31.518,49.7,759.742,100,1/800.0,1.7,0,default,24.0,32.105253,35.210723,5325,32.10507167432523,35.210241361850336,49.699999999999996,246.0375110002397
1688,33,2026-04-27,15:28:31.550,49.7,759.742,100,1/800.0,1.7,0,default,24.0,32.105253,35.210723,5325,32.10507167432523,35.210241361850336,49.699999999999996,246.0375110002397
1689,33,2026-04-27,15:28:31.584,49.7,759.742,100,1/800.0,1.7,0,default,24.0,32.105253,35.210723,5325,32.10507167432523,35.210241361850336,49.699999999999996,246.0375110002397
1690,34,2026-04-27,15:28:31.618,49.7,759.742,100,1/800.0,1.7,0,default,24.0,32.105249,35.210714,5325,32.105067674325234,35.210232361871434,49.699999999999996,246.0375110002397
1691,33,2026-04-27,15:28:31.651,49.7,759.742,100,1/800.0,1.7,0,default,24.0,32.105249,35.210714,5326,32.105067674325234,35.210232361871434,49.699999999999996,246.0375110002397
1692,34,2026-04-27,15:28:31.684,49.7,759.742,100,1/800.0,1.7,0,default,24.0,32.105249,35.210714,5326,32.105067674325234,35.210232361871434,49.699999999999996,246.0375110002397
1693,33,2026-04-27,15:28:31.717,49.7,759.742,100,1/800.0,1.7,0,default,24.0,32.105244,35.210704,5326,32.10506267432523,35.210222361897806,49.699999999999996,246.0375110002397
1694,33,2026-04-27,15:28:31.750,49.7,759.742,100,1/800.0,1.7,0,default,24.0,32.105244,35.210704,5326,32.10506267432523,35.210222361897806,49.699999999999996,246.0375110002397
1695,34,2026-04-27,15:28:31.784,49.7,759.742,100,1/800.0,1.7,0,default,24.0,32.105244,35.210704,5326,32.10506267432523,35.210222361897806,49.699999999999996,246.0375110002397
1696,33,2026-04-27,15:28:31.818,49.7,759.742,100,1/800.0,1.7,0,default,24.0,32.105239,35.210693,5327,32.10505767432523,35.21021136192417,49.699999999999996,246.0375110002397
1697,33,2026-04-27,15:28:31.851,49.7,759.742,100,1/800.0,1.7,0,default,24.0,32.105239,35.210693,5327,32.10505767432523,35.21021136192417,49.699999999999996,246.0375110002397
1698,34,2026-04-27,15:28:31.885,49.7,759.742,100,1/800.0,1.7,0,default,24.0,32.105239,35.210693,5327,32.10505767432523,35.21021136192417,49.699999999999996,246.0375110002397
1699,33,2026-04-27,15:28:31.918,49.7,759.742,100,1/800.0,1.7,0,default,24.0,32.105235,35.210683,5328,32.105053674325234,35.21020136194527,49.699999999999996,246.0375110002397
1700,33,2026-04-27,15:28:31.951,49.7,759.742,100,1/800.0,1.7,0,default,24.0,32.105235,35.210683,5329,32.105053674325234,35.21020136194527,49.699999999999996,246.0375110002397
1701,34,2026-04-27,15:28:31.985,49.7,759.742,100,1/800.0,1.7,0,default,24.0,32.105235,35.210683,5330,32.105053674325234,35.21020136194527,49.699999999999996,246.0375110002397
1702,33,2026-04-27,15:28:32.017,49.7,759.742,100,1/800.0,1.7,0,default,24.0,32.105231,35.210674,5331,32.10504967432524,35.21019236196637,49.699999999999996,246.0375110002397
1703,34,2026-04-27,15:28:32.051,49.7,759.742,100,1/800.0,1.7,0,default,24.0,32.105231,35.210674,5332,32.10504967432524,35.21019236196637,49.699999999999996,246.0375110002397
1704,33,2026-04-27,15:28:32.085,49.7,759.742,100,1/800.0,1.7,0,default,24.0,32.105231,35.210674,5333,32.10504967432524,35.21019236196637,49.699999999999996,246.0375110002397
1705,33,2026-04-27,15:28:32.118,49.7,759.742,100,1/800.0,1.7,0,default,24.0,32.105226,35.210662,5334,32.105044674325235,35.21018036199274,49.699999999999996,246.0375110002397
1706,34,2026-04-27,15:28:32.151,49.7,759.742,100,1/800.0,1.7,0,default,24.0,32.105226,35.210662,5335,32.105044674325235,35.21018036199274,49.699999999999996,246.0375110002397
1707,33,2026-04-27,15:28:32.185,49.7,759.742,100,1/800.0,1.7,0,default,24.0,32.105226,35.210662,5335,32.105044674325235,35.21018036199274,49.699999999999996,246.0375110002397
1708,33,2026-04-27,15:28:32.218,49.7,759.742,100,1/800.0,1.7,0,default,24.0,32.105222,35.210653,5335,32.10504067432523,35.21017136201384,49.699999999999996,246.0375110002397
1709,34,2026-04-27,15:28:32.252,49.7,759.742,100,1/800.0,1.7,0,default,24.0,32.105222,35.210653,5335,32.10504067432523,35.21017136201384,49.699999999999996,246.0375110002397
1710,33,2026-04-27,15:28:32.285,49.7,759.742,100,1/800.0,1.7,0,default,24.0,32.105222,35.210653,5335,32.10504067432523,35.21017136201384,49.699999999999996,246.0375110002397
1711,34,2026-04-27,15:28:32.318,49.7,759.742,100,1/800.0,1.7,0,default,24.0,32.105217,35.210642,5335,32.10503567432524,35.21016036204021,49.699999999999996,246.0375110002397
1712,33,2026-04-27,15:28:32.352,49.7,759.742,100,1/800.0,1.7,0,default,24.0,32.105217,35.210642,5335,32.10503567432524,35.21016036204021,49.699999999999996,246.0375110002397
1713,33,2026-04-27,15:28:32.385,49.7,759.742,100,1/800.0,1.7,0,default,24.0,32.105217,35.210642,5336,32.10503567432524,35.21016036204021,49.699999999999996,246.0375110002397
1714,34,2026-04-27,15:28:32.417,49.7,759.742,100,1/800.0,1.7,0,default,24.0,32.105213,35.210633,5337,32.10503167432523,35.21015136206131,49.699999999999996,246.0375110002397
1715,33,2026-04-27,15:28:32.452,49.7,759.742,100,1/800.0,1.7,0,default,24.0,32.105213,35.210633,5338,32.10503167432523,35.21015136206131,49.699999999999996,246.0375110002397
1716,33,2026-04-27,15:28:32.485,49.7,759.742,100,1/800.0,1.7,0,default,24.0,32.105213,35.210633,5339,32.10503167432523,35.21015136206131,49.699999999999996,246.0375110002397
1717,34,2026-04-27,15:28:32.518,49.7,759.742,100,1/800.0,1.7,0,default,24.0,32.105208,35.210622,5340,32.10502667432523,35.21014036208768,49.699999999999996,246.0375110002397
1718,33,2026-04-27,15:28:32.552,49.7,759.742,100,1/800.0,1.7,0,default,24.0,32.105208,35.210622,5341,32.10502667432523,35.21014036208768,49.699999999999996,246.0375110002397
1719,33,2026-04-27,15:28:32.584,49.7,759.742,100,1/800.0,1.7,0,default,24.0,32.105208,35.210622,5342,32.10502667432523,35.21014036208768,49.699999999999996,246.0375110002397
1720,34,2026-04-27,15:28:32.619,49.7,759.742,100,1/800.0,1.7,0,default,24.0,32.105203,35.210612,5343,32.105021674325236,35.21013036211405,49.699999999999996,246.0375110002397
1721,33,2026-04-27,15:28:32.651,49.7,759.742,100,1/800.0,1.7,0,default,24.0,32.105203,35.210612,5345,32.105021674325236,35.21013036211405,49.699999999999996,246.0375110002397
1722,34,2026-04-27,15:28:32.685,49.7,759.742,100,1/800.0,1.7,0,default,24.0,32.105203,35.210612,5347,32.10501825242197,35.21013217788954,49.699999999999996,245.55604524467935
1723,33,2026-04-27,15:28:32.719,49.7,759.742,100,1/800.0,1.7,0,default,24.0,32.105199,35.210601,5349,32.10501425242197,35.21012117791056,49.699999999999996,245.55604524467935
1724,33,2026-04-27,15:28:32.752,49.7,759.742,100,1/800.0,1.7,0,default,24.0,32.105199,35.210601,5352,32.10501425242197,35.21012117791056,49.699999999999996,245.55604524467935
1725,34,2026-04-27,15:28:32.786,49.7,759.742,100,1/800.0,1.7,0,default,24.0,32.105199,35.210601,5354,32.10501767432523,35.210119362135146,49.699999999999996,246.0375110002397
1726,33,2026-04-27,15:28:32.819,49.7,759.742,100,1/800.0,1.7,0,default,24.0,32.105194,35.210591,5357,32.10501267432523,35.21010936216152,49.699999999999996,246.0375110002397
1727,33,2026-04-27,15:28:32.852,49.7,759.742,100,1/800.0,1.7,0,default,24.0,32.105194,35.210591,5358,32.10501267432523,35.21010936216152,49.699999999999996,246.0375110002397
1728,34,2026-04-27,15:28:32.886,49.7,759.742,100,1/800.0,1.7,0,default,24.0,32.105194,35.210591,5361,32.10501267432523,35.21010936216152,49.699999999999996,246.0375110002397
1729,33,2026-04-27,15:28:32.919,49.7,759.742,100,1/800.0,1.7,0,default,24.0,32.10519,35.21058,5364,32.105008674325234,35.21009836218261,49.699999999999996,246.0375110002397
1730,33,2026-04-27,15:28:32.952,49.7,759.742,100,1/800.0,1.7,0,default,24.0,32.10519,35.21058,5366,32.105008674325234,35.21009836218261,49.699999999999996,246.0375110002397
1731,34,2026-04-27,15:28:32.986,49.7,759.742,100,1/800.0,1.7,0,default,24.0,32.10519,35.21058,5368,32.10500525242197,35.21010017795785,49.699999999999996,245.55604524467935
1732,33,2026-04-27,15:28:33.019,49.7,759.742,100,1/800.0,1.7,0,default,24.0,32.105185,35.21057,5370,32.105000252421966,35.21009017798412,49.699999999999996,245.55604524467935
1733,34,2026-04-27,15:28:33.052,49.7,759.742,110,1/800.0,1.7,0,default,24.0,32.105185,35.21057,5372,32.105000252421966,35.21009017798412,49.699999999999996,245.55604524467935
1734,33,2026-04-27,15:28:33.085,49.7,759.742,110,1/800.0,1.7,0,default,24.0,32.105185,35.21057,5373,32.105000252421966,35.21009017798412,49.699999999999996,245.55604524467935
1735,33,2026-04-27,15:28:33.119,49.7,759.742,110,1/800.0,1.7,0,default,24.0,32.10518,35.210559,5374,32.104995252421965,35.210079178010396,49.699999999999996,245.55604524467935
1736,34,2026-04-27,15:28:33.153,49.7,759.742,110,1/1000.0,1.7,0,default,24.0,32.10518,35.210559,5376,32.104995252421965,35.210079178010396,49.699999999999996,245.55604524467935
1737,33,2026-04-27,15:28:33.185,49.7,759.742,110,1/1000.0,1.7,0,default,24.0,32.10518,35.210559,5377,32.104995252421965,35.210079178010396,49.699999999999996,245.55604524467935
1738,33,2026-04-27,15:28:33.219,49.7,759.742,110,1/1000.0,1.7,0,default,24.0,32.105176,35.21055,5378,32.10499125242197,35.21007017803141,49.699999999999996,245.55604524467935
1739,34,2026-04-27,15:28:33.252,49.7,759.742,110,1/1000.0,1.7,0,default,24.0,32.105176,35.21055,5380,32.10499125242197,35.21007017803141,49.699999999999996,245.55604524467935
1740,33,2026-04-27,15:28:33.285,49.7,759.742,110,1/1000.0,1.7,0,default,24.0,32.105176,35.21055,5382,32.10499125242197,35.21007017803141,49.699999999999996,245.55604524467935
1741,34,2026-04-27,15:28:33.319,49.7,759.742,110,1/1000.0,1.7,0,default,24.0,32.105172,35.210539,5384,32.10498725242197,35.210059178052425,49.699999999999996,245.55604524467935
1742,33,2026-04-27,15:28:33.353,49.7,759.742,110,1/1000.0,1.7,0,default,24.0,32.105172,35.210539,5386,32.10498725242197,35.210059178052425,49.699999999999996,245.55604524467935
1743,33,2026-04-27,15:28:33.386,49.7,759.742,110,1/1000.0,1.7,0,default,24.0,32.105172,35.210539,5388,32.10498725242197,35.210059178052425,49.699999999999996,245.55604524467935
1744,34,2026-04-27,15:28:33.419,49.7,759.742,110,1/1000.0,1.7,0,default,24.0,32.105167,35.210528,5389,32.10498225242197,35.210048178078694,49.699999999999996,245.55604524467935
1745,33,2026-04-27,15:28:33.453,49.7,759.742,110,1/1000.0,1.7,0,default,24.0,32.105167,35.210528,5391,32.10498225242197,35.210048178078694,49.699999999999996,245.55604524467935
1746,33,2026-04-27,15:28:33.486,49.7,759.742,110,1/1000.0,1.7,0,default,24.0,32.105167,35.210528,5393,32.10498225242197,35.210048178078694,49.699999999999996,245.55604524467935
1747,34,2026-04-27,15:28:33.520,49.7,759.742,110,1/1000.0,1.7,0,default,24.0,32.105163,35.210518,5395,32.104978252421965,35.210038178099715,49.699999999999996,245.55604524467935
1748,33,2026-04-27,15:28:33.553,49.7,759.742,110,1/1000.0,1.7,0,default,24.0,32.105163,35.210518,5398,32.104978252421965,35.210038178099715,49.699999999999996,245.55604524467935
1749,33,2026-04-27,15:28:33.586,49.7,759.742,110,1/1000.0,1.7,0,default,24.0,32.105163,35.210518,5400,32.104978252421965,35.210038178099715,49.699999999999996,245.55604524467935
1750,34,2026-04-27,15:28:33.620,49.7,759.742,110,1/1000.0,1.7,0,default,24.0,32.105158,35.210507,5402,32.10497325242197,35.21002717812599,49.699999999999996,245.55604524467935
1751,33,2026-04-27,15:28:33.652,49.7,759.742,110,1/1000.0,1.7,0,default,24.0,32.105158,35.210507,5405,32.10497325242197,35.21002717812599,49.699999999999996,245.55604524467935
1752,34,2026-04-27,15:28:33.686,49.7,759.742,110,1/1000.0,1.7,0,default,24.0,32.105158,35.210507,5407,32.10497325242197,35.21002717812599,49.699999999999996,245.55604524467935
1753,33,2026-04-27,15:28:33.720,49.7,759.742,110,1/1000.0,1.7,0,default,24.0,32.105153,35.210496,5409,32.10496825242197,35.21001617815226,49.699999999999996,245.55604524467935
1754,33,2026-04-27,15:28:33.753,49.7,759.742,110,1/1000.0,1.7,0,default,24.0,32.105153,35.210496,5411,32.10496825242197,35.21001617815226,49.699999999999996,245.55604524467935
1755,34,2026-04-27,15:28:33.786,49.7,759.742,110,1/1000.0,1.7,0,default,24.0,32.105153,35.210496,5413,32.10496825242197,35.21001617815226,49.699999999999996,245.55604524467935
1756,33,2026-04-27,15:28:33.820,49.7,759.742,110,1/1000.0,1.7,0,default,24.0,32.105149,35.210486,5416,32.104964252421965,35.21000617817328,49.699999999999996,245.55604524467935
1757,33,2026-04-27,15:28:33.853,49.7,759.742,110,1/1000.0,1.7,0,default,24.0,32.105149,35.210486,5418,32.104964252421965,35.21000617817328,49.699999999999996,245.55604524467935
1758,34,2026-04-27,15:28:33.886,49.7,759.742,110,1/1000.0,1.7,0,default,24.0,32.105149,35.210486,5420,32.10496767432523,35.21000436239886,49.699999999999996,246.0375110002397
1759,33,2026-04-27,15:28:33.919,49.7,759.742,110,1/1000.0,1.7,0,default,24.0,32.105144,35.210475,5423,32.104962674325236,35.20999336242523,49.699999999999996,246.0375110002397
1760,33,2026-04-27,15:28:33.953,49.7,759.742,110,1/1000.0,1.7,0,default,24.0,32.105144,35.210475,5426,32.104962674325236,35.20999336242523,49.699999999999996,246.0375110002397
1761,34,2026-04-27,15:28:33.987,49.7,759.742,110,1/1000.0,1.7,0,default,24.0,32.105144,35.210475,5429,32.10495925242197,35.209995178199556,49.699999999999996,245.55604524467935
1762,33,2026-04-27,15:28:34.020,49.7,759.742,110,1/1000.0,1.7,0,default,24.0,32.105139,35.210465,5431,32.10495425242197,35.20998517822582,49.699999999999996,245.55604524467935
1763,34,2026-04-27,15:28:34.052,49.7,759.742,110,1/1000.0,1.7,0,default,24.0,32.105139,35.210465,5434,32.10495425242197,35.20998517822582,49.699999999999996,245.55604524467935
1764,33,2026-04-27,15:28:34.087,49.7,759.742,110,1/1000.0,1.7,0,default,24.0,32.105139,35.210465,5436,32.104957674325235,35.2099833624516,49.699999999999996,246.0375110002397
1765,33,2026-04-27,15:28:34.120,49.7,759.742,110,1/1000.0,1.7,0,default,24.0,32.105135,35.210455,5439,32.10495367432523,35.2099733624727,49.699999999999996,246.0375110002397
1766,34,2026-04-27,15:28:34.154,49.7,759.742,110,1/1000.0,1.7,0,default,24.0,32.105135,35.210455,5441,32.10495367432523,35.2099733624727,49.699999999999996,246.0375110002397
1767,33,2026-04-27,15:28:34.187,49.7,759.742,110,1/1000.0,1.7,0,default,24.0,32.105135,35.210455,5443,32.10495367432523,35.2099733624727,49.699999999999996,246.0375110002397
1768,33,2026-04-27,15:28:34.220,49.7,759.742,110,1/1000.0,1.7,0,default,24.0,32.10513,35.210444,5445,32.104948674325236,35.20996236249907,49.699999999999996,246.0375110002397
1769,34,2026-04-27,15:28:34.254,49.7,759.742,110,1/1000.0,1.7,0,default,24.0,32.10513,35.210444,5447,32.104948674325236,35.20996236249907,49.699999999999996,246.0375110002397
1770,33,2026-04-27,15:28:34.287,49.7,759.742,110,1/1000.0,1.7,0,default,24.0,32.10513,35.210444,5448,32.10494525242197,35.20996417827311,49.699999999999996,245.55604524467935
1771,34,2026-04-27,15:28:34.320,49.7,759.742,110,1/1000.0,1.7,0,default,24.0,32.105125,35.210433,5450,32.10494025242197,35.209953178299386,49.699999999999996,245.55604524467935
1772,33,2026-04-27,15:28:34.354,49.7,759.742,110,1/1000.0,1.7,0,default,24.0,32.105125,35.210433,5451,32.10494025242197,35.209953178299386,49.699999999999996,245.55604524467935
1773,33,2026-04-27,15:28:34.386,49.7,759.742,110,1/1000.0,1.7,0,default,24.0,32.105125,35.210433,5453,32.10494025242197,35.209953178299386,49.699999999999996,245.55604524467935
1774,34,2026-04-27,15:28:34.420,49.7,759.742,110,1/1000.0,1.7,0,default,24.0,32.105121,35.210424,5454,32.104936252421965,35.209944178320406,49.699999999999996,245.55604524467935
1775,33,2026-04-27,15:28:34.453,49.7,759.742,110,1/1000.0,1.7,0,default,24.0,32.105121,35.210424,5456,32.104936252421965,35.209944178320406,49.699999999999996,245.55604524467935
1776,33,2026-04-27,15:28:34.487,49.7,759.742,110,1/1000.0,1.7,0,default,24.0,32.105121,35.210424,5457,32.104936252421965,35.209944178320406,49.699999999999996,245.55604524467935
1777,34,2026-04-27,15:28:34.521,49.7,759.742,110,1/1000.0,1.7,0,default,24.0,32.105116,35.210412,5458,32.10493125242197,35.20993217834667,49.699999999999996,245.55604524467935
1778,33,2026-04-27,15:28:34.554,49.7,759.742,110,1/1000.0,1.7,0,default,24.0,32.105116,35.210412,5459,32.10493125242197,35.20993217834667,49.699999999999996,245.55604524467935
1779,33,2026-04-27,15:28:34.586,49.7,759.742,110,1/1000.0,1.7,0,default,24.0,32.105116,35.210412,5460,32.10493125242197,35.20993217834667,49.699999999999996,245.55604524467935
1780,34,2026-04-27,15:28:34.621,49.7,759.742,110,1/1000.0,1.7,0,default,24.0,32.105111,35.210401,5461,32.10492625242197,35.209921178372944,49.699999999999996,245.55604524467935
1781,33,2026-04-27,15:28:34.654,49.7,759.742,110,1/1000.0,1.7,0,default,24.0,32.105111,35.210401,5462,32.10492625242197,35.209921178372944,49.699999999999996,245.55604524467935
1782,34,2026-04-27,15:28:34.687,49.7,759.742,110,1/1000.0,1.7,0,default,24.0,32.105111,35.210401,5463,32.10492625242197,35.209921178372944,49.699999999999996,245.55604524467935
1783,33,2026-04-27,15:28:34.720,49.7,759.742,110,1/1000.0,1.7,0,default,24.0,32.105107,35.210392,5464,32.104922252421964,35.20991217839396,49.699999999999996,245.55604524467935
1784,33,2026-04-27,15:28:34.754,49.7,759.742,110,1/1000.0,1.7,0,default,24.0,32.105107,35.210392,5466,32.104922252421964,35.20991217839396,49.699999999999996,245.55604524467935
1785,34,2026-04-27,15:28:34.787,49.7,759.742,110,1/1000.0,1.7,0,default,24.0,32.105107,35.210392,5467,32.104922252421964,35.20991217839396,49.699999999999996,245.55604524467935
1786,33,2026-04-27,15:28:34.821,49.7,759.742,110,1/1000.0,1.7,0,default,24.0,32.105102,35.21038,5468,32.10491725242197,35.209900178420234,49.699999999999996,245.55604524467935
1787,33,2026-04-27,15:28:34.854,49.7,759.742,110,1/1000.0,1.7,0,default,24.0,32.105102,35.21038,5470,32.10491725242197,35.209900178420234,49.699999999999996,245.55604524467935
1788,34,2026-04-27,15:28:34.888,49.7,759.742,110,1/1000.0,1.7,0,default,24.0,32.105102,35.21038,5471,32.10491725242197,35.209900178420234,49.699999999999996,245.55604524467935
1789,33,2026-04-27,15:28:34.921,49.7,759.742,110,1/1000.0,1.7,0,default,24.0,32.105098,35.210369,5471,32.104913252421966,35.20988917844125,49.699999999999996,245.55604524467935
1790,33,2026-04-27,15:28:34.954,49.7,759.742,110,1/1000.0,1.7,0,default,24.0,32.105098,35.210369,5472,32.104913252421966,35.20988917844125,49.699999999999996,245.55604524467935
1791,34,2026-04-27,15:28:34.988,49.7,759.742,110,1/1000.0,1.7,0,default,24.0,32.105098,35.210369,5472,32.104913252421966,35.20988917844125,49.699999999999996,245.55604524467935
1792,33,2026-04-27,15:28:35.021,49.7,759.742,110,1/1000.0,1.7,0,default,24.0,32.105093,35.210359,5473,32.104908252421964,35.20987917846752,49.699999999999996,245.55604524467935
1793,34,2026-04-27,15:28:35.054,49.7,759.742,110,1/1000.0,1.7,0,default,24.0,32.105093,35.210359,5473,32.104908252421964,35.20987917846752,49.699999999999996,245.55604524467935
1794,33,2026-04-27,15:28:35.087,49.7,759.742,110,1/1000.0,1.7,0,default,24.0,32.105093,35.210359,5473,32.104908252421964,35.20987917846752,49.699999999999996,245.55604524467935
1795,33,2026-04-27,15:28:35.121,49.7,759.742,110,1/1000.0,1.7,0,default,24.0,32.105089,35.210349,5474,32.10490425242197,35.20986917848854,49.699999999999996,245.55604524467935
1796,34,2026-04-27,15:28:35.154,49.7,759.742,110,1/1000.0,1.7,0,default,24.0,32.105089,35.210349,5474,32.10490425242197,35.20986917848854,49.699999999999996,245.55604524467935
1797,33,2026-04-27,15:28:35.188,49.7,759.742,110,1/1000.0,1.7,0,default,24.0,32.105089,35.210349,5475,32.10490425242197,35.20986917848854,49.699999999999996,245.55604524467935
1798,33,2026-04-27,15:28:35.221,49.7,759.742,120,1/1000.0,1.7,0,default,24.0,32.105084,35.210338,5475,32.10490267432523,35.20985636274168,49.699999999999996,246.0375110002397
1799,34,2026-04-27,15:28:35.255,49.7,759.742,110,1/1000.0,1.7,0,default,24.0,32.105084,35.210338,5475,32.10490267432523,35.20985636274168,49.699999999999996,246.0375110002397
1800,33,2026-04-27,15:28:35.288,49.7,759.742,110,1/1000.0,1.7,0,default,24.0,32.105084,35.210338,5475,32.10490267432523,35.20985636274168,49.699999999999996,246.0375110002397
1801,34,2026-04-27,15:28:35.321,49.7,759.742,120,1/1000.0,1.7,0,default,24.0,32.105079,35.210327,5475,32.10489767432524,35.20984536276805,49.699999999999996,246.0375110002397
1802,33,2026-04-27,15:28:35.355,49.7,759.742,120,1/1000.0,1.7,0,default,24.0,32.105079,35.210327,5475,32.10489767432524,35.20984536276805,49.699999999999996,246.0375110002397
1803,33,2026-04-27,15:28:35.388,49.7,759.742,120,1/1000.0,1.7,0,default,24.0,32.105079,35.210327,5475,32.10489767432524,35.20984536276805,49.699999999999996,246.0375110002397
1804,34,2026-04-27,15:28:35.421,49.7,759.742,120,1/1000.0,1.7,0,default,24.0,32.105075,35.210315,5475,32.1048936743255,35.20983336278901,49.699999999999996,246.0375110380129
1805,33,2026-04-27,15:28:35.455,49.7,759.742,120,1/1000.0,1.7,0,default,24.0,32.105075,35.210315,5475,32.1048936743255,35.20983336278901,49.699999999999996,246.0375110380129
1806,33,2026-04-27,15:28:35.488,49.7,759.742,120,1/1000.0,1.7,0,default,24.0,32.10507,35.210306,5475,32.1048886743255,35.20982436281538,49.699999999999996,246.0375110380129
1807,34,2026-04-27,15:28:35.522,49.7,759.742,120,1/1000.0,1.7,0,default,24.0,32.10507,35.210306,5475,32.10488867432523,35.209824362815525,49.699999999999996,246.0375110002397
1808,33,2026-04-27,15:28:35.555,49.7,759.742,120,1/1000.0,1.7,0,default,24.0,32.10507,35.210306,5475,32.10488867432523,35.209824362815525,49.699999999999996,246.0375110002397
1809,33,2026-04-27,15:28:35.587,49.7,759.742,120,1/1000.0,1.7,0,default,24.0,32.10507,35.210306,5475,32.10488867432523,35.209824362815525,49.699999999999996,246.0375110002397
1810,34,2026-04-27,15:28:35.622,49.7,759.742,120,1/1000.0,1.7,0,default,24.0,32.105066,35.210295,5475,32.104884674325504,35.20981336283648,49.699999999999996,246.0375110380129
1811,33,2026-04-27,15:28:35.654,49.7,759.742,120,1/1000.0,1.7,0,default,24.0,32.105066,35.210295,5475,32.104884674325504,35.20981336283648,49.699999999999996,246.0375110380129
1812,34,2026-04-27,15:28:35.687,49.7,759.742,120,1/1000.0,1.7,0,default,24.0,32.105066,35.210295,5475,32.104884674325504,35.20981336283648,49.699999999999996,246.0375110380129
1813,33,2026-04-27,15:28:35.722,49.7,759.742,120,1/1000.0,1.7,0,default,24.0,32.105061,35.210284,5475,32.10488928357831,35.209797479417944,49.699999999999996,247.3801350423238
1814,33,2026-04-27,15:28:35.754,49.7,759.742,120,1/1000.0,1.7,0,default,24.0,32.105061,35.210284,5475,32.10488928357831,35.209797479417944,49.699999999999996,247.3801350423238
1815,34,2026-04-27,15:28:35.788,49.7,759.742,120,1/1000.0,1.7,0,default,24.0,32.105061,35.210284,5475,32.10488928357831,35.209797479417944,49.699999999999996,247.3801350423238
1816,33,2026-04-27,15:28:35.822,49.7,759.742,120,1/1000.0,1.7,0,default,24.0,32.105056,35.210273,5475,32.10488428357831,35.20978647944458,49.699999999999996,247.3801350423238
1817,33,2026-04-27,15:28:35.855,49.7,759.742,120,1/1000.0,1.7,0,default,24.0,32.105056,35.210273,5474,32.10488428357831,35.20978647944458,49.699999999999996,247.3801350423238
1818,34,2026-04-27,15:28:35.889,49.7,759.742,120,1/1000.0,1.7,0,default,24.0,32.105056,35.210273,5474,32.10488428357831,35.20978647944458,49.699999999999996,247.3801350423238
1819,33,2026-04-27,15:28:35.922,49.7,759.742,120,1/1000.0,1.7,0,default,24.0,32.105052,35.210262,5473,32.10488028357831,35.20977547946589,49.699999999999996,247.3801350423238
1820,33,2026-04-27,15:28:35.955,49.7,759.742,120,1/1000.0,1.7,0,default,24.0,32.105052,35.210262,5473,32.10488028357831,35.20977547946589,49.699999999999996,247.3801350423238
1821,34,2026-04-27,15:28:35.989,49.8,759.842,120,1/1000.0,1.7,0,default,24.0,32.105047,35.210251,5473,32.104874938072435,35.20976350057803,49.79999999999999,247.3801350423238
1822,33,2026-04-27,15:28:36.022,49.8,759.842,120,1/1000.0,1.7,0,default,24.0,32.105047,35.210251,5472,32.104874938072435,35.20976350057803,49.79999999999999,247.3801350423238
1823,34,2026-04-27,15:28:36.055,49.8,759.842,120,1/1000.0,1.7,0,default,24.0,32.105047,35.210251,5471,32.104874938072435,35.20976350057803,49.79999999999999,247.3801350423238
1824,33,2026-04-27,15:28:36.088,49.8,759.842,120,1/1000.0,1.7,0,default,24.0,32.105042,35.210239,5470,32.10486993807243,35.20975150060472,49.79999999999999,247.3801350423238
1825,33,2026-04-27,15:28:36.121,49.8,759.842,120,1/1000.0,1.7,0,default,24.0,32.105042,35.210239,5469,32.10486993807243,35.20975150060472,49.79999999999999,247.3801350423238
1826,34,2026-04-27,15:28:36.156,49.8,759.842,120,1/1000.0,1.7,0,default,24.0,32.105042,35.210239,5468,32.10486993807243,35.20975150060472,49.79999999999999,247.3801350423238
1827,33,2026-04-27,15:28:36.189,49.8,759.842,120,1/1000.0,1.7,0,default,24.0,32.105038,35.21023,5467,32.104865938072436,35.20974250062608,49.79999999999999,247.3801350423238
1828,33,2026-04-27,15:28:36.222,49.8,759.842,120,1/1000.0,1.7,0,default,24.0,32.105038,35.21023,5466,32.104865938072436,35.20974250062608,49.79999999999999,247.3801350423238
1829,34,2026-04-27,15:28:36.256,49.8,759.842,120,1/1000.0,1.7,0,default,24.0,32.105038,35.21023,5465,32.104865938072436,35.20974250062608,49.79999999999999,247.3801350423238
1830,33,2026-04-27,15:28:36.288,49.8,759.842,120,1/1000.0,1.7,0,default,24.0,32.105034,35.21022,5464,32.10486193807244,35.209732500647426,49.79999999999999,247.3801350423238
1831,34,2026-04-27,15:28:36.322,49.8,759.842,120,1/1000.0,1.7,0,default,24.0,32.105034,35.21022,5463,32.10486193807244,35.209732500647426,49.79999999999999,247.3801350423238
1832,33,2026-04-27,15:28:36.356,49.8,759.842,120,1/1000.0,1.7,0,default,24.0,32.105034,35.21022,5462,32.10486193807244,35.209732500647426,49.79999999999999,247.3801350423238
1833,33,2026-04-27,15:28:36.389,49.8,759.842,120,1/1000.0,1.7,0,default,24.0,32.105029,35.210208,5461,32.10485693807244,35.209720500674116,49.79999999999999,247.3801350423238
1834,34,2026-04-27,15:28:36.422,49.8,759.842,120,1/1000.0,1.7,0,default,24.0,32.105029,35.210208,5460,32.10485693807244,35.209720500674116,49.79999999999999,247.3801350423238
1835,33,2026-04-27,15:28:36.456,49.8,759.842,120,1/1000.0,1.7,0,default,24.0,32.105029,35.210208,5459,32.10485693807244,35.209720500674116,49.79999999999999,247.3801350423238
1836,33,2026-04-27,15:28:36.489,49.8,759.842,120,1/1000.0,1.7,0,default,24.0,32.105024,35.210197,5458,32.104851938072436,35.20970950070081,49.79999999999999,247.3801350423238
1837,34,2026-04-27,15:28:36.523,49.8,759.842,120,1/1000.0,1.7,0,default,24.0,32.105024,35.210197,5457,32.104851938072436,35.20970950070081,49.79999999999999,247.3801350423238
1838,33,2026-04-27,15:28:36.556,49.8,759.842,120,1/1000.0,1.7,0,default,24.0,32.105024,35.210197,5456,32.104851938072436,35.20970950070081,49.79999999999999,247.3801350423238
1839,33,2026-04-27,15:28:36.589,49.7,759.742,120,1/1000.0,1.7,0,default,24.0,32.105019,35.210185,5455,32.10484728357831,35.20969847964171,49.699999999999996,247.3801350423238
1840,34,2026-04-27,15:28:36.623,49.7,759.742,110,1/1000.0,1.7,0,default,24.0,32.105019,35.210185,5454,32.10484728357831,35.20969847964171,49.699999999999996,247.3801350423238
1841,33,2026-04-27,15:28:36.656,49.7,759.742,110,1/1000.0,1.7,0,default,24.0,32.105019,35.210185,5453,32.10484728357831,35.20969847964171,49.699999999999996,247.3801350423238
1842,34,2026-04-27,15:28:36.690,49.7,759.742,110,1/1000.0,1.7,0,default,24.0,32.105016,35.210176,5452,32.10484428357831,35.20968947965768,49.699999999999996,247.3801350423238
1843,33,2026-04-27,15:28:36.723,49.7,759.742,110,1/1000.0,1.7,0,default,24.0,32.105016,35.210176,5451,32.10484428357831,35.20968947965768,49.699999999999996,247.3801350423238
1844,33,2026-04-27,15:28:36.756,49.7,759.742,110,1/1000.0,1.7,0,default,24.0,32.105016,35.210176,5450,32.10484428357831,35.20968947965768,49.699999999999996,247.3801350423238
1845,34,2026-04-27,15:28:36.789,49.7,759.742,110,1/1000.0,1.7,0,default,24.0,32.105011,35.210164,5450,32.10483928357831,35.20967747968432,49.699999999999996,247.3801350423238
1846,33,2026-04-27,15:28:36.823,49.7,759.742,110,1/1000.0,1.7,0,default,24.0,32.105011,35.210164,5450,32.10483928357831,35.20967747968432,49.699999999999996,247.3801350423238
1847,33,2026-04-27,15:28:36.855,49.7,759.742,110,1/1000.0,1.7,0,default,24.0,32.105011,35.210164,5450,32.10483928357831,35.20967747968432,49.699999999999996,247.3801350423238
1848,34,2026-04-27,15:28:36.890,49.7,759.742,110,1/1000.0,1.7,0,default,24.0,32.105006,35.210152,5450,32.10483428357831,35.209665479710964,49.699999999999996,247.3801350423238
1849,33,2026-04-27,15:28:36.923,49.7,759.742,110,1/1000.0,1.7,0,default,24.0,32.105006,35.210152,5450,32.10483428357831,35.209665479710964,49.699999999999996,247.3801350423238
1850,33,2026-04-27,15:28:36.956,49.7,759.742,110,1/1000.0,1.7,0,default,24.0,32.105006,35.210152,5450,32.10483428357831,35.209665479710964,49.699999999999996,247.3801350423238
1851,34,2026-04-27,15:28:36.990,49.7,759.742,110,1/1000.0,1.7,0,default,24.0,32.105002,35.210143,5450,32.10483028357831,35.209656479732274,49.699999999999996,247.3801350423238
1852,33,2026-04-27,15:28:37.022,49.7,759.742,110,1/1000.0,1.7,0,default,24.0,32.105002,35.210143,5450,32.10483028357831,35.209656479732274,49.699999999999996,247.3801350423238
1853,34,2026-04-27,15:28:37.056,49.7,759.742,110,1/1000.0,1.7,0,default,24.0,32.105002,35.210143,5450,32.10483028357831,35.209656479732274,49.699999999999996,247.3801350423238
1854,33,2026-04-27,15:28:37.089,49.7,759.742,110,1/1000.0,1.7,0,default,24.0,32.104997,35.21013,5450,32.10482528357831,35.20964347975891,49.699999999999996,247.3801350423238
1855,33,2026-04-27,15:28:37.123,49.7,759.742,110,1/1000.0,1.7,0,default,24.0,32.104997,35.21013,5450,32.10482528357831,35.20964347975891,49.699999999999996,247.3801350423238
1856,34,2026-04-27,15:28:37.156,49.7,759.742,110,1/1000.0,1.7,0,default,24.0,32.104997,35.21013,5450,32.10482528357831,35.20964347975891,49.699999999999996,247.3801350423238
1857,33,2026-04-27,15:28:37.190,49.7,759.742,110,1/1000.0,1.7,0,default,24.0,32.104993,35.210121,5450,32.10482128357831,35.20963447978022,49.699999999999996,247.3801350423238
1858,33,2026-04-27,15:28:37.223,49.7,759.742,110,1/1000.0,1.7,0,default,24.0,32.104993,35.210121,5450,32.10482128357831,35.20963447978022,49.699999999999996,247.3801350423238
1859,34,2026-04-27,15:28:37.257,49.7,759.742,110,1/1000.0,1.7,0,default,24.0,32.104993,35.210121,5450,32.10482128357831,35.20963447978022,49.699999999999996,247.3801350423238
1860,33,2026-04-27,15:28:37.290,49.7,759.742,110,1/1000.0,1.7,0,default,24.0,32.104988,35.210109,5450,32.10481628357831,35.20962247980686,49.699999999999996,247.3801350423238
1861,34,2026-04-27,15:28:37.323,49.7,759.742,110,1/1000.0,1.7,0,default,24.0,32.104988,35.210109,5450,32.10481628357831,35.20962247980686,49.699999999999996,247.3801350423238
1862,33,2026-04-27,15:28:37.357,49.7,759.742,110,1/1000.0,1.7,0,default,24.0,32.104988,35.210109,5450,32.1048066743255,35.20962736324787,49.699999999999996,246.0375110380129
1863,33,2026-04-27,15:28:37.390,49.7,759.742,110,1/1000.0,1.7,0,default,24.0,32.104984,35.210099,5450,32.104802674325505,35.20961736326896,49.699999999999996,246.0375110380129
1864,34,2026-04-27,15:28:37.423,49.7,759.742,110,1/1000.0,1.7,0,default,24.0,32.104984,35.210099,5449,32.104802674325505,35.20961736326896,49.699999999999996,246.0375110380129
1865,33,2026-04-27,15:28:37.457,49.7,759.742,110,1/1000.0,1.7,0,default,24.0,32.104984,35.210099,5448,32.104802674325235,35.2096173632691,49.699999999999996,246.0375110002397
1866,33,2026-04-27,15:28:37.490,49.7,759.742,110,1/1000.0,1.7,0,default,24.0,32.104979,35.210087,5448,32.10479767432523,35.20960536329547,49.699999999999996,246.0375110002397
1867,34,2026-04-27,15:28:37.524,49.7,759.742,110,1/1000.0,1.7,0,default,24.0,32.104979,35.210087,5448,32.10479767432523,35.20960536329547,49.699999999999996,246.0375110002397
1868,33,2026-04-27,15:28:37.557,49.7,759.742,110,1/1000.0,1.7,0,default,24.0,32.104979,35.210087,5448,32.10479767432523,35.20960536329547,49.699999999999996,246.0375110002397
1869,33,2026-04-27,15:28:37.590,49.7,759.742,110,1/1000.0,1.7,0,default,24.0,32.104974,35.210075,5448,32.10479267432523,35.20959336332185,49.699999999999996,246.0375110002397
1870,34,2026-04-27,15:28:37.623,49.7,759.742,110,1/1000.0,1.7,0,default,24.0,32.104974,35.210075,5447,32.10479267432523,35.20959336332185,49.699999999999996,246.0375110002397
1871,33,2026-04-27,15:28:37.657,49.7,759.742,110,1/1000.0,1.7,0,default,24.0,32.104974,35.210075,5446,32.104789252421966,35.20959517909279,49.699999999999996,245.55604524467935
1872,34,2026-04-27,15:28:37.690,49.7,759.742,110,1/1000.0,1.7,0,default,24.0,32.104969,35.210064,5445,32.104784252421965,35.20958417911906,49.699999999999996,245.55604524467935
1873,33,2026-04-27,15:28:37.724,49.7,759.742,110,1/1000.0,1.7,0,default,24.0,32.104969,35.210064,5444,32.104784252421965,35.20958417911906,49.699999999999996,245.55604524467935
1874,33,2026-04-27,15:28:37.757,49.7,759.742,110,1/1000.0,1.7,0,default,24.0,32.104969,35.210064,5443,32.104784252421744,35.209584179119176,49.699999999999996,245.5560452140066
1875,34,2026-04-27,15:28:37.791,49.7,759.742,110,1/1000.0,1.7,0,default,24.0,32.104964,35.210053,5443,32.10477925242175,35.209573179145444,49.699999999999996,245.5560452140066
1876,33,2026-04-27,15:28:37.824,49.7,759.742,110,1/1000.0,1.7,0,default,24.0,32.104964,35.210053,5443,32.10477925242175,35.209573179145444,49.699999999999996,245.5560452140066
1877,33,2026-04-27,15:28:37.856,49.7,759.742,110,1/1000.0,1.7,0,default,24.0,32.104964,35.210053,5443,32.10477925242175,35.209573179145444,49.699999999999996,245.5560452140066
1878,34,2026-04-27,15:28:37.891,49.8,759.842,110,1/1000.0,1.7,0,default,24.0,32.104959,35.210042,5443,32.10477388069624,35.20956121373746,49.79999999999999,245.5560452140066
1879,33,2026-04-27,15:28:37.924,49.8,759.842,110,1/1000.0,1.7,0,default,24.0,32.104959,35.210042,5443,32.10477388069624,35.20956121373746,49.79999999999999,245.5560452140066
1880,33,2026-04-27,15:28:37.956,49.8,759.842,110,1/1000.0,1.7,0,default,24.0,32.104959,35.210042,5443,32.10477388069624,35.20956121373746,49.79999999999999,245.5560452140066
1881,34,2026-04-27,15:28:37.991,49.8,759.842,110,1/1000.0,1.7,0,default,24.0,32.104954,35.210031,5443,32.10476888069624,35.20955021376378,49.79999999999999,245.5560452140066
1882,33,2026-04-27,15:28:38.024,49.8,759.842,110,1/1000.0,1.7,0,default,24.0,32.104954,35.210031,5443,32.10476888069624,35.20955021376378,49.79999999999999,245.5560452140066
1883,34,2026-04-27,15:28:38.057,49.8,759.842,110,1/1000.0,1.7,0,default,24.0,32.104954,35.210031,5444,32.104739780226495,35.209567362422405,49.79999999999999,241.3895403392209
1884,33,2026-04-27,15:28:38.090,49.9,759.942,110,1/1000.0,1.7,0,default,24.0,32.104949,35.210023,5444,32.10473435006631,35.209558431448684,49.89999999999999,241.3895403392209
1885,33,2026-04-27,15:28:38.124,49.9,759.942,110,1/1000.0,1.7,0,default,24.0,32.104949,35.210023,5445,32.10473435006631,35.209558431448684,49.89999999999999,241.3895403392209
1886,34,2026-04-27,15:28:38.158,49.9,759.942,110,1/1000.0,1.7,0,default,24.0,32.104949,35.210023,5446,32.10471142303193,35.209574252613955,49.89999999999999,237.9946167873422
1887,33,2026-04-27,15:28:38.191,49.9,759.942,110,1/1000.0,1.7,0,default,24.0,32.104943,35.210012,5448,32.10470542303193,35.209563252643434,49.89999999999999,237.9946167873422
1888,33,2026-04-27,15:28:38.224,49.9,759.942,110,1/1000.0,1.7,0,default,24.0,32.104943,35.210012,5449,32.10470542303193,35.209563252643434,49.89999999999999,237.9946167873422
1889,34,2026-04-27,15:28:38.258,49.9,759.942,120,1/1000.0,1.7,0,default,24.0,32.104943,35.210012,5450,32.10468594015555,35.20957847536086,49.89999999999999,235.00797979597675
1890,33,2026-04-27,15:28:38.291,49.9,759.942,120,1/1000.0,1.7,0,default,24.0,32.104936,35.210003,5452,32.10467894015555,35.20956947539408,49.89999999999999,235.00797979597675
1891,34,2026-04-27,15:28:38.325,49.9,759.942,120,1/1000.0,1.7,0,default,24.0,32.104936,35.210003,5453,32.10467894015555,35.20956947539408,49.89999999999999,235.00797979597675
1892,33,2026-04-27,15:28:38.358,49.9,759.942,120,1/1000.0,1.7,0,default,24.0,32.104936,35.210003,5455,32.10466704440399,35.2095796526229,49.89999999999999,233.13010236229817
1893,33,2026-04-27,15:28:38.391,49.9,759.942,120,1/1000.0,1.7,0,default,24.0,32.104929,35.209993,5457,32.104660044403985,35.20956965265535,49.89999999999999,233.13010236229817
1894,34,2026-04-27,15:28:38.424,49.9,759.942,120,1/1000.0,1.7,0,default,24.0,32.104929,35.209993,5459,32.104660044403985,35.20956965265535,49.89999999999999,233.13010236229817
1895,33,2026-04-27,15:28:38.458,49.9,759.942,120,1/1000.0,1.7,0,default,24.0,32.104929,35.209993,5461,32.104653795393965,35.20957528729346,49.89999999999999,232.12501635829665
1896,33,2026-04-27,15:28:38.491,49.9,759.942,120,1/1000.0,1.7,0,default,24.0,32.104923,35.209986,5464,32.104647795393966,35.20956828732091,49.89999999999999,232.12501635829665
1897,34,2026-04-27,15:28:38.524,49.9,759.942,120,1/1000.0,1.7,0,default,24.0,32.104923,35.209986,5466,32.104647795393966,35.20956828732091,49.89999999999999,232.12501635829665
1898,33,2026-04-27,15:28:38.558,49.9,759.942,120,1/1000.0,1.7,0,default,24.0,32.104923,35.209986,5468,32.104631276697006,35.20958421344335,49.89999999999999,229.39870534541643
1899,33,2026-04-27,15:28:38.591,49.9,759.942,120,1/1000.0,1.7,0,default,24.0,32.104917,35.209978,5471,32.10462527669701,35.209576213469745,49.89999999999999,229.39870534541643
1900,34,2026-04-27,15:28:38.624,49.9,759.942,120,1/1000.0,1.7,0,default,24.0,32.104917,35.209978,5473,32.10462527669701,35.209576213469745,49.89999999999999,229.39870534541643
1901,33,2026-04-27,15:28:38.658,49.9,759.942,120,1/1000.0,1.7,0,default,24.0,32.104917,35.209978,5476,32.10460003279031,35.209603810326456,49.89999999999999,224.99999999999997
1902,34,2026-04-27,15:28:38.692,49.9,759.942,120,1/1000.0,1.7,0,default,24.0,32.104909,35.20997,5479,32.10459203279031,35.20959581035924,49.89999999999999,224.99999999999997
1903,33,2026-04-27,15:28:38.724,49.9,759.942,120,1/1000.0,1.7,0,default,24.0,32.104909,35.20997,5482,32.10459203279031,35.20959581035924,49.89999999999999,224.99999999999997
1904,33,2026-04-27,15:28:38.758,49.9,759.942,120,1/1000.0,1.7,0,default,24.0,32.104909,35.20997,5485,32.10459203279031,35.20959581035924,49.89999999999999,224.99999999999997
1905,34,2026-04-27,15:28:38.792,49.9,759.942,120,1/1000.0,1.7,0,default,24.0,32.104902,35.209963,5488,32.10458503279031,35.20958881038793,49.89999999999999,224.99999999999997
1906,33,2026-04-27,15:28:38.825,49.9,759.942,120,1/1000.0,1.7,0,default,24.0,32.104902,35.209963,5490,32.10458503279031,35.20958881038793,49.89999999999999,224.99999999999997
1907,33,2026-04-27,15:28:38.858,49.9,759.942,120,1/1000.0,1.7,0,default,24.0,32.104902,35.209963,5494,32.10458503279031,35.20958881038793,49.89999999999999,224.99999999999997
1908,34,2026-04-27,15:28:38.891,49.9,759.942,120,1/1000.0,1.7,0,default,24.0,32.104895,35.209957,5497,32.10457803279031,35.209582810416606,49.89999999999999,224.99999999999997
1909,33,2026-04-27,15:28:38.925,49.9,759.942,120,1/1000.0,1.7,0,default,24.0,32.104895,35.209957,5500,32.10457803279031,35.209582810416606,49.89999999999999,224.99999999999997
1910,33,2026-04-27,15:28:38.958,49.9,759.942,120,1/1000.0,1.7,0,default,24.0,32.104895,35.209957,5503,32.10457803279031,35.209582810416606,49.89999999999999,224.99999999999997
1911,34,2026-04-27,15:28:38.991,49.9,759.942,120,1/1000.0,1.7,0,default,24.0,32.104889,35.209952,5505,32.10457203279031,35.209577810441196,49.89999999999999,224.99999999999997
1912,33,2026-04-27,15:28:39.025,49.9,759.942,120,1/1000.0,1.7,0,default,24.0,32.104889,35.209952,5508,32.10457203279031,35.209577810441196,49.89999999999999,224.99999999999997
1913,34,2026-04-27,15:28:39.058,49.9,759.942,120,1/1000.0,1.7,0,default,24.0,32.104889,35.209952,5510,32.10457203279031,35.209577810441196,49.89999999999999,224.99999999999997
1914,33,2026-04-27,15:28:39.091,49.9,759.942,120,1/1000.0,1.7,0,default,24.0,32.104882,35.209946,5512,32.10456503279031,35.209571810469875,49.89999999999999,224.99999999999997
1915,33,2026-04-27,15:28:39.125,49.9,759.942,120,1/1000.0,1.7,0,default,24.0,32.104882,35.209946,5514,32.10456503279031,35.209571810469875,49.89999999999999,224.99999999999997
1916,34,2026-04-27,15:28:39.158,49.9,759.942,120,1/1000.0,1.7,0,default,24.0,32.104882,35.209946,5516,32.10456503279031,35.209571810469875,49.89999999999999,224.99999999999997
1917,33,2026-04-27,15:28:39.192,49.8,759.842,120,1/1000.0,1.7,0,default,24.0,32.104875,35.209939,5519,32.104558667995136,35.209565560377314,49.79999999999999,224.99999999999997
1918,33,2026-04-27,15:28:39.225,49.8,759.842,120,1/1000.0,1.7,0,default,24.0,32.104875,35.209939,5520,32.104558667995136,35.209565560377314,49.79999999999999,224.99999999999997
1919,34,2026-04-27,15:28:39.259,49.8,759.842,120,1/1000.0,1.7,0,default,24.0,32.104875,35.209939,5522,32.104558667995136,35.209565560377314,49.79999999999999,224.99999999999997
1920,33,2026-04-27,15:28:39.291,49.8,759.842,120,1/1000.0,1.7,0,default,24.0,32.104868,35.209933,5523,32.10455166799514,35.20955956040594,49.79999999999999,224.99999999999997
1921,34,2026-04-27,15:28:39.325,49.8,759.842,120,1/1000.0,1.7,0,default,24.0,32.104868,35.209933,5525,32.10455166799514,35.20955956040594,49.79999999999999,224.99999999999997
1922,33,2026-04-27,15:28:39.359,49.8,759.842,120,1/1000.0,1.7,0,default,24.0,32.104868,35.209933,5526,32.104551667994976,35.209559560406134,49.79999999999999,224.99999997092064
1923,33,2026-04-27,15:28:39.392,49.8,759.842,120,1/1000.0,1.7,0,default,24.0,32.10486,35.209926,5526,32.104543667994974,35.20955256043885,49.79999999999999,224.99999997092064
1924,34,2026-04-27,15:28:39.425,49.8,759.842,120,1/1000.0,1.7,0,default,24.0,32.10486,35.209926,5527,32.104543667994974,35.20955256043885,49.79999999999999,224.99999997092064
1925,33,2026-04-27,15:28:39.459,49.8,759.842,120,1/1000.0,1.7,0,default,24.0,32.10486,35.209926,5528,32.104523326528685,35.209578228378376,49.79999999999999,221.18592517651786
1926,33,2026-04-27,15:28:39.492,49.8,759.842,120,1/1000.0,1.7,0,default,24.0,32.104854,35.209921,5529,32.104517326528686,35.209573228401226,49.79999999999999,221.18592517651786
1927,34,2026-04-27,15:28:39.526,49.8,759.842,120,1/1000.0,1.7,0,default,24.0,32.104854,35.209921,5529,32.104517326528686,35.209573228401226,49.79999999999999,221.18592517651786
1928,33,2026-04-27,15:28:39.559,49.8,759.842,120,1/1000.0,1.7,0,default,24.0,32.104854,35.209921,5529,32.104517326528686,35.209573228401226,49.79999999999999,221.18592517651786
1929,33,2026-04-27,15:28:39.591,49.8,759.842,120,1/1000.0,1.7,0,default,24.0,32.104847,35.209914,5530,32.10451032652868,35.209566228427875,49.79999999999999,221.18592517651786
1930,34,2026-04-27,15:28:39.626,49.8,759.842,120,1/1000.0,1.7,0,default,24.0,32.104847,35.209914,5530,32.10451032652868,35.209566228427875,49.79999999999999,221.18592517651786
1931,33,2026-04-27,15:28:39.658,49.8,759.842,120,1/1000.0,1.7,0,default,24.0,32.104847,35.209914,5531,32.10451032652868,35.209566228427875,49.79999999999999,221.18592517651786
1932,34,2026-04-27,15:28:39.692,49.8,759.842,120,1/1000.0,1.7,0,default,24.0,32.104841,35.209908,5532,32.104504326528684,35.20956022845073,49.79999999999999,221.18592517651786
1933,33,2026-04-27,15:28:39.726,49.8,759.842,120,1/1000.0,1.7,0,default,24.0,32.104841,35.209908,5533,32.104504326528684,35.20956022845073,49.79999999999999,221.18592517651786
1934,33,2026-04-27,15:28:39.759,49.8,759.842,120,1/1000.0,1.7,0,default,24.0,32.104841,35.209908,5533,32.10450432652867,35.209560228450755,49.79999999999999,221.18592517291512
1935,34,2026-04-27,15:28:39.793,49.8,759.842,120,1/1000.0,1.7,0,default,24.0,32.104833,35.209901,5534,32.10449632652867,35.20955322848122,49.79999999999999,221.18592517291512
1936,33,2026-04-27,15:28:39.826,49.8,759.842,120,1/1000.0,1.7,0,default,24.0,32.104833,35.209901,5534,32.10449632652867,35.20955322848122,49.79999999999999,221.18592517291512
1937,33,2026-04-27,15:28:39.859,49.8,759.842,120,1/1000.0,1.7,0,default,24.0,32.104833,35.209901,5535,32.10449632652867,35.20955322848122,49.79999999999999,221.18592517291512
1938,34,2026-04-27,15:28:39.893,49.8,759.842,120,1/1000.0,1.7,0,default,24.0,32.104826,35.209894,5535,32.10448932652867,35.209546228507875,49.79999999999999,221.18592517291512
1939,33,2026-04-27,15:28:39.925,49.8,759.842,120,1/1000.0,1.7,0,default,24.0,32.104826,35.209894,5536,32.10448932652867,35.209546228507875,49.79999999999999,221.18592517291512
1940,33,2026-04-27,15:28:39.959,49.8,759.842,120,1/1000.0,1.7,0,default,24.0,32.104826,35.209894,5536,32.104489326528686,35.209546228507854,49.79999999999999,221.18592517651786
1941,34,2026-04-27,15:28:39.993,49.8,759.842,120,1/1000.0,1.7,0,default,24.0,32.104819,35.209887,5536,32.10448232652868,35.20953922853451,49.79999999999999,221.18592517651786
1942,33,2026-04-27,15:28:40.026,49.8,759.842,120,1/1000.0,1.7,0,default,24.0,32.104819,35.209887,5535,32.10448232652868,35.20953922853451,49.79999999999999,221.18592517651786
1943,34,2026-04-27,15:28:40.058,49.8,759.842,120,1/1000.0,1.7,0,default,24.0,32.104819,35.209887,5535,32.10448232652868,35.20953922853451,49.79999999999999,221.18592517651786
1944,33,2026-04-27,15:28:40.092,49.7,759.742,120,1/1000.0,1.7,0,default,24.0,32.104813,35.209882,5534,32.104477002579834,35.20953492689359,49.699999999999996,221.18592517651786
1945,33,2026-04-27,15:28:40.126,49.7,759.742,120,1/1000.0,1.7,0,default,24.0,32.104813,35.209882,5533,32.104477002579834,35.20953492689359,49.699999999999996,221.18592517651786
1946,34,2026-04-27,15:28:40.159,49.7,759.742,120,1/1000.0,1.7,0,default,24.0,32.104813,35.209882,5532,32.104477002579834,35.20953492689359,49.699999999999996,221.18592517651786
1947,33,2026-04-27,15:28:40.192,49.7,759.742,120,1/1000.0,1.7,0,default,24.0,32.104805,35.209875,5530,32.10446900257983,35.20952792692399,49.699999999999996,221.18592517651786
1948,33,2026-04-27,15:28:40.226,49.7,759.742,120,1/1000.0,1.7,0,default,24.0,32.104805,35.209875,5528,32.10446900257983,35.20952792692399,49.699999999999996,221.18592517651786
1949,34,2026-04-27,15:28:40.259,49.7,759.742,120,1/1000.0,1.7,0,default,24.0,32.104805,35.209875,5527,32.10446900257983,35.20952792692399,49.699999999999996,221.18592517651786
1950,33,2026-04-27,15:28:40.293,49.7,759.742,120,1/1000.0,1.7,0,default,24.0,32.104798,35.209867,5524,32.10446200257984,35.209519926950605,49.699999999999996,221.18592517651786
1951,34,2026-04-27,15:28:40.325,49.7,759.742,120,1/1000.0,1.7,0,default,24.0,32.104798,35.209867,5522,32.10446200257984,35.209519926950605,49.699999999999996,221.18592517651786
1952,33,2026-04-27,15:28:40.359,49.7,759.742,120,1/1000.0,1.7,0,default,24.0,32.104798,35.209867,5519,32.10446430962034,35.20951683877017,49.699999999999996,221.63353932253187
1953,33,2026-04-27,15:28:40.393,49.7,759.742,120,1/1000.0,1.7,0,default,24.0,32.104791,35.209861,5516,32.10445730962034,35.20951083879701,49.699999999999996,221.63353932253187
1954,34,2026-04-27,15:28:40.425,49.7,759.742,120,1/1000.0,1.7,0,default,24.0,32.104791,35.209861,5514,32.10445730962034,35.20951083879701,49.699999999999996,221.63353932253187
1955,33,2026-04-27,15:28:40.459,49.7,759.742,120,1/1000.0,1.7,0,default,24.0,32.104791,35.209861,5511,32.10445730962034,35.20951083879701,49.699999999999996,221.63353932253187
1956,33,2026-04-27,15:28:40.493,49.7,759.742,120,1/1000.0,1.7,0,default,24.0,32.104783,35.209854,5509,32.104449309620335,35.209503838827686,49.699999999999996,221.63353932253187
1957,34,2026-04-27,15:28:40.527,49.7,759.742,120,1/1000.0,1.7,0,default,24.0,32.104783,35.209854,5507,32.104449309620335,35.209503838827686,49.699999999999996,221.63353932253187
1958,33,2026-04-27,15:28:40.560,49.7,759.742,120,1/1000.0,1.7,0,default,24.0,32.104783,35.209854,5505,32.104467303199804,35.20948131063173,49.699999999999996,224.99999997092064
1959,33,2026-04-27,15:28:40.593,49.7,759.742,120,1/1000.0,1.7,0,default,24.0,32.104775,35.209846,5503,32.1044593031998,35.20947331066438,49.699999999999996,224.99999997092064
1960,34,2026-04-27,15:28:40.626,49.7,759.742,120,1/1000.0,1.7,0,default,24.0,32.104775,35.209846,5500,32.1044593031998,35.20947331066438,49.699999999999996,224.99999997092064
1961,33,2026-04-27,15:28:40.660,49.7,759.742,120,1/1000.0,1.7,0,default,24.0,32.104775,35.209846,5498,32.104441309620334,35.20949583885836,49.699999999999996,221.63353932253187
1962,34,2026-04-27,15:28:40.693,49.7,759.742,120,1/1000.0,1.7,0,default,24.0,32.104769,35.20984,5496,32.104435309620335,35.20948983888137,49.699999999999996,221.63353932253187
1963,33,2026-04-27,15:28:40.727,49.7,759.742,120,1/1000.0,1.7,0,default,24.0,32.104769,35.20984,5493,32.104435309620335,35.20948983888137,49.699999999999996,221.63353932253187
1964,33,2026-04-27,15:28:40.760,49.7,759.742,120,1/1000.0,1.7,0,default,24.0,32.104769,35.20984,5491,32.104435309620335,35.20948983888137,49.699999999999996,221.63353932253187
1965,34,2026-04-27,15:28:40.794,49.7,759.742,120,1/1000.0,1.7,0,default,24.0,32.104761,35.209833,5489,32.10442730962034,35.209482838912045,49.699999999999996,221.63353932253187
1966,33,2026-04-27,15:28:40.827,49.7,759.742,120,1/1000.0,1.7,0,default,24.0,32.104761,35.209833,5486,32.10442730962034,35.209482838912045,49.699999999999996,221.63353932253187
1967,33,2026-04-27,15:28:40.860,49.7,759.742,120,1/1000.0,1.7,0,default,24.0,32.104761,35.209833,5484,32.10442730962034,35.209482838912045,49.699999999999996,221.63353932253187
1968,34,2026-04-27,15:28:40.894,49.7,759.742,120,1/1000.0,1.7,0,default,24.0,32.104753,35.209826,5482,32.10441930962034,35.209475838942716,49.699999999999996,221.63353932253187
1969,33,2026-04-27,15:28:40.927,49.7,759.742,120,1/1000.0,1.7,0,default,24.0,32.104753,35.209826,5480,32.10441930962034,35.209475838942716,49.699999999999996,221.63353932253187
1970,33,2026-04-27,15:28:40.959,49.7,759.742,120,1/1000.0,1.7,0,default,24.0,32.104753,35.209826,5478,32.10441930962034,35.209475838942716,49.699999999999996,221.63353932253187
1971,34,2026-04-27,15:28:40.994,49.7,759.742,130,1/1000.0,1.7,0,default,24.0,32.104747,35.209819,5476,32.10441330962034,35.209468838965726,49.699999999999996,221.63353932253187
1972,33,2026-04-27,15:28:41.027,49.7,759.742,130,1/1000.0,1.7,0,default,24.0,32.104747,35.209819,5473,32.10441330962034,35.209468838965726,49.699999999999996,221.63353932253187
1973,34,2026-04-27,15:28:41.060,49.7,759.742,130,1/1000.0,1.7,0,default,24.0,32.104747,35.209819,5471,32.10441330962034,35.209468838965726,49.699999999999996,221.63353932253187
1974,33,2026-04-27,15:28:41.093,49.8,759.842,130,1/1000.0,1.7,0,default,24.0,32.104738,35.209811,5469,32.10440363821112,35.20946013445094,49.79999999999999,221.63353932253187
1975,33,2026-04-27,15:28:41.127,49.8,759.842,130,1/1000.0,1.7,0,default,24.0,32.104738,35.209811,5467,32.10440363821112,35.20946013445094,49.79999999999999,221.63353932253187
1976,34,2026-04-27,15:28:41.160,49.8,759.842,130,1/1000.0,1.7,0,default,24.0,32.104738,35.209811,5465,32.10442166799513,35.20943756093756,49.79999999999999,224.99999999999997
1977,33,2026-04-27,15:28:41.194,49.8,759.842,130,1/1000.0,1.7,0,default,24.0,32.104731,35.209805,5464,32.10441466799514,35.20943156096619,49.79999999999999,224.99999999999997
1978,33,2026-04-27,15:28:41.226,49.8,759.842,130,1/1000.0,1.7,0,default,24.0,32.104731,35.209805,5462,32.10441466799514,35.20943156096619,49.79999999999999,224.99999999999997
1979,34,2026-04-27,15:28:41.261,49.8,759.842,130,1/1000.0,1.7,0,default,24.0,32.104731,35.209805,5461,32.10441466799514,35.20943156096619,49.79999999999999,224.99999999999997
1980,33,2026-04-27,15:28:41.294,49.8,759.842,130,1/1000.0,1.7,0,default,24.0,32.104723,35.209797,5459,32.104406667995136,35.2094235609989,49.79999999999999,224.99999999999997
1981,34,2026-04-27,15:28:41.326,49.8,759.842,130,1/1000.0,1.7,0,default,24.0,32.104723,35.209797,5458,32.104406667995136,35.2094235609989,49.79999999999999,224.99999999999997
1982,33,2026-04-27,15:28:41.361,49.8,759.842,130,1/1000.0,1.7,0,default,24.0,32.104723,35.209797,5457,32.104406667995136,35.2094235609989,49.79999999999999,224.99999999999997
1983,33,2026-04-27,15:28:41.393,49.8,759.842,130,1/1000.0,1.7,0,default,24.0,32.104715,35.209789,5455,32.104398667995135,35.20941556103161,49.79999999999999,224.99999999999997
1984,34,2026-04-27,15:28:41.427,49.8,759.842,130,1/1000.0,1.7,0,default,24.0,32.104715,35.209789,5453,32.104398667995135,35.20941556103161,49.79999999999999,224.99999999999997
1985,33,2026-04-27,15:28:41.461,49.8,759.842,130,1/1000.0,1.7,0,default,24.0,32.104715,35.209789,5451,32.104398667995135,35.20941556103161,49.79999999999999,224.99999999999997
1986,33,2026-04-27,15:28:41.494,49.8,759.842,130,1/1000.0,1.7,0,default,24.0,32.104708,35.209783,5448,32.10439166799514,35.20940956106024,49.79999999999999,224.99999999999997
1987,34,2026-04-27,15:28:41.527,49.8,759.842,130,1/1000.0,1.7,0,default,24.0,32.104708,35.209783,5446,32.10439166799514,35.20940956106024,49.79999999999999,224.99999999999997
1988,33,2026-04-27,15:28:41.561,49.8,759.842,130,1/1000.0,1.7,0,default,24.0,32.104708,35.209783,5444,32.10439166799514,35.20940956106024,49.79999999999999,224.99999999999997
1989,33,2026-04-27,15:28:41.594,49.8,759.842,130,1/1000.0,1.7,0,default,24.0,32.104701,35.209775,5442,32.104384667995134,35.20940156108886,49.79999999999999,224.99999999999997
1990,34,2026-04-27,15:28:41.628,49.8,759.842,130,1/1000.0,1.7,0,default,24.0,32.104701,35.209775,5439,32.104384667995134,35.20940156108886,49.79999999999999,224.99999999999997
1991,33,2026-04-27,15:28:41.660,49.8,759.842,130,1/1000.0,1.7,0,default,24.0,32.104701,35.209775,5437,32.10436663821112,35.2094241345931,49.79999999999999,221.63353932253187
1992,34,2026-04-27,15:28:41.694,49.8,759.842,130,1/1000.0,1.7,0,default,24.0,32.104694,35.209769,5435,32.10435963821112,35.209418134619995,49.79999999999999,221.63353932253187
1993,33,2026-04-27,15:28:41.728,49.8,759.842,130,1/1000.0,1.7,0,default,24.0,32.104694,35.209769,5433,32.10435963821112,35.209418134619995,49.79999999999999,221.63353932253187
1994,33,2026-04-27,15:28:41.761,49.8,759.842,130,1/1000.0,1.7,0,default,24.0,32.104694,35.209769,5431,32.10435963821112,35.209418134619995,49.79999999999999,221.63353932253187
1995,34,2026-04-27,15:28:41.794,49.8,759.842,120,1/1000.0,1.7,0,default,24.0,32.104686,35.209761,5430,32.10435163821112,35.20941013465073,49.79999999999999,221.63353932253187
1996,33,2026-04-27,15:28:41.827,49.8,759.842,120,1/1000.0,1.7,0,default,24.0,32.104686,35.209761,5428,32.10435163821112,35.20941013465073,49.79999999999999,221.63353932253187
1997,33,2026-04-27,15:28:41.861,49.8,759.842,120,1/1000.0,1.7,0,default,24.0,32.104686,35.209761,5427,32.10435163821112,35.20941013465073,49.79999999999999,221.63353932253187
1998,34,2026-04-27,15:28:41.895,49.8,759.842,120,1/1000.0,1.7,0,default,24.0,32.104679,35.209755,5426,32.10434463821112,35.20940413467763,49.79999999999999,221.63353932253187
1999,33,2026-04-27,15:28:41.928,49.8,759.842,120,1/1000.0,1.7,0,default,24.0,32.104679,35.209755,5425,32.10434463821112,35.20940413467763,49.79999999999999,221.63353932253187
2000,33,2026-04-27,15:28:41.961,49.8,759.842,120,1/1000.0,1.7,0,default,24.0,32.104679,35.209755,5424,32.10436266799401,35.20938156118015,49.79999999999999,224.9999997964445
2001,34,2026-04-27,15:28:41.995,49.9,759.942,120,1/1000.0,1.7,0,default,24.0,32.104673,35.209749,5423,32.10435603278918,35.20937481132759,49.89999999999999,224.9999997964445
2002,33,2026-04-27,15:28:42.028,49.9,759.942,120,1/1000.0,1.7,0,default,24.0,32.104673,35.209749,5422,32.10435603278918,35.20937481132759,49.89999999999999,224.9999997964445
2003,34,2026-04-27,15:28:42.061,49.9,759.942,120,1/1000.0,1.7,0,default,24.0,32.104673,35.209749,5421,32.10435603278918,35.20937481132759,49.89999999999999,224.9999997964445
2004,33,2026-04-27,15:28:42.094,49.9,759.942,120,1/1000.0,1.7,0,default,24.0,32.104666,35.209742,5420,32.10434903278918,35.20936781135627,49.89999999999999,224.9999997964445
2005,33,2026-04-27,15:28:42.128,49.9,759.942,120,1/1000.0,1.7,0,default,24.0,32.104666,35.209742,5418,32.10434903278918,35.20936781135627,49.89999999999999,224.9999997964445
2006,34,2026-04-27,15:28:42.161,49.9,759.942,120,1/1000.0,1.7,0,default,24.0,32.104666,35.209742,5417,32.10434903278918,35.20936781135627,49.89999999999999,224.9999997964445
2007,33,2026-04-27,15:28:42.194,49.9,759.942,120,1/1000.0,1.7,0,default,24.0,32.104661,35.209737,5415,32.10434403278918,35.20936281137676,49.89999999999999,224.9999997964445
2008,33,2026-04-27,15:28:42.228,49.9,759.942,120,1/1000.0,1.7,0,default,24.0,32.104661,35.209737,5414,32.10434403278918,35.20936281137676,49.89999999999999,224.9999997964445
2009,34,2026-04-27,15:28:42.262,49.9,759.942,120,1/1000.0,1.7,0,default,24.0,32.104661,35.209737,5414,32.10434403278918,35.20936281137676,49.89999999999999,224.9999997964445
2010,33,2026-04-27,15:28:42.295,49.9,759.942,120,1/1000.0,1.7,0,default,24.0,32.104655,35.209732,5413,32.10433803278918,35.20935781140135,49.89999999999999,224.9999997964445
2011,34,2026-04-27,15:28:42.328,49.9,759.942,120,1/1000.0,1.7,0,default,24.0,32.104655,35.209732,5412,32.10433803278918,35.20935781140135,49.89999999999999,224.9999997964445
2012,33,2026-04-27,15:28:42.362,49.9,759.942,120,1/1000.0,1.7,0,default,24.0,32.104655,35.209732,5411,32.10431465614662,35.20938761253344,49.89999999999999,220.6012946545835
2013,33,2026-04-27,15:28:42.395,49.9,759.942,120,1/1000.0,1.7,0,default,24.0,32.10465,35.209727,5411,32.10430965614662,35.2093826125523,49.89999999999999,220.6012946545835
2014,34,2026-04-27,15:28:42.428,49.9,759.942,110,1/1000.0,1.7,0,default,24.0,32.10465,35.209727,5410,32.10430965614662,35.2093826125523,49.89999999999999,220.6012946545835
2015,33,2026-04-27,15:28:42.462,49.9,759.942,110,1/1000.0,1.7,0,default,24.0,32.10465,35.209727,5410,32.10430965614662,35.2093826125523,49.89999999999999,220.6012946545835
2016,33,2026-04-27,15:28:42.495,49.9,759.942,110,1/1000.0,1.7,0,default,24.0,32.104646,35.209724,5410,32.10430565614662,35.20937961256738,49.89999999999999,220.6012946545835
2017,34,2026-04-27,15:28:42.529,49.9,759.942,110,1/1000.0,1.7,0,default,24.0,32.104646,35.209724,5410,32.10430565614662,35.20937961256738,49.89999999999999,220.6012946545835
2018,33,2026-04-27,15:28:42.562,49.9,759.942,110,1/1000.0,1.7,0,default,24.0,32.104646,35.209724,5410,32.10430565614648,35.20937961256758,49.89999999999999,220.60129462584626
2019,33,2026-04-27,15:28:42.595,49.9,759.942,110,1/1000.0,1.7,0,default,24.0,32.104642,35.209721,5410,32.104301656146475,35.209376612582666,49.89999999999999,220.60129462584626
2020,34,2026-04-27,15:28:42.629,49.9,759.942,110,1/1000.0,1.7,0,default,24.0,32.104642,35.209721,5410,32.104301656146475,35.209376612582666,49.89999999999999,220.60129462584626
2021,33,2026-04-27,15:28:42.662,49.9,759.942,110,1/1000.0,1.7,0,default,24.0,32.104642,35.209721,5409,32.104297637646255,35.20938222560782,49.89999999999999,219.80557106556935
2022,34,2026-04-27,15:28:42.694,49.8,759.842,110,1/1000.0,1.7,0,default,24.0,32.104639,35.209719,5409,32.104295327751174,35.20938090452552,49.79999999999999,219.80557106556935
2023,33,2026-04-27,15:28:42.729,49.8,759.842,110,1/1000.0,1.7,0,default,24.0,32.104639,35.209719,5409,32.104295327751174,35.20938090452552,49.79999999999999,219.80557106556935
2024,33,2026-04-27,15:28:42.761,49.8,759.842,110,1/1000.0,1.7,0,default,24.0,32.104639,35.209719,5408,32.10428111119088,35.2094021267913,49.79999999999999,216.86989766212847
2025,34,2026-04-27,15:28:42.796,49.8,759.842,110,1/1000.0,1.7,0,default,24.0,32.104637,35.209717,5408,32.10427911119088,35.20940012679824,49.79999999999999,216.86989766212847
2026,33,2026-04-27,15:28:42.829,49.8,759.842,110,1/1000.0,1.7,0,default,24.0,32.104637,35.209717,5408,32.10427911119088,35.20940012679824,49.79999999999999,216.86989766212847
2027,33,2026-04-27,15:28:42.862,49.8,759.842,110,1/1000.0,1.7,0,default,24.0,32.104637,35.209717,5407,32.10427911119065,35.2094001267986,49.79999999999999,216.8698976132751
2028,34,2026-04-27,15:28:42.896,49.8,759.842,110,1/1000.0,1.7,0,default,24.0,32.104635,35.209716,5406,32.104277111190655,35.20939912680554,49.79999999999999,216.8698976132751
2029,33,2026-04-27,15:28:42.928,49.8,759.842,110,1/1000.0,1.7,0,default,24.0,32.104635,35.209716,5405,32.104277111190655,35.20939912680554,49.79999999999999,216.8698976132751
2030,33,2026-04-27,15:28:42.961,49.8,759.842,110,1/1000.0,1.7,0,default,24.0,32.104635,35.209716,5404,32.10426277313885,35.209423050627635,49.79999999999999,213.690067557296
2031,34,2026-04-27,15:28:42.996,49.8,759.842,110,1/1000.0,1.7,0,default,24.0,32.104634,35.209715,5403,32.104261773138845,35.20942205063084,49.79999999999999,213.690067557296
2032,33,2026-04-27,15:28:43.029,49.8,759.842,110,1/1000.0,1.7,0,default,24.0,32.104634,35.209715,5402,32.104261773138845,35.20942205063084,49.79999999999999,213.690067557296
2033,34,2026-04-27,15:28:43.062,49.8,759.842,110,1/1000.0,1.7,0,default,24.0,32.104634,35.209715,5401,32.10423995085297,35.20946497011176,49.79999999999999,208.25731169720996
2034,33,2026-04-27,15:28:43.095,49.8,759.842,110,1/1000.0,1.7,0,default,24.0,32.104633,35.209714,5400,32.104238950852974,35.2094639701145,49.79999999999999,208.25731169720996
2035,33,2026-04-27,15:28:43.128,49.8,759.842,110,1/1000.0,1.7,0,default,24.0,32.104633,35.209714,5399,32.104238950852974,35.2094639701145,49.79999999999999,208.25731169720996
2036,34,2026-04-27,15:28:43.163,49.8,759.842,110,1/1000.0,1.7,0,default,24.0,32.104633,35.209714,5398,32.10418563898851,35.209714,49.79999999999999,180.0
2037,33,2026-04-27,15:28:43.196,49.8,759.842,110,1/1000.0,1.7,0,default,24.0,32.104632,35.209714,5397,32.104184638988514,35.209714,49.79999999999999,180.0
2038,33,2026-04-27,15:28:43.229,49.8,759.842,110,1/1000.0,1.7,0,default,24.0,32.104632,35.209714,5397,32.104184638988514,35.209714,49.79999999999999,180.0
2039,34,2026-04-27,15:28:43.263,49.8,759.842,110,1/1000.0,1.7,0,default,24.0,32.104632,35.209714,5396,32.104184638988514,35.209714,49.79999999999999,180.0
2040,33,2026-04-27,15:28:43.295,49.8,759.842,110,1/1000.0,1.7,0,default,24.0,32.104632,35.209714,5395,32.104184638988514,35.209714,49.79999999999999,180.0
2041,34,2026-04-27,15:28:43.329,49.8,759.842,110,1/1000.0,1.7,0,default,24.0,32.104632,35.209714,5394,32.104184638988514,35.209714,49.79999999999999,180.0
2042,33,2026-04-27,15:28:43.363,49.8,759.842,110,1/1000.0,1.7,0,default,24.0,32.104632,35.209714,5392,32.104184638988514,35.209714,49.79999999999999,180.0
2043,33,2026-04-27,15:28:43.395,49.8,759.842,110,1/1000.0,1.7,0,default,24.0,32.104631,35.209714,5391,32.10418363898851,35.209714,49.79999999999999,180.0
2044,34,2026-04-27,15:28:43.429,49.8,759.842,110,1/1000.0,1.7,0,default,24.0,32.104631,35.209714,5390,32.10418363898851,35.209714,49.79999999999999,180.0
2045,33,2026-04-27,15:28:43.462,49.8,759.842,110,1/1000.0,1.7,0,default,24.0,32.104631,35.209714,5388,32.10418363898851,35.209714,49.79999999999999,180.0
2046,33,2026-04-27,15:28:43.496,49.8,759.842,100,1/1000.0,1.7,0,default,24.0,32.104631,35.209714,5387,32.10418363898851,35.209714,49.79999999999999,180.0
2047,34,2026-04-27,15:28:43.530,49.8,759.842,100,1/1000.0,1.7,0,default,24.0,32.104631,35.209714,5386,32.10418363898851,35.209714,49.79999999999999,180.0
2048,33,2026-04-27,15:28:43.562,49.8,759.842,100,1/1000.0,1.7,0,default,24.0,32.104631,35.209714,5385,32.10418363898851,35.209714,49.79999999999999,180.0
2049,33,2026-04-27,15:28:43.596,49.8,759.842,100,1/1000.0,1.7,0,default,24.0,32.104631,35.209714,5385,32.10418363898851,35.209714,49.79999999999999,180.0
2050,34,2026-04-27,15:28:43.630,49.8,759.842,100,1/1000.0,1.7,0,default,24.0,32.104631,35.209714,5385,32.10418363898851,35.209714,49.79999999999999,180.0
2051,33,2026-04-27,15:28:43.663,49.8,759.842,100,1/1000.0,1.7,0,default,24.0,32.104631,35.209714,5384,32.10418363898851,35.209714,49.79999999999999,180.0
2052,34,2026-04-27,15:28:43.696,49.8,759.842,100,1/1000.0,1.7,0,default,24.0,32.10463,35.209714,5384,32.10418263898851,35.209714,49.79999999999999,180.0
2053,33,2026-04-27,15:28:43.730,49.8,759.842,100,1/1000.0,1.7,0,default,24.0,32.10463,35.209714,5383,32.10418263898851,35.209714,49.79999999999999,180.0
2054,33,2026-04-27,15:28:43.763,49.8,759.842,100,1/1000.0,1.7,0,default,24.0,32.10463,35.209714,5383,32.10418263898851,35.209714,49.79999999999999,180.0
2055,34,2026-04-27,15:28:43.796,49.8,759.842,100,1/1000.0,1.7,0,default,24.0,32.10463,35.209714,5382,32.10418263898851,35.209714,49.79999999999999,180.0
2056,33,2026-04-27,15:28:43.830,49.8,759.842,100,1/1000.0,1.7,0,default,24.0,32.10463,35.209714,5382,32.10418263898851,35.209714,49.79999999999999,180.0
2057,33,2026-04-27,15:28:43.863,49.8,759.842,100,1/1000.0,1.7,0,default,24.0,32.10463,35.209714,5382,32.10418263898851,35.209714,49.79999999999999,180.0
2058,34,2026-04-27,15:28:43.897,49.8,759.842,100,1/1000.0,1.7,0,default,24.0,32.10463,35.209714,5382,32.10418263898851,35.209714,49.79999999999999,180.0
2059,33,2026-04-27,15:28:43.929,49.8,759.842,100,1/1000.0,1.7,0,default,24.0,32.10463,35.209714,5382,32.10418263898851,35.209714,49.79999999999999,180.0
2060,33,2026-04-27,15:28:43.963,49.8,759.842,100,1/1000.0,1.7,0,default,24.0,32.10463,35.209714,5382,32.10418263898851,35.209714,49.79999999999999,180.0
2061,34,2026-04-27,15:28:43.997,49.8,759.842,100,1/1000.0,1.7,0,default,24.0,32.10463,35.209714,5382,32.10418263898851,35.209714,49.79999999999999,180.0
2062,33,2026-04-27,15:28:44.030,49.8,759.842,100,1/1000.0,1.7,0,default,24.0,32.10463,35.209714,5382,32.10418263898851,35.209714,49.79999999999999,180.0
2063,34,2026-04-27,15:28:44.063,49.8,759.842,100,1/1000.0,1.7,0,default,24.0,32.10463,35.209714,5382,32.10418263898851,35.209714,49.79999999999999,180.0
2064,33,2026-04-27,15:28:44.096,49.8,759.842,100,1/1000.0,1.7,0,default,24.0,32.10463,35.209715,5382,32.10418263898851,35.209715,49.79999999999999,180.0
2065,33,2026-04-27,15:28:44.130,49.8,759.842,100,1/1000.0,1.7,0,default,24.0,32.10463,35.209715,5381,32.10418263898851,35.209715,49.79999999999999,180.0
2066,34,2026-04-27,15:28:44.163,49.8,759.842,100,1/1000.0,1.7,0,default,24.0,32.10463,35.209715,5380,32.10418263898851,35.209715,49.79999999999999,180.0
2067,33,2026-04-27,15:28:44.197,49.8,759.842,100,1/1000.0,1.7,0,default,24.0,32.104629,35.209715,5380,32.104181638988514,35.209715,49.79999999999999,180.0
2068,33,2026-04-27,15:28:44.230,49.8,759.842,100,1/1000.0,1.7,0,default,24.0,32.104629,35.209715,5380,32.104181638988514,35.209715,49.79999999999999,180.0
2069,34,2026-04-27,15:28:44.264,49.8,759.842,100,1/1000.0,1.7,0,default,24.0,32.104629,35.209715,5380,32.104181638988514,35.209715,49.79999999999999,180.0
2070,33,2026-04-27,15:28:44.297,49.8,759.842,100,1/1000.0,1.7,0,default,24.0,32.104629,35.209715,5380,32.104181638988514,35.209715,49.79999999999999,180.0
2071,34,2026-04-27,15:28:44.330,49.8,759.842,100,1/1000.0,1.7,0,default,24.0,32.104629,35.209715,5379,32.104181638988514,35.209715,49.79999999999999,180.0
2072,33,2026-04-27,15:28:44.364,49.8,759.842,100,1/1000.0,1.7,0,default,24.0,32.104629,35.209715,5378,32.104181638988514,35.209715,49.79999999999999,180.0
2073,33,2026-04-27,15:28:44.397,49.8,759.842,100,1/1000.0,1.7,0,default,24.0,32.104629,35.209715,5377,32.104181638988514,35.209715,49.79999999999999,180.0
2074,34,2026-04-27,15:28:44.430,49.8,759.842,100,1/1000.0,1.7,0,default,24.0,32.104629,35.209715,5377,32.104181638988514,35.209715,49.79999999999999,180.0
2075,33,2026-04-27,15:28:44.464,49.8,759.842,100,1/1000.0,1.7,0,default,24.0,32.104629,35.209715,5376,32.104629,35.210243121956466,49.79999999999999,90.0
2076,33,2026-04-27,15:28:44.496,49.8,759.842,100,1/1000.0,1.7,0,default,24.0,32.104629,35.209715,5376,32.104629,35.210243121956466,49.79999999999999,90.0
2077,34,2026-04-27,15:28:44.530,49.8,759.842,100,1/1000.0,1.7,0,default,24.0,32.104629,35.209715,5375,32.104629,35.210243121956466,49.79999999999999,90.0
2078,33,2026-04-27,15:28:44.564,49.8,759.842,100,1/1000.0,1.7,0,default,24.0,32.104629,35.209715,5374,32.104629,35.210243121956466,49.79999999999999,90.0
2079,33,2026-04-27,15:28:44.596,49.8,759.842,100,1/1000.0,1.7,0,default,24.0,32.104629,35.209716,5373,32.104629,35.210244121956464,49.79999999999999,90.0
2080,34,2026-04-27,15:28:44.630,49.8,759.842,100,1/1000.0,1.7,0,default,24.0,32.104629,35.209716,5372,32.104629,35.210244121956464,49.79999999999999,90.0
2081,33,2026-04-27,15:28:44.664,49.8,759.842,100,1/1000.0,1.7,0,default,24.0,32.104629,35.209716,5371,32.104629,35.210244121956464,49.79999999999999,90.0
2082,34,2026-04-27,15:28:44.698,49.8,759.842,100,1/1000.0,1.7,0,default,24.0,32.104629,35.209716,5370,32.104629,35.210244121956464,49.79999999999999,90.0
2083,33,2026-04-27,15:28:44.731,49.8,759.842,100,1/1000.0,1.7,0,default,24.0,32.104629,35.209716,5369,32.104629,35.210244121956464,49.79999999999999,90.0
2084,33,2026-04-27,15:28:44.764,49.8,759.842,100,1/1000.0,1.7,0,default,24.0,32.104629,35.209716,5369,32.104629,35.210244121956464,49.79999999999999,90.0
2085,34,2026-04-27,15:28:44.797,49.8,759.842,100,1/1000.0,1.7,0,default,24.0,32.104629,35.209716,5368,32.104629,35.210244121956464,49.79999999999999,90.0
2086,33,2026-04-27,15:28:44.830,49.8,759.842,100,1/1000.0,1.7,0,default,24.0,32.104629,35.209716,5368,32.104629,35.210244121956464,49.79999999999999,90.0
2087,33,2026-04-27,15:28:44.864,49.8,759.842,100,1/1000.0,1.7,0,default,24.0,32.104629,35.209716,5368,32.104629,35.210244121956464,49.79999999999999,90.0
2088,34,2026-04-27,15:28:44.898,49.8,759.842,100,1/1000.0,1.7,0,default,24.0,32.104629,35.209717,5368,32.104629,35.21024512195646,49.79999999999999,90.0
2089,33,2026-04-27,15:28:44.930,49.8,759.842,100,1/1000.0,1.7,0,default,24.0,32.104629,35.209717,5368,32.104629,35.21024512195646,49.79999999999999,90.0
2090,33,2026-04-27,15:28:44.964,49.8,759.842,100,1/1000.0,1.7,0,default,24.0,32.104629,35.209717,5368,32.104629,35.21024512195646,49.79999999999999,90.0
2091,34,2026-04-27,15:28:44.998,49.8,759.842,100,1/1000.0,1.7,0,default,24.0,32.104629,35.209717,5368,32.104629,35.21024512195646,49.79999999999999,90.0
2092,33,2026-04-27,15:28:45.031,49.8,759.842,100,1/1000.0,1.7,0,default,24.0,32.104629,35.209717,5368,32.104629,35.21024512195646,49.79999999999999,90.0
2093,34,2026-04-27,15:28:45.064,49.8,759.842,100,1/1000.0,1.7,0,default,24.0,32.104629,35.209717,5368,32.104629,35.21024512195646,49.79999999999999,90.0
2094,33,2026-04-27,15:28:45.097,49.8,759.842,100,1/1000.0,1.7,0,default,24.0,32.104629,35.209717,5368,32.104629,35.21024512195646,49.79999999999999,90.0
2095,33,2026-04-27,15:28:45.131,49.8,759.842,100,1/1000.0,1.7,0,default,24.0,32.104629,35.209717,5368,32.104629,35.21024512195646,49.79999999999999,90.0
2096,34,2026-04-27,15:28:45.164,49.8,759.842,100,1/1000.0,1.7,0,default,24.0,32.104629,35.209717,5368,32.104629,35.21024512195646,49.79999999999999,90.0
2097,33,2026-04-27,15:28:45.197,49.8,759.842,100,1/1000.0,1.7,0,default,24.0,32.104629,35.209717,5368,32.104629,35.21024512195646,49.79999999999999,90.0
2098,33,2026-04-27,15:28:45.231,49.8,759.842,100,1/1000.0,1.7,0,default,24.0,32.104629,35.209717,5368,32.104629,35.21024512195646,49.79999999999999,90.0
2099,34,2026-04-27,15:28:45.265,49.8,759.842,100,1/1000.0,1.7,0,default,24.0,32.104629,35.209717,5368,32.104629,35.21024512195646,49.79999999999999,90.0
2100,33,2026-04-27,15:28:45.298,49.8,759.842,100,1/1000.0,1.7,0,default,24.0,32.104629,35.209718,5368,32.104629,35.210246121956466,49.79999999999999,90.0
2101,34,2026-04-27,15:28:45.331,49.8,759.842,100,1/1000.0,1.7,0,default,24.0,32.104629,35.209718,5368,32.104629,35.210246121956466,49.79999999999999,90.0
2102,33,2026-04-27,15:28:45.365,49.8,759.842,100,1/1000.0,1.7,0,default,24.0,32.104629,35.209718,5368,32.104629,35.210246121956466,49.79999999999999,90.0
2103,33,2026-04-27,15:28:45.398,49.8,759.842,100,1/1000.0,1.7,0,default,24.0,32.104629,35.209718,5368,32.104629,35.210246121956466,49.79999999999999,90.0
2104,34,2026-04-27,15:28:45.431,49.8,759.842,100,1/1000.0,1.7,0,default,24.0,32.104629,35.209718,5368,32.104629,35.210246121956466,49.79999999999999,90.0
2105,33,2026-04-27,15:28:45.465,49.8,759.842,100,1/1000.0,1.7,0,default,24.0,32.104629,35.209718,5368,32.104629,35.210246121956466,49.79999999999999,90.0
2106,33,2026-04-27,15:28:45.498,49.8,759.842,100,1/1000.0,1.7,0,default,24.0,32.104629,35.209718,5368,32.104629,35.210246121956466,49.79999999999999,90.0
2107,34,2026-04-27,15:28:45.532,49.8,759.842,100,1/1000.0,1.7,0,default,24.0,32.104629,35.209718,5368,32.104629,35.210246121956466,49.79999999999999,90.0
2108,33,2026-04-27,15:28:45.565,49.8,759.842,100,1/1000.0,1.7,0,default,24.0,32.104629,35.209718,5368,32.104629,35.210246121956466,49.79999999999999,90.0
2109,33,2026-04-27,15:28:45.598,49.8,759.842,100,1/1000.0,1.7,0,default,24.0,32.104629,35.209718,5368,32.104629,35.210246121956466,49.79999999999999,90.0
2110,34,2026-04-27,15:28:45.632,49.8,759.842,100,1/1000.0,1.7,0,default,24.0,32.104629,35.209718,5368,32.104629,35.210246121956466,49.79999999999999,90.0
2111,33,2026-04-27,15:28:45.665,49.8,759.842,100,1/1000.0,1.7,0,default,24.0,32.104629,35.209718,5368,32.104629,35.210246121956466,49.79999999999999,90.0
2112,34,2026-04-27,15:28:45.698,49.8,759.842,100,1/1000.0,1.7,0,default,24.0,32.104629,35.209719,5368,32.104629,35.21024712195646,49.79999999999999,90.0
2113,33,2026-04-27,15:28:45.732,49.8,759.842,100,1/1000.0,1.7,0,default,24.0,32.104629,35.209719,5368,32.104629,35.21024712195646,49.79999999999999,90.0
2114,33,2026-04-27,15:28:45.765,49.8,759.842,100,1/1000.0,1.7,0,default,24.0,32.104629,35.209719,5368,32.104629,35.21024712195646,49.79999999999999,90.0
2115,34,2026-04-27,15:28:45.798,49.8,759.842,100,1/1000.0,1.7,0,default,24.0,32.104629,35.209719,5368,32.104629,35.21024712195646,49.79999999999999,90.0
2116,33,2026-04-27,15:28:45.832,49.8,759.842,100,1/1000.0,1.7,0,default,24.0,32.104629,35.209719,5368,32.104629,35.21024712195646,49.79999999999999,90.0
2117,33,2026-04-27,15:28:45.865,49.8,759.842,100,1/1000.0,1.7,0,default,24.0,32.104629,35.209719,5368,32.104629,35.21024712195646,49.79999999999999,90.0
2118,34,2026-04-27,15:28:45.899,49.8,759.842,100,1/1000.0,1.7,0,default,24.0,32.104629,35.209719,5368,32.104629,35.21024712195646,49.79999999999999,90.0
2119,33,2026-04-27,15:28:45.932,49.8,759.842,100,1/1000.0,1.7,0,default,24.0,32.104629,35.209719,5368,32.104629,35.21024712195646,49.79999999999999,90.0
2120,33,2026-04-27,15:28:45.965,49.8,759.842,100,1/1000.0,1.7,0,default,24.0,32.104629,35.209719,5369,32.104629,35.21024712195646,49.79999999999999,90.0
2121,34,2026-04-27,15:28:45.999,49.8,759.842,100,1/1000.0,1.7,0,default,24.0,32.104629,35.209719,5369,32.104629,35.21024712195646,49.79999999999999,90.0
2122,33,2026-04-27,15:28:46.032,49.8,759.842,100,1/1000.0,1.7,0,default,24.0,32.104629,35.209719,5369,32.104629,35.21024712195646,49.79999999999999,90.0
2123,34,2026-04-27,15:28:46.065,49.8,759.842,100,1/1000.0,1.7,0,default,24.0,32.104629,35.209719,5369,32.104629,35.21024712195646,49.79999999999999,90.0
2124,33,2026-04-27,15:28:46.098,49.8,759.842,100,1/1000.0,1.7,0,default,24.0,32.104629,35.209719,5369,32.104629,35.21024712195646,49.79999999999999,90.0
2125,33,2026-04-27,15:28:46.132,49.8,759.842,100,1/1000.0,1.7,0,default,24.0,32.104629,35.209719,5369,32.104629,35.21024712195646,49.79999999999999,90.0
2126,34,2026-04-27,15:28:46.165,49.8,759.842,100,1/1000.0,1.7,0,default,24.0,32.104629,35.209719,5370,32.104629,35.21024712195646,49.79999999999999,90.0
2127,33,2026-04-27,15:28:46.199,49.8,759.842,100,1/1000.0,1.7,0,default,24.0,32.104629,35.209719,5370,32.104629,35.21024712195646,49.79999999999999,90.0
2128,33,2026-04-27,15:28:46.232,49.8,759.842,100,1/1000.0,1.7,0,default,24.0,32.104629,35.209719,5371,32.104629,35.21024712195646,49.79999999999999,90.0
2129,34,2026-04-27,15:28:46.266,49.8,759.842,100,1/1000.0,1.7,0,default,24.0,32.104629,35.209719,5371,32.104629,35.21024712195646,49.79999999999999,90.0
2130,33,2026-04-27,15:28:46.299,49.8,759.842,100,1/1000.0,1.7,0,default,24.0,32.104629,35.209719,5372,32.104629,35.21024712195646,49.79999999999999,90.0
2131,34,2026-04-27,15:28:46.332,49.8,759.842,100,1/1000.0,1.7,0,default,24.0,32.104629,35.209719,5372,32.104629,35.21024712195646,49.79999999999999,90.0
2132,33,2026-04-27,15:28:46.366,49.8,759.842,100,1/1000.0,1.7,0,default,24.0,32.104629,35.209719,5372,32.104629,35.21024712195646,49.79999999999999,90.0
2133,33,2026-04-27,15:28:46.399,49.8,759.842,100,1/1000.0,1.7,0,default,24.0,32.104629,35.209719,5372,32.104629,35.21024712195646,49.79999999999999,90.0
2134,34,2026-04-27,15:28:46.432,49.8,759.842,100,1/1000.0,1.7,0,default,24.0,32.104629,35.209719,5372,32.104629,35.21024712195646,49.79999999999999,90.0
2135,33,2026-04-27,15:28:46.466,49.8,759.842,100,1/1000.0,1.7,0,default,24.0,32.104629,35.209719,5372,32.104629,35.21024712195646,49.79999999999999,90.0
2136,33,2026-04-27,15:28:46.499,49.8,759.842,100,1/1000.0,1.7,0,default,24.0,32.104629,35.209719,5372,32.104629,35.21024712195646,49.79999999999999,90.0
2137,34,2026-04-27,15:28:46.532,49.8,759.842,100,1/1000.0,1.7,0,default,24.0,32.104629,35.209719,5372,32.104629,35.21024712195646,49.79999999999999,90.0
2138,33,2026-04-27,15:28:46.566,49.8,759.842,100,1/1000.0,1.7,0,default,24.0,32.104629,35.209719,5372,32.104629,35.21024712195646,49.79999999999999,90.0
2139,33,2026-04-27,15:28:46.599,49.8,759.842,100,1/1000.0,1.7,0,default,24.0,32.104629,35.209719,5372,32.104629,35.21024712195646,49.79999999999999,90.0
2140,34,2026-04-27,15:28:46.632,49.8,759.842,100,1/1000.0,1.7,0,default,24.0,32.104629,35.209719,5372,32.104629,35.21024712195646,49.79999999999999,90.0
2141,33,2026-04-27,15:28:46.666,49.8,759.842,100,1/1000.0,1.7,0,default,24.0,32.104629,35.209719,5372,32.104629,35.21024712195646,49.79999999999999,90.0
2142,34,2026-04-27,15:28:46.699,49.8,759.842,100,1/1000.0,1.7,0,default,24.0,32.104629,35.20972,5372,32.104629,35.21024812195646,49.79999999999999,90.0
2143,33,2026-04-27,15:28:46.733,49.8,759.842,100,1/1000.0,1.7,0,default,24.0,32.104629,35.20972,5372,32.104629,35.21024812195646,49.79999999999999,90.0
2144,33,2026-04-27,15:28:46.766,49.8,759.842,100,1/1000.0,1.7,0,default,24.0,32.104629,35.20972,5372,32.104629,35.21024812195646,49.79999999999999,90.0
2145,34,2026-04-27,15:28:46.799,49.8,759.842,100,1/1000.0,1.7,0,default,24.0,32.104629,35.20972,5372,32.104629,35.21024812195646,49.79999999999999,90.0
2146,33,2026-04-27,15:28:46.833,49.8,759.842,100,1/1000.0,1.7,0,default,24.0,32.104629,35.20972,5372,32.104629,35.21024812195646,49.79999999999999,90.0
2147,33,2026-04-27,15:28:46.866,49.8,759.842,100,1/1000.0,1.7,0,default,24.0,32.104629,35.20972,5372,32.104629,35.21024812195646,49.79999999999999,90.0
2148,34,2026-04-27,15:28:46.900,49.8,759.842,100,1/1000.0,1.7,0,default,24.0,32.104629,35.20972,5372,32.104629,35.21024812195646,49.79999999999999,90.0
2149,33,2026-04-27,15:28:46.932,49.8,759.842,100,1/1000.0,1.7,0,default,24.0,32.104629,35.20972,5372,32.104629,35.21024812195646,49.79999999999999,90.0
2150,33,2026-04-27,15:28:46.966,49.8,759.842,100,1/1000.0,1.7,0,default,24.0,32.104629,35.20972,5372,32.104629,35.21024812195646,49.79999999999999,90.0
2151,34,2026-04-27,15:28:47.000,49.8,759.842,100,1/1000.0,1.7,0,default,24.0,32.104629,35.20972,5372,32.104629,35.21024812195646,49.79999999999999,90.0
2152,33,2026-04-27,15:28:47.033,49.8,759.842,100,1/1000.0,1.7,0,default,24.0,32.104629,35.20972,5372,32.104629,35.21024812195646,49.79999999999999,90.0
2153,34,2026-04-27,15:28:47.066,49.8,759.842,100,1/1000.0,1.7,0,default,24.0,32.104629,35.20972,5372,32.104629,35.21024812195646,49.79999999999999,90.0
2154,33,2026-04-27,15:28:47.099,49.8,759.842,100,1/1000.0,1.7,0,default,24.0,32.104629,35.20972,5372,32.104629,35.21024812195646,49.79999999999999,90.0
2155,33,2026-04-27,15:28:47.133,49.8,759.842,100,1/1000.0,1.7,0,default,24.0,32.104629,35.20972,5372,32.104629,35.21024812195646,49.79999999999999,90.0
2156,34,2026-04-27,15:28:47.167,49.8,759.842,100,1/1000.0,1.7,0,default,24.0,32.104629,35.20972,5372,32.104629,35.21024812195646,49.79999999999999,90.0
2157,33,2026-04-27,15:28:47.200,49.8,759.842,100,1/1000.0,1.7,0,default,24.0,32.104629,35.20972,5372,32.104629,35.21024812195646,49.79999999999999,90.0
2158,33,2026-04-27,15:28:47.233,49.8,759.842,100,1/1000.0,1.7,0,default,24.0,32.104629,35.20972,5372,32.104629,35.21024812195646,49.79999999999999,90.0
2159,34,2026-04-27,15:28:47.267,49.8,759.842,100,1/1000.0,1.7,0,default,24.0,32.104629,35.20972,5373,32.104629,35.21024812195646,49.79999999999999,90.0
2160,33,2026-04-27,15:28:47.299,49.8,759.842,100,1/1000.0,1.7,0,default,24.0,32.104629,35.20972,5373,32.104629,35.21024812195646,49.79999999999999,90.0
2161,34,2026-04-27,15:28:47.333,49.8,759.842,100,1/1000.0,1.7,0,default,24.0,32.104629,35.20972,5373,32.104629,35.21024812195646,49.79999999999999,90.0
2162,33,2026-04-27,15:28:47.367,49.8,759.842,100,1/1000.0,1.7,0,default,24.0,32.104629,35.20972,5373,32.104629,35.21024812195646,49.79999999999999,90.0
2163,33,2026-04-27,15:28:47.400,49.8,759.842,100,1/1000.0,1.7,0,default,24.0,32.104629,35.20972,5373,32.104629,35.21024812195646,49.79999999999999,90.0
2164,34,2026-04-27,15:28:47.433,49.8,759.842,100,1/1000.0,1.7,0,default,24.0,32.104629,35.20972,5373,32.104629,35.21024812195646,49.79999999999999,90.0
2165,33,2026-04-27,15:28:47.467,49.8,759.842,100,1/1000.0,1.7,0,default,24.0,32.104629,35.20972,5373,32.104629,35.21024812195646,49.79999999999999,90.0
2166,33,2026-04-27,15:28:47.500,49.8,759.842,100,1/1000.0,1.7,0,default,24.0,32.104629,35.20972,5373,32.104629,35.21024812195646,49.79999999999999,90.0
2167,34,2026-04-27,15:28:47.534,49.8,759.842,100,1/1000.0,1.7,0,default,24.0,32.104629,35.20972,5373,32.104629,35.21024812195646,49.79999999999999,90.0
2168,33,2026-04-27,15:28:47.567,49.8,759.842,100,1/1000.0,1.7,0,default,24.0,32.104629,35.20972,5373,32.104629,35.21024812195646,49.79999999999999,90.0
2169,33,2026-04-27,15:28:47.600,49.8,759.842,100,1/1000.0,1.7,0,default,24.0,32.104629,35.20972,5373,32.104629,35.21024812195646,49.79999999999999,90.0
2170,34,2026-04-27,15:28:47.634,49.8,759.842,100,1/1000.0,1.7,0,default,24.0,32.104629,35.20972,5373,32.104629,35.21024812195646,49.79999999999999,90.0
2171,33,2026-04-27,15:28:47.667,49.8,759.842,100,1/1000.0,1.7,0,default,24.0,32.104629,35.20972,5373,32.104629,35.21024812195646,49.79999999999999,90.0
2172,34,2026-04-27,15:28:47.700,49.8,759.842,100,1/1000.0,1.7,0,default,24.0,32.104629,35.20972,5373,32.104629,35.21024812195646,49.79999999999999,90.0
2173,33,2026-04-27,15:28:47.734,49.8,759.842,100,1/1000.0,1.7,0,default,24.0,32.104629,35.20972,5373,32.104629,35.21024812195646,49.79999999999999,90.0
2174,33,2026-04-27,15:28:47.767,49.8,759.842,100,1/1000.0,1.7,0,default,24.0,32.104629,35.20972,5373,32.104629,35.21024812195646,49.79999999999999,90.0
2175,34,2026-04-27,15:28:47.800,49.8,759.842,100,1/1000.0,1.7,0,default,24.0,32.104629,35.20972,5373,32.104629,35.21024812195646,49.79999999999999,90.0
2176,33,2026-04-27,15:28:47.834,49.8,759.842,100,1/1000.0,1.7,0,default,24.0,32.104629,35.20972,5373,32.104629,35.21024812195646,49.79999999999999,90.0
2177,33,2026-04-27,15:28:47.867,49.8,759.842,100,1/1000.0,1.7,0,default,24.0,32.104629,35.20972,5373,32.104629,35.21024812195646,49.79999999999999,90.0
2178,34,2026-04-27,15:28:47.901,49.8,759.842,100,1/1000.0,1.7,0,default,24.0,32.104629,35.20972,5373,32.104629,35.21024812195646,49.79999999999999,90.0
2179,33,2026-04-27,15:28:47.933,49.8,759.842,100,1/1000.0,1.7,0,default,24.0,32.104629,35.20972,5373,32.104629,35.21024812195646,49.79999999999999,90.0
2180,33,2026-04-27,15:28:47.966,49.8,759.842,100,1/1000.0,1.7,0,default,24.0,32.104629,35.20972,5373,32.104629,35.21024812195646,49.79999999999999,90.0
2181,34,2026-04-27,15:28:48.001,49.8,759.842,100,1/1000.0,1.7,0,default,24.0,32.104629,35.20972,5373,32.104629,35.21024812195646,49.79999999999999,90.0
2182,33,2026-04-27,15:28:48.034,49.8,759.842,100,1/1000.0,1.7,0,default,24.0,32.104629,35.20972,5373,32.104629,35.21024812195646,49.79999999999999,90.0
2183,34,2026-04-27,15:28:48.067,49.8,759.842,100,1/1000.0,1.7,0,default,24.0,32.104629,35.20972,5373,32.10507636101149,35.20972,49.79999999999999,0.0
2184,33,2026-04-27,15:28:48.100,49.8,759.842,100,1/1000.0,1.7,0,default,24.0,32.10463,35.20972,5373,32.10507736101149,35.20972,49.79999999999999,0.0
2185,33,2026-04-27,15:28:48.134,49.8,759.842,100,1/1000.0,1.7,0,default,24.0,32.10463,35.20972,5373,32.10507736101149,35.20972,49.79999999999999,0.0
2186,34,2026-04-27,15:28:48.168,49.8,759.842,100,1/1000.0,1.7,0,default,24.0,32.10463,35.20972,5373,32.10507736101149,35.20972,49.79999999999999,0.0
2187,33,2026-04-27,15:28:48.201,49.8,759.842,100,1/1000.0,1.7,0,default,24.0,32.10463,35.20972,5373,32.10507736101149,35.20972,49.79999999999999,0.0
2188,33,2026-04-27,15:28:48.234,49.8,759.842,100,1/1000.0,1.7,0,default,24.0,32.10463,35.20972,5373,32.10507736101149,35.20972,49.79999999999999,0.0
2189,34,2026-04-27,15:28:48.268,49.8,759.842,100,1/1000.0,1.7,0,default,24.0,32.10463,35.20972,5374,32.10507736101149,35.20972,49.79999999999999,0.0
2190,33,2026-04-27,15:28:48.301,49.8,759.842,100,1/1000.0,1.7,0,default,24.0,32.10463,35.20972,5375,32.10507736101149,35.20972,49.79999999999999,0.0
2191,34,2026-04-27,15:28:48.334,49.8,759.842,100,1/1000.0,1.7,0,default,24.0,32.10463,35.20972,5375,32.10507736101149,35.20972,49.79999999999999,0.0
2192,33,2026-04-27,15:28:48.368,49.8,759.842,100,1/1000.0,1.7,0,default,24.0,32.10463,35.20972,5376,32.10507736101149,35.20972,49.79999999999999,0.0
2193,33,2026-04-27,15:28:48.401,49.8,759.842,100,1/1000.0,1.7,0,default,24.0,32.10463,35.20972,5376,32.10507736101149,35.20972,49.79999999999999,0.0
2194,34,2026-04-27,15:28:48.434,49.8,759.842,100,1/1000.0,1.7,0,default,24.0,32.10463,35.20972,5376,32.10507736101149,35.20972,49.79999999999999,0.0
2195,33,2026-04-27,15:28:48.468,49.8,759.842,100,1/1000.0,1.7,0,default,24.0,32.10463,35.20972,5377,32.10507736101149,35.20972,49.79999999999999,0.0
2196,33,2026-04-27,15:28:48.500,49.8,759.842,100,1/1000.0,1.7,0,default,24.0,32.10463,35.20972,5377,32.10507736101149,35.20972,49.79999999999999,0.0
2197,34,2026-04-27,15:28:48.534,49.8,759.842,100,1/1000.0,1.7,0,default,24.0,32.10463,35.20972,5377,32.10507736101149,35.20972,49.79999999999999,0.0
2198,33,2026-04-27,15:28:48.568,49.8,759.842,100,1/1000.0,1.7,0,default,24.0,32.10463,35.20972,5377,32.10507736101149,35.20972,49.79999999999999,0.0
2199,33,2026-04-27,15:28:48.601,49.8,759.842,100,1/1000.0,1.7,0,default,24.0,32.10463,35.20972,5377,32.10507736101149,35.20972,49.79999999999999,0.0
2200,34,2026-04-27,15:28:48.635,49.8,759.842,100,1/1000.0,1.7,0,default,24.0,32.10463,35.20972,5377,32.10507736101149,35.20972,49.79999999999999,0.0
2201,33,2026-04-27,15:28:48.668,49.8,759.842,100,1/1000.0,1.7,0,default,24.0,32.10463,35.20972,5377,32.10507736101149,35.20972,49.79999999999999,0.0
2202,34,2026-04-27,15:28:48.701,49.8,759.842,100,1/1000.0,1.7,0,default,24.0,32.10463,35.20972,5377,32.10507736101149,35.20972,49.79999999999999,0.0
2203,33,2026-04-27,15:28:48.735,49.8,759.842,100,1/1000.0,1.7,0,default,24.0,32.10463,35.20972,5378,32.10507736101149,35.20972,49.79999999999999,0.0
2204,33,2026-04-27,15:28:48.768,49.8,759.842,100,1/1000.0,1.7,0,default,24.0,32.10463,35.20972,5378,32.10507736101149,35.20972,49.79999999999999,0.0
2205,34,2026-04-27,15:28:48.801,49.8,759.842,100,1/1000.0,1.7,0,default,24.0,32.10463,35.20972,5378,32.10507736101149,35.20972,49.79999999999999,0.0
2206,33,2026-04-27,15:28:48.835,49.8,759.842,100,1/1000.0,1.7,0,default,24.0,32.10463,35.20972,5378,32.10507736101149,35.20972,49.79999999999999,0.0
2207,33,2026-04-27,15:28:48.868,49.8,759.842,100,1/1000.0,1.7,0,default,24.0,32.10463,35.20972,5378,32.10507736101149,35.20972,49.79999999999999,0.0
2208,34,2026-04-27,15:28:48.902,49.8,759.842,100,1/1000.0,1.7,0,default,24.0,32.10463,35.20972,5378,32.10507736101149,35.20972,49.79999999999999,0.0
2209,33,2026-04-27,15:28:48.934,49.8,759.842,100,1/1000.0,1.7,0,default,24.0,32.10463,35.20972,5378,32.10507736101149,35.20972,49.79999999999999,0.0
2210,33,2026-04-27,15:28:48.968,49.8,759.842,100,1/1000.0,1.7,0,default,24.0,32.10463,35.20972,5378,32.10507736101149,35.20972,49.79999999999999,0.0
2211,34,2026-04-27,15:28:49.002,49.8,759.842,100,1/1000.0,1.7,0,default,24.0,32.10463,35.20972,5378,32.10507736101149,35.20972,49.79999999999999,0.0
2212,33,2026-04-27,15:28:49.035,49.8,759.842,100,1/1000.0,1.7,0,default,24.0,32.10463,35.20972,5378,32.10507736101149,35.20972,49.79999999999999,0.0
2213,34,2026-04-27,15:28:49.068,49.8,759.842,100,1/1000.0,1.7,0,default,24.0,32.10463,35.20972,5378,32.10507736101149,35.20972,49.79999999999999,0.0
2214,33,2026-04-27,15:28:49.101,49.8,759.842,100,1/1000.0,1.7,0,default,24.0,32.10463,35.20972,5378,32.10507736101149,35.20972,49.79999999999999,0.0
2215,33,2026-04-27,15:28:49.135,49.8,759.842,100,1/1000.0,1.7,0,default,24.0,32.10463,35.20972,5378,32.10507736101149,35.20972,49.79999999999999,0.0
2216,34,2026-04-27,15:28:49.169,49.8,759.842,100,1/1000.0,1.7,0,default,24.0,32.10463,35.20972,5378,32.10507736101149,35.20972,49.79999999999999,0.0
2217,33,2026-04-27,15:28:49.202,49.8,759.842,100,1/1000.0,1.7,0,default,24.0,32.10463,35.20972,5378,32.10507736101149,35.20972,49.79999999999999,0.0
2218,33,2026-04-27,15:28:49.235,49.8,759.842,100,1/1000.0,1.7,0,default,24.0,32.10463,35.20972,5378,32.10507736101149,35.20972,49.79999999999999,0.0
2219,34,2026-04-27,15:28:49.269,49.8,759.842,100,1/1000.0,1.7,0,default,24.0,32.10463,35.20972,5378,32.10507736101149,35.20972,49.79999999999999,0.0
2220,33,2026-04-27,15:28:49.301,49.8,759.842,100,1/1000.0,1.7,0,default,24.0,32.10463,35.20972,5378,32.10507736101149,35.20972,49.79999999999999,0.0
2221,34,2026-04-27,15:28:49.335,49.8,759.842,100,1/1000.0,1.7,0,default,24.0,32.10463,35.20972,5378,32.10507736101149,35.20972,49.79999999999999,0.0
2222,33,2026-04-27,15:28:49.368,49.8,759.842,100,1/1000.0,1.7,0,default,24.0,32.10463,35.20972,5378,32.10507736101149,35.20972,49.79999999999999,0.0
2223,33,2026-04-27,15:28:49.401,49.8,759.842,100,1/1000.0,1.7,0,default,24.0,32.10463,35.20972,5378,32.10507736101149,35.20972,49.79999999999999,0.0
2224,34,2026-04-27,15:28:49.434,49.8,759.842,100,1/1000.0,1.7,0,default,24.0,32.10463,35.20972,5378,32.10507736101149,35.20972,49.79999999999999,0.0
2225,33,2026-04-27,15:28:49.469,49.8,759.842,100,1/1000.0,1.7,0,default,24.0,32.10463,35.20972,5378,32.10507736101149,35.20972,49.79999999999999,0.0
2226,33,2026-04-27,15:28:49.502,49.8,759.842,100,1/1000.0,1.7,0,default,24.0,32.10463,35.20972,5378,32.10507736101149,35.20972,49.79999999999999,0.0
2227,34,2026-04-27,15:28:49.536,49.8,759.842,100,1/1000.0,1.7,0,default,24.0,32.10463,35.20972,5378,32.10507736101149,35.20972,49.79999999999999,0.0
2228,33,2026-04-27,15:28:49.569,49.8,759.842,100,1/1000.0,1.7,0,default,24.0,32.10463,35.20972,5378,32.10507736101149,35.20972,49.79999999999999,0.0
2229,33,2026-04-27,15:28:49.602,49.8,759.842,100,1/1000.0,1.7,0,default,24.0,32.10463,35.20972,5378,32.10507736101149,35.20972,49.79999999999999,0.0
2230,34,2026-04-27,15:28:49.635,49.8,759.842,100,1/1000.0,1.7,0,default,24.0,32.10463,35.20972,5378,32.10507736101149,35.20972,49.79999999999999,0.0
2231,33,2026-04-27,15:28:49.669,49.8,759.842,100,1/1000.0,1.7,0,default,24.0,32.10463,35.20972,5378,32.10507736101149,35.20972,49.79999999999999,0.0
2232,34,2026-04-27,15:28:49.702,49.8,759.842,100,1/1000.0,1.7,0,default,24.0,32.10463,35.20972,5378,32.10507736101149,35.20972,49.79999999999999,0.0
2233,33,2026-04-27,15:28:49.736,49.8,759.842,100,1/1000.0,1.7,0,default,24.0,32.10463,35.20972,5378,32.10507736101149,35.20972,49.79999999999999,0.0
2234,33,2026-04-27,15:28:49.769,49.8,759.842,100,1/1000.0,1.7,0,default,24.0,32.10463,35.20972,5378,32.10507736101149,35.20972,49.79999999999999,0.0
2235,34,2026-04-27,15:28:49.802,49.8,759.842,100,1/1000.0,1.7,0,default,24.0,32.10463,35.20972,5378,32.10507736101149,35.20972,49.79999999999999,0.0
2236,33,2026-04-27,15:28:49.836,49.8,759.842,100,1/1000.0,1.7,0,default,24.0,32.10463,35.20972,5378,32.10507736101149,35.20972,49.79999999999999,0.0
2237,33,2026-04-27,15:28:49.869,49.8,759.842,100,1/1000.0,1.7,0,default,24.0,32.10463,35.20972,5378,32.10507736101149,35.20972,49.79999999999999,0.0
2238,34,2026-04-27,15:28:49.903,49.8,759.842,100,1/1000.0,1.7,0,default,24.0,32.10463,35.209721,5378,32.10507736101149,35.209721,49.79999999999999,0.0
2239,33,2026-04-27,15:28:49.936,49.8,759.842,100,1/1000.0,1.7,0,default,24.0,32.10463,35.209721,5379,32.10507736101149,35.209721,49.79999999999999,0.0
2240,33,2026-04-27,15:28:49.969,49.8,759.842,100,1/1000.0,1.7,0,default,24.0,32.10463,35.209721,5379,32.10507736101149,35.209721,49.79999999999999,0.0
2241,34,2026-04-27,15:28:50.003,49.8,759.842,100,1/1000.0,1.7,0,default,24.0,32.10463,35.209721,5380,32.10507736101149,35.209721,49.79999999999999,0.0
2242,33,2026-04-27,15:28:50.036,49.8,759.842,100,1/1000.0,1.7,0,default,24.0,32.10463,35.209721,5380,32.10507736101149,35.209721,49.79999999999999,0.0
2243,34,2026-04-27,15:28:50.069,49.8,759.842,100,1/1000.0,1.7,0,default,24.0,32.10463,35.209721,5380,32.10507736101149,35.209721,49.79999999999999,0.0
2244,33,2026-04-27,15:28:50.102,49.8,759.842,100,1/1000.0,1.7,0,default,24.0,32.10463,35.209721,5380,32.10507736101149,35.209721,49.79999999999999,0.0
2245,33,2026-04-27,15:28:50.136,49.8,759.842,100,1/1000.0,1.7,0,default,24.0,32.10463,35.209721,5381,32.10507736101149,35.209721,49.79999999999999,0.0
2246,34,2026-04-27,15:28:50.169,49.8,759.842,100,1/1000.0,1.7,0,default,24.0,32.10463,35.209721,5382,32.10507736101149,35.209721,49.79999999999999,0.0
2247,33,2026-04-27,15:28:50.202,49.8,759.842,100,1/1000.0,1.7,0,default,24.0,32.10463,35.209721,5382,32.10507736101149,35.209721,49.79999999999999,0.0
2248,33,2026-04-27,15:28:50.236,49.8,759.842,100,1/1000.0,1.7,0,default,24.0,32.10463,35.209721,5382,32.10507736101149,35.209721,49.79999999999999,0.0
2249,34,2026-04-27,15:28:50.269,49.8,759.842,100,1/1000.0,1.7,0,default,24.0,32.10463,35.209721,5382,32.10507736101149,35.209721,49.79999999999999,0.0
2250,33,2026-04-27,15:28:50.303,49.8,759.842,100,1/1000.0,1.7,0,default,24.0,32.10463,35.209721,5382,32.10507736101149,35.209721,49.79999999999999,0.0
2251,34,2026-04-27,15:28:50.336,49.8,759.842,100,1/1000.0,1.7,0,default,24.0,32.10463,35.209721,5383,32.10507736101149,35.209721,49.79999999999999,0.0
2252,33,2026-04-27,15:28:50.370,49.8,759.842,100,1/1000.0,1.7,0,default,24.0,32.10463,35.209721,5383,32.10507736101149,35.209721,49.79999999999999,0.0
2253,33,2026-04-27,15:28:50.403,49.8,759.842,100,1/1000.0,1.7,0,default,24.0,32.10463,35.209721,5384,32.10507736101149,35.209721,49.79999999999999,0.0
2254,34,2026-04-27,15:28:50.436,49.8,759.842,100,1/1000.0,1.7,0,default,24.0,32.10463,35.209721,5385,32.10507736101149,35.209721,49.79999999999999,0.0
2255,33,2026-04-27,15:28:50.470,49.8,759.842,100,1/1000.0,1.7,0,default,24.0,32.10463,35.209721,5385,32.10507736101149,35.209721,49.79999999999999,0.0
2256,33,2026-04-27,15:28:50.503,49.8,759.842,100,1/1000.0,1.7,0,default,24.0,32.10463,35.209721,5386,32.10507736101149,35.209721,49.79999999999999,0.0
2257,34,2026-04-27,15:28:50.536,49.8,759.842,100,1/1000.0,1.7,0,default,24.0,32.10463,35.209721,5386,32.10507736101149,35.209721,49.79999999999999,0.0
2258,33,2026-04-27,15:28:50.569,49.8,759.842,100,1/1000.0,1.7,0,default,24.0,32.10463,35.209721,5386,32.10507736101149,35.209721,49.79999999999999,0.0
2259,33,2026-04-27,15:28:50.603,49.8,759.842,100,1/1000.0,1.7,0,default,24.0,32.10463,35.209721,5386,32.10507736101149,35.209721,49.79999999999999,0.0
2260,34,2026-04-27,15:28:50.637,49.8,759.842,100,1/1000.0,1.7,0,default,24.0,32.10463,35.209721,5386,32.10507736101149,35.209721,49.79999999999999,0.0
2261,33,2026-04-27,15:28:50.670,49.8,759.842,100,1/1000.0,1.7,0,default,24.0,32.10463,35.209721,5386,32.10418263898851,35.209721,49.79999999999999,180.0
2262,34,2026-04-27,15:28:50.704,49.7,759.742,100,1/1000.0,1.7,0,default,24.0,32.104629,35.20972,5386,32.10418253730379,35.20972,49.699999999999996,180.0
2263,33,2026-04-27,15:28:50.737,49.7,759.742,100,1/1000.0,1.7,0,default,24.0,32.104629,35.20972,5386,32.10418253730379,35.20972,49.699999999999996,180.0
2264,33,2026-04-27,15:28:50.770,49.7,759.742,100,1/1000.0,1.7,0,default,24.0,32.104629,35.20972,5386,32.1042516701528,35.20943827379346,49.699999999999996,212.31153325581525
2265,34,2026-04-27,15:28:50.803,49.7,759.742,100,1/1000.0,1.7,0,default,24.0,32.104629,35.20972,5386,32.1042516701528,35.20943827379346,49.699999999999996,212.31153325581525
2266,33,2026-04-27,15:28:50.837,49.7,759.742,100,1/1000.0,1.7,0,default,24.0,32.104629,35.20972,5386,32.1042516701528,35.20943827379346,49.699999999999996,212.31153325581525
2267,33,2026-04-27,15:28:50.870,49.7,759.742,100,1/1000.0,1.7,0,default,24.0,32.104629,35.20972,5386,32.10425167015242,35.20943827379417,49.699999999999996,212.31153316385826
2268,34,2026-04-27,15:28:50.904,49.7,759.742,100,1/1000.0,1.7,0,default,24.0,32.104628,35.20972,5386,32.10425067015242,35.20943827379726,49.699999999999996,212.31153316385826
2269,33,2026-04-27,15:28:50.937,49.7,759.742,100,1/1000.0,1.7,0,default,24.0,32.104628,35.20972,5386,32.10425067015242,35.20943827379726,49.699999999999996,212.31153316385826
2270,33,2026-04-27,15:28:50.970,49.7,759.742,100,1/1000.0,1.7,0,default,24.0,32.104628,35.20972,5386,32.10423829540947,35.20946282033896,49.699999999999996,209.2059322526013
2271,34,2026-04-27,15:28:51.004,49.7,759.742,100,1/1000.0,1.7,0,default,24.0,32.104626,35.209719,5386,32.10423629540948,35.2094618203446,49.699999999999996,209.2059322526013
2272,33,2026-04-27,15:28:51.037,49.7,759.742,100,1/1000.0,1.7,0,default,24.0,32.104626,35.209719,5386,32.10423629540948,35.2094618203446,49.699999999999996,209.2059322526013
2273,34,2026-04-27,15:28:51.070,49.7,759.742,100,1/1000.0,1.7,0,default,24.0,32.104626,35.209719,5386,32.10423274211633,35.20946947220167,49.699999999999996,208.25731169720996
2274,33,2026-04-27,15:28:51.103,49.7,759.742,100,1/1000.0,1.7,0,default,24.0,32.104624,35.209717,5385,32.10423074211633,35.20946747220713,49.699999999999996,208.25731169720996
2275,33,2026-04-27,15:28:51.137,49.7,759.742,100,1/1000.0,1.7,0,default,24.0,32.104624,35.209717,5384,32.10423074211633,35.20946747220713,49.699999999999996,208.25731169720996
2276,34,2026-04-27,15:28:51.171,49.7,759.742,100,1/1000.0,1.7,0,default,24.0,32.104624,35.209717,5383,32.10423074211633,35.20946747220713,49.699999999999996,208.25731169720996
2277,33,2026-04-27,15:28:51.204,49.7,759.742,100,1/1000.0,1.7,0,default,24.0,32.104622,35.209716,5382,32.10422874211633,35.2094664722126,49.699999999999996,208.25731169720996
2278,33,2026-04-27,15:28:51.237,49.7,759.742,100,1/1000.0,1.7,0,default,24.0,32.104622,35.209716,5381,32.10422874211633,35.2094664722126,49.699999999999996,208.25731169720996
2279,34,2026-04-27,15:28:51.271,49.7,759.742,100,1/1000.0,1.7,0,default,24.0,32.104622,35.209716,5381,32.10422874211633,35.2094664722126,49.699999999999996,208.25731169720996
2280,33,2026-04-27,15:28:51.304,49.7,759.742,100,1/1000.0,1.7,0,default,24.0,32.10462,35.209715,5380,32.104226742116325,35.209465472218064,49.699999999999996,208.25731169720996
2281,34,2026-04-27,15:28:51.337,49.7,759.742,100,1/1000.0,1.7,0,default,24.0,32.10462,35.209715,5380,32.104226742116325,35.209465472218064,49.699999999999996,208.25731169720996
2282,33,2026-04-27,15:28:51.371,49.7,759.742,100,1/1000.0,1.7,0,default,24.0,32.10462,35.209715,5379,32.104226742116325,35.209465472218064,49.699999999999996,208.25731169720996
2283,33,2026-04-27,15:28:51.404,49.7,759.742,100,1/1000.0,1.7,0,default,24.0,32.104617,35.209713,5379,32.104223742116325,35.20946347222626,49.699999999999996,208.25731169720996
2284,34,2026-04-27,15:28:51.437,49.7,759.742,100,1/1000.0,1.7,0,default,24.0,32.104617,35.209713,5379,32.104223742116325,35.20946347222626,49.699999999999996,208.25731169720996
2285,33,2026-04-27,15:28:51.471,49.7,759.742,100,1/1000.0,1.7,0,default,24.0,32.104617,35.209713,5379,32.104237269302324,35.20943580591444,49.699999999999996,211.73044753401987
2286,33,2026-04-27,15:28:51.504,49.7,759.742,100,1/1000.0,1.7,0,default,24.0,32.104615,35.209712,5379,32.10423526930233,35.20943480592051,49.699999999999996,211.73044753401987
2287,34,2026-04-27,15:28:51.537,49.7,759.742,100,1/1000.0,1.7,0,default,24.0,32.104615,35.209712,5379,32.10423526930233,35.20943480592051,49.699999999999996,211.73044753401987
2288,33,2026-04-27,15:28:51.571,49.7,759.742,100,1/1000.0,1.7,0,default,24.0,32.104615,35.209712,5379,32.104235269302215,35.20943480592073,49.699999999999996,211.73044750600346
2289,33,2026-04-27,15:28:51.604,49.7,759.742,100,1/1000.0,1.7,0,default,24.0,32.104612,35.20971,5379,32.104232269302216,35.209432805929836,49.699999999999996,211.73044750600346
2290,34,2026-04-27,15:28:51.637,49.7,759.742,100,1/1000.0,1.7,0,default,24.0,32.104612,35.20971,5379,32.104232269302216,35.209432805929836,49.699999999999996,211.73044750600346
2291,33,2026-04-27,15:28:51.671,49.7,759.742,100,1/1000.0,1.7,0,default,24.0,32.104612,35.20971,5379,32.10422916139636,35.2094388291611,49.699999999999996,210.9637565200997
2292,34,2026-04-27,15:28:51.704,49.7,759.742,100,1/1000.0,1.7,0,default,24.0,32.104609,35.209708,5379,32.10422616139636,35.20943682917001,49.699999999999996,210.9637565200997
2293,33,2026-04-27,15:28:51.737,49.7,759.742,100,1/1000.0,1.7,0,default,24.0,32.104609,35.209708,5379,32.10422616139636,35.20943682917001,49.699999999999996,210.9637565200997
2294,33,2026-04-27,15:28:51.771,49.7,759.742,100,1/1000.0,1.7,0,default,24.0,32.104609,35.209708,5379,32.10422616139636,35.20943682917001,49.699999999999996,210.9637565200997
2295,34,2026-04-27,15:28:51.805,49.7,759.742,100,1/1000.0,1.7,0,default,24.0,32.104605,35.209706,5379,32.10422216139636,35.20943482918188,49.699999999999996,210.9637565200997
2296,33,2026-04-27,15:28:51.838,49.7,759.742,100,1/1000.0,1.7,0,default,24.0,32.104605,35.209706,5379,32.10422216139636,35.20943482918188,49.699999999999996,210.9637565200997
2297,33,2026-04-27,15:28:51.871,49.7,759.742,100,1/1000.0,1.7,0,default,24.0,32.104605,35.209706,5379,32.10422216139636,35.20943482918188,49.699999999999996,210.9637565200997
2298,34,2026-04-27,15:28:51.904,49.7,759.742,100,1/1000.0,1.7,0,default,24.0,32.104602,35.209704,5379,32.10421916139636,35.209432829190796,49.699999999999996,210.9637565200997
2299,33,2026-04-27,15:28:51.938,49.7,759.742,100,1/1000.0,1.7,0,default,24.0,32.104602,35.209704,5379,32.10421916139636,35.209432829190796,49.699999999999996,210.9637565200997
2300,33,2026-04-27,15:28:51.971,49.7,759.742,100,1/1000.0,1.7,0,default,24.0,32.104602,35.209704,5379,32.10421916139636,35.209432829190796,49.699999999999996,210.9637565200997
2301,34,2026-04-27,15:28:52.005,49.7,759.742,100,1/1000.0,1.7,0,default,24.0,32.104598,35.209701,5379,32.10421516139636,35.209429829202676,49.699999999999996,210.9637565200997
2302,33,2026-04-27,15:28:52.037,49.7,759.742,100,1/1000.0,1.7,0,default,24.0,32.104598,35.209701,5379,32.10421516139636,35.209429829202676,49.699999999999996,210.9637565200997
2303,34,2026-04-27,15:28:52.071,49.7,759.742,100,1/1000.0,1.7,0,default,24.0,32.104598,35.209701,5379,32.10421516139636,35.209429829202676,49.699999999999996,210.9637565200997
2304,33,2026-04-27,15:28:52.105,49.7,759.742,100,1/1000.0,1.7,0,default,24.0,32.104594,35.209699,5379,32.10421116139636,35.20942782921455,49.699999999999996,210.9637565200997
2305,33,2026-04-27,15:28:52.138,49.7,759.742,100,1/1000.0,1.7,0,default,24.0,32.104594,35.209699,5379,32.10421116139636,35.20942782921455,49.699999999999996,210.9637565200997
2306,34,2026-04-27,15:28:52.171,49.7,759.742,100,1/1000.0,1.7,0,default,24.0,32.104594,35.209699,5379,32.10421116139636,35.20942782921455,49.699999999999996,210.9637565200997
2307,33,2026-04-27,15:28:52.205,49.7,759.742,100,1/1000.0,1.7,0,default,24.0,32.10459,35.209696,5379,32.10420716139636,35.20942482922643,49.699999999999996,210.9637565200997
2308,33,2026-04-27,15:28:52.238,49.7,759.742,100,1/1000.0,1.7,0,default,24.0,32.10459,35.209696,5380,32.10420716139636,35.20942482922643,49.699999999999996,210.9637565200997
2309,34,2026-04-27,15:28:52.272,49.7,759.742,100,1/1000.0,1.7,0,default,24.0,32.10459,35.209696,5381,32.10420716139636,35.20942482922643,49.699999999999996,210.9637565200997
2310,33,2026-04-27,15:28:52.305,49.7,759.742,100,1/1000.0,1.7,0,default,24.0,32.104585,35.209694,5382,32.10420216139636,35.20942282924127,49.699999999999996,210.9637565200997
2311,34,2026-04-27,15:28:52.338,49.7,759.742,100,1/1000.0,1.7,0,default,24.0,32.104585,35.209694,5382,32.10420216139636,35.20942282924127,49.699999999999996,210.9637565200997
2312,33,2026-04-27,15:28:52.372,49.7,759.742,100,1/1000.0,1.7,0,default,24.0,32.104585,35.209694,5382,32.104213520581936,35.20940163904017,49.699999999999996,213.6900674633473
2313,33,2026-04-27,15:28:52.405,49.7,759.742,100,1/1000.0,1.7,0,default,24.0,32.104581,35.209691,5382,32.10420952058194,35.20939863905298,49.699999999999996,213.6900674633473
2314,34,2026-04-27,15:28:52.438,49.7,759.742,100,1/1000.0,1.7,0,default,24.0,32.104581,35.209691,5382,32.10420952058194,35.20939863905298,49.699999999999996,213.6900674633473
2315,33,2026-04-27,15:28:52.472,49.7,759.742,100,1/1000.0,1.7,0,default,24.0,32.104581,35.209691,5383,32.10420952058194,35.20939863905298,49.699999999999996,213.6900674633473
2316,33,2026-04-27,15:28:52.505,49.7,759.742,100,1/1000.0,1.7,0,default,24.0,32.104576,35.209688,5384,32.10420452058194,35.20939563906899,49.699999999999996,213.6900674633473
2317,34,2026-04-27,15:28:52.539,49.7,759.742,100,1/1000.0,1.7,0,default,24.0,32.104576,35.209688,5384,32.10420452058194,35.20939563906899,49.699999999999996,213.6900674633473
2318,33,2026-04-27,15:28:52.572,49.7,759.742,100,1/1000.0,1.7,0,default,24.0,32.104576,35.209688,5384,32.10420452058194,35.20939563906899,49.699999999999996,213.6900674633473
2319,33,2026-04-27,15:28:52.604,49.7,759.742,100,1/1000.0,1.7,0,default,24.0,32.104571,35.209685,5384,32.104199520581936,35.209392639084996,49.699999999999996,213.6900674633473
2320,34,2026-04-27,15:28:52.638,49.7,759.742,100,1/1000.0,1.7,0,default,24.0,32.104571,35.209685,5384,32.104199520581936,35.209392639084996,49.699999999999996,213.6900674633473
2321,33,2026-04-27,15:28:52.671,49.7,759.742,100,1/1000.0,1.7,0,default,24.0,32.104571,35.209685,5384,32.10418816139636,35.209413829282845,49.699999999999996,210.9637565200997
2322,34,2026-04-27,15:28:52.705,49.7,759.742,100,1/1000.0,1.7,0,default,24.0,32.104566,35.209682,5384,32.10418316139636,35.209410829297695,49.699999999999996,210.9637565200997
2323,33,2026-04-27,15:28:52.739,49.7,759.742,100,1/1000.0,1.7,0,default,24.0,32.104566,35.209682,5384,32.10418316139636,35.209410829297695,49.699999999999996,210.9637565200997
2324,33,2026-04-27,15:28:52.771,49.7,759.742,100,1/1000.0,1.7,0,default,24.0,32.104566,35.209682,5384,32.10418316139636,35.209410829297695,49.699999999999996,210.9637565200997
2325,34,2026-04-27,15:28:52.806,49.7,759.742,100,1/1000.0,1.7,0,default,24.0,32.104561,35.209679,5384,32.104178161396355,35.20940782931254,49.699999999999996,210.9637565200997
2326,33,2026-04-27,15:28:52.839,49.7,759.742,100,1/1000.0,1.7,0,default,24.0,32.104561,35.209679,5384,32.104178161396355,35.20940782931254,49.699999999999996,210.9637565200997
2327,33,2026-04-27,15:28:52.872,49.7,759.742,100,1/1000.0,1.7,0,default,24.0,32.104561,35.209679,5384,32.104178161396355,35.20940782931254,49.699999999999996,210.9637565200997
2328,34,2026-04-27,15:28:52.906,49.7,759.742,100,1/1000.0,1.7,0,default,24.0,32.104555,35.209675,5384,32.104172161396356,35.209403829330356,49.699999999999996,210.9637565200997
2329,33,2026-04-27,15:28:52.939,49.7,759.742,100,1/1000.0,1.7,0,default,24.0,32.104555,35.209675,5384,32.104172161396356,35.209403829330356,49.699999999999996,210.9637565200997
2330,33,2026-04-27,15:28:52.972,49.7,759.742,100,1/1000.0,1.7,0,default,24.0,32.104555,35.209675,5384,32.104172161396356,35.209403829330356,49.699999999999996,210.9637565200997
2331,34,2026-04-27,15:28:53.006,49.7,759.742,100,1/1000.0,1.7,0,default,24.0,32.104549,35.209672,5383,32.10416616139636,35.20940082934817,49.699999999999996,210.9637565200997
2332,33,2026-04-27,15:28:53.039,49.7,759.742,100,1/1000.0,1.7,0,default,24.0,32.104549,35.209672,5383,32.10416616139636,35.20940082934817,49.699999999999996,210.9637565200997
2333,34,2026-04-27,15:28:53.072,49.7,759.742,100,1/1000.0,1.7,0,default,24.0,32.104549,35.209672,5382,32.10416616139636,35.20940082934817,49.699999999999996,210.9637565200997
2334,33,2026-04-27,15:28:53.105,49.7,759.742,100,1/1000.0,1.7,0,default,24.0,32.104545,35.209669,5382,32.10416216139636,35.20939782936005,49.699999999999996,210.9637565200997
2335,33,2026-04-27,15:28:53.139,49.7,759.742,100,1/1000.0,1.7,0,default,24.0,32.104545,35.209669,5381,32.10416216139636,35.20939782936005,49.699999999999996,210.9637565200997
2336,34,2026-04-27,15:28:53.173,49.7,759.742,100,1/1000.0,1.7,0,default,24.0,32.104545,35.209669,5380,32.10416216139636,35.20939782936005,49.699999999999996,210.9637565200997
2337,33,2026-04-27,15:28:53.206,49.7,759.742,100,1/1000.0,1.7,0,default,24.0,32.104538,35.209665,5379,32.104155161396356,35.209393829380836,49.699999999999996,210.9637565200997
2338,33,2026-04-27,15:28:53.239,49.7,759.742,100,1/1000.0,1.7,0,default,24.0,32.104538,35.209665,5379,32.104155161396356,35.209393829380836,49.699999999999996,210.9637565200997
2339,34,2026-04-27,15:28:53.273,49.7,759.742,100,1/1000.0,1.7,0,default,24.0,32.104538,35.209665,5378,32.104155161396356,35.209393829380836,49.699999999999996,210.9637565200997
2340,33,2026-04-27,15:28:53.306,49.7,759.742,100,1/1000.0,1.7,0,default,24.0,32.104532,35.209661,5376,32.10414916139636,35.209389829398646,49.699999999999996,210.9637565200997
2341,34,2026-04-27,15:28:53.339,49.7,759.742,100,1/1000.0,1.7,0,default,24.0,32.104532,35.209661,5375,32.10414916139636,35.209389829398646,49.699999999999996,210.9637565200997
2342,33,2026-04-27,15:28:53.373,49.7,759.742,100,1/1000.0,1.7,0,default,24.0,32.104532,35.209661,5373,32.10414916139636,35.209389829398646,49.699999999999996,210.9637565200997
2343,33,2026-04-27,15:28:53.406,49.7,759.742,100,1/1000.0,1.7,0,default,24.0,32.104526,35.209657,5372,32.10414316139636,35.20938582941647,49.699999999999996,210.9637565200997
2344,34,2026-04-27,15:28:53.439,49.7,759.742,100,1/1000.0,1.7,0,default,24.0,32.104526,35.209657,5371,32.10414316139636,35.20938582941647,49.699999999999996,210.9637565200997
2345,33,2026-04-27,15:28:53.472,49.7,759.742,100,1/1000.0,1.7,0,default,24.0,32.104526,35.209657,5369,32.10414316139636,35.20938582941647,49.699999999999996,210.9637565200997
2346,33,2026-04-27,15:28:53.506,49.7,759.742,100,1/1000.0,1.7,0,default,24.0,32.10452,35.209653,5368,32.10413716139636,35.209381829434285,49.699999999999996,210.9637565200997
2347,34,2026-04-27,15:28:53.540,49.7,759.742,100,1/1000.0,1.7,0,default,24.0,32.10452,35.209653,5367,32.10413716139636,35.209381829434285,49.699999999999996,210.9637565200997
2348,33,2026-04-27,15:28:53.573,49.7,759.742,100,1/1000.0,1.7,0,default,24.0,32.10452,35.209653,5365,32.10413716139636,35.209381829434285,49.699999999999996,210.9637565200997
2349,33,2026-04-27,15:28:53.605,49.7,759.742,100,1/1000.0,1.7,0,default,24.0,32.104513,35.209649,5364,32.104130161396355,35.20937782945507,49.699999999999996,210.9637565200997
2350,34,2026-04-27,15:28:53.640,49.7,759.742,100,1/1000.0,1.7,0,default,24.0,32.104513,35.209649,5363,32.104130161396355,35.20937782945507,49.699999999999996,210.9637565200997
2351,33,2026-04-27,15:28:53.673,49.7,759.742,100,1/1000.0,1.7,0,default,24.0,32.104513,35.209649,5362,32.104130161396355,35.20937782945507,49.699999999999996,210.9637565200997
2352,34,2026-04-27,15:28:53.706,49.7,759.742,100,1/1000.0,1.7,0,default,24.0,32.104506,35.209645,5361,32.10412316139636,35.20937382947586,49.699999999999996,210.9637565200997
2353,33,2026-04-27,15:28:53.740,49.7,759.742,100,1/1000.0,1.7,0,default,24.0,32.104506,35.209645,5360,32.10412316139636,35.20937382947586,49.699999999999996,210.9637565200997
2354,33,2026-04-27,15:28:53.773,49.7,759.742,100,1/1000.0,1.7,0,default,24.0,32.104506,35.209645,5359,32.10412316139636,35.20937382947586,49.699999999999996,210.9637565200997
2355,34,2026-04-27,15:28:53.807,49.7,759.742,100,1/1000.0,1.7,0,default,24.0,32.1045,35.209641,5358,32.10411716139636,35.209369829493674,49.699999999999996,210.9637565200997
2356,33,2026-04-27,15:28:53.840,49.7,759.742,100,1/1000.0,1.7,0,default,24.0,32.1045,35.209641,5357,32.10411716139636,35.209369829493674,49.699999999999996,210.9637565200997
2357,33,2026-04-27,15:28:53.873,49.7,759.742,100,1/1000.0,1.7,0,default,24.0,32.1045,35.209641,5355,32.10411236182595,35.20937950465061,49.699999999999996,209.74488133452166
2358,34,2026-04-27,15:28:53.907,49.8,759.842,100,1/1000.0,1.7,0,default,24.0,32.104493,35.209637,5354,32.10410458186986,35.209374978523115,49.79999999999999,209.74488133452166
2359,33,2026-04-27,15:28:53.939,49.8,759.842,100,1/1000.0,1.7,0,default,24.0,32.104493,35.209637,5353,32.10410458186986,35.209374978523115,49.79999999999999,209.74488133452166
2360,33,2026-04-27,15:28:53.973,49.8,759.842,100,1/1000.0,1.7,0,default,24.0,32.104493,35.209637,5351,32.10410458186976,35.209374978523314,49.79999999999999,209.74488130946867
2361,34,2026-04-27,15:28:54.007,49.8,759.842,100,1/1000.0,1.7,0,default,24.0,32.104487,35.209633,5349,32.10409858186976,35.20937097854053,49.79999999999999,209.74488130946867
2362,33,2026-04-27,15:28:54.040,49.8,759.842,100,1/1000.0,1.7,0,default,24.0,32.104487,35.209633,5348,32.10409858186976,35.20937097854053,49.79999999999999,209.74488130946867
2363,34,2026-04-27,15:28:54.073,49.8,759.842,100,1/1000.0,1.7,0,default,24.0,32.104487,35.209633,5347,32.10409858186976,35.20937097854053,49.79999999999999,209.74488130946867
2364,33,2026-04-27,15:28:54.106,49.8,759.842,100,1/1000.0,1.7,0,default,24.0,32.10448,35.209629,5345,32.10409158186977,35.20936697856061,49.79999999999999,209.74488130946867
2365,33,2026-04-27,15:28:54.140,49.8,759.842,100,1/1000.0,1.7,0,default,24.0,32.10448,35.209629,5344,32.10409158186977,35.20936697856061,49.79999999999999,209.74488130946867
2366,34,2026-04-27,15:28:54.172,49.8,759.842,100,1/1000.0,1.7,0,default,24.0,32.10448,35.209629,5343,32.10409158186977,35.20936697856061,49.79999999999999,209.74488130946867
2367,33,2026-04-27,15:28:54.207,49.8,759.842,100,1/1000.0,1.7,0,default,24.0,32.104472,35.209624,5342,32.104083581869766,35.209361978583566,49.79999999999999,209.74488130946867
2368,33,2026-04-27,15:28:54.240,49.8,759.842,100,1/1000.0,1.7,0,default,24.0,32.104472,35.209624,5341,32.104083581869766,35.209361978583566,49.79999999999999,209.74488130946867
2369,34,2026-04-27,15:28:54.274,49.8,759.842,100,1/1000.0,1.7,0,default,24.0,32.104472,35.209624,5341,32.104083581869766,35.209361978583566,49.79999999999999,209.74488130946867
2370,33,2026-04-27,15:28:54.307,49.8,759.842,100,1/1000.0,1.7,0,default,24.0,32.104465,35.209619,5341,32.10407658186976,35.20935697860366,49.79999999999999,209.74488130946867
2371,34,2026-04-27,15:28:54.340,49.8,759.842,100,1/1000.0,1.7,0,default,24.0,32.104465,35.209619,5340,32.10407658186976,35.20935697860366,49.79999999999999,209.74488130946867
2372,33,2026-04-27,15:28:54.374,49.8,759.842,100,1/1000.0,1.7,0,default,24.0,32.104465,35.209619,5340,32.10407658186976,35.20935697860366,49.79999999999999,209.74488130946867
2373,33,2026-04-27,15:28:54.407,49.8,759.842,100,1/1000.0,1.7,0,default,24.0,32.104458,35.209615,5339,32.104069581869766,35.209352978623734,49.79999999999999,209.74488130946867
2374,34,2026-04-27,15:28:54.440,49.8,759.842,100,1/1000.0,1.7,0,default,24.0,32.104458,35.209615,5339,32.104069581869766,35.209352978623734,49.79999999999999,209.74488130946867
2375,33,2026-04-27,15:28:54.474,49.8,759.842,100,1/1000.0,1.7,0,default,24.0,32.104458,35.209615,5338,32.104069581869695,35.20935297862388,49.79999999999999,209.744881290679
2376,33,2026-04-27,15:28:54.506,49.8,759.842,100,1/1000.0,1.7,0,default,24.0,32.104451,35.209611,5338,32.10406258186969,35.20934897864397,49.79999999999999,209.744881290679
2377,34,2026-04-27,15:28:54.541,49.8,759.842,100,1/1000.0,1.7,0,default,24.0,32.104451,35.209611,5337,32.10406258186969,35.20934897864397,49.79999999999999,209.744881290679
2378,33,2026-04-27,15:28:54.574,49.8,759.842,100,1/1000.0,1.7,0,default,24.0,32.104451,35.209611,5336,32.10406258186969,35.20934897864397,49.79999999999999,209.744881290679
2379,33,2026-04-27,15:28:54.607,49.8,759.842,100,1/1000.0,1.7,0,default,24.0,32.104443,35.209606,5335,32.1040545818697,35.20934397866692,49.79999999999999,209.744881290679
2380,34,2026-04-27,15:28:54.641,49.8,759.842,100,1/1000.0,1.7,0,default,24.0,32.104443,35.209606,5334,32.1040545818697,35.20934397866692,49.79999999999999,209.744881290679
2381,33,2026-04-27,15:28:54.673,49.8,759.842,100,1/1000.0,1.7,0,default,24.0,32.104443,35.209606,5333,32.1040545818696,35.20934397866713,49.79999999999999,209.744881265626
2382,34,2026-04-27,15:28:54.707,49.8,759.842,100,1/1000.0,1.7,0,default,24.0,32.104436,35.209602,5332,32.104047581869594,35.209339978687204,49.79999999999999,209.744881265626
2383,33,2026-04-27,15:28:54.741,49.8,759.842,100,1/1000.0,1.7,0,default,24.0,32.104436,35.209602,5330,32.104047581869594,35.209339978687204,49.79999999999999,209.744881265626
2384,33,2026-04-27,15:28:54.774,49.8,759.842,100,1/1000.0,1.7,0,default,24.0,32.104436,35.209602,5330,32.104047581869594,35.209339978687204,49.79999999999999,209.744881265626
2385,34,2026-04-27,15:28:54.808,49.8,759.842,100,1/1000.0,1.7,0,default,24.0,32.104428,35.209598,5329,32.10403958186959,35.209335978710165,49.79999999999999,209.744881265626
2386,33,2026-04-27,15:28:54.841,49.8,759.842,100,1/1000.0,1.7,0,default,24.0,32.104428,35.209598,5327,32.10403958186959,35.209335978710165,49.79999999999999,209.744881265626
2387,33,2026-04-27,15:28:54.874,49.8,759.842,100,1/1000.0,1.7,0,default,24.0,32.104428,35.209598,5326,32.10403693611679,35.20934152186946,49.79999999999999,209.05460411059912
2388,34,2026-04-27,15:28:54.908,49.8,759.842,100,1/1000.0,1.7,0,default,24.0,32.10442,35.209594,5324,32.10402893611679,35.20933752189194,49.79999999999999,209.05460411059912
2389,33,2026-04-27,15:28:54.940,49.8,759.842,100,1/1000.0,1.7,0,default,24.0,32.10442,35.209594,5323,32.10402893611679,35.20933752189194,49.79999999999999,209.05460411059912
2390,33,2026-04-27,15:28:54.974,49.8,759.842,100,1/1000.0,1.7,0,default,24.0,32.10442,35.209594,5322,32.1040198681472,35.20935781722136,49.79999999999999,206.56505119743352
2391,34,2026-04-27,15:28:55.008,49.8,759.842,100,1/1000.0,1.7,0,default,24.0,32.104413,35.209591,5320,32.1040128681472,35.20935481723946,49.79999999999999,206.56505119743352
2392,33,2026-04-27,15:28:55.041,49.8,759.842,100,1/1000.0,1.7,0,default,24.0,32.104413,35.209591,5319,32.1040128681472,35.20935481723946,49.79999999999999,206.56505119743352
2393,34,2026-04-27,15:28:55.074,49.8,759.842,100,1/1000.0,1.7,0,default,24.0,32.104413,35.209591,5317,32.1040128681472,35.20935481723946,49.79999999999999,206.56505119743352
2394,33,2026-04-27,15:28:55.107,49.8,759.842,100,1/1000.0,1.7,0,default,24.0,32.104406,35.209587,5316,32.1040058681472,35.20935081725756,49.79999999999999,206.56505119743352
2395,33,2026-04-27,15:28:55.141,49.8,759.842,100,1/1000.0,1.7,0,default,24.0,32.104406,35.209587,5315,32.1040058681472,35.20935081725756,49.79999999999999,206.56505119743352
2396,34,2026-04-27,15:28:55.174,49.8,759.842,100,1/1000.0,1.7,0,default,24.0,32.104406,35.209587,5314,32.10400586814713,35.20935081725773,49.79999999999999,206.565051177078
2397,33,2026-04-27,15:28:55.208,49.7,759.742,100,1/1000.0,1.7,0,default,24.0,32.104397,35.209583,5313,32.10399767162475,35.209347291543494,49.699999999999996,206.565051177078
2398,33,2026-04-27,15:28:55.241,49.7,759.742,100,1/1000.0,1.7,0,default,24.0,32.104397,35.209583,5312,32.10399767162475,35.209347291543494,49.699999999999996,206.565051177078
2399,34,2026-04-27,15:28:55.275,49.7,759.742,100,1/1250.0,1.7,0,default,24.0,32.104397,35.209583,5311,32.103997671624676,35.209347291543665,49.699999999999996,206.5650511567224
2400,33,2026-04-27,15:28:55.308,49.7,759.742,100,1/1250.0,1.7,0,default,24.0,32.104389,35.209579,5310,32.103989671624674,35.20934329156431,49.699999999999996,206.5650511567224
2401,34,2026-04-27,15:28:55.340,49.7,759.742,100,1/1250.0,1.7,0,default,24.0,32.104389,35.209579,5309,32.103989671624674,35.20934329156431,49.699999999999996,206.5650511567224
2402,33,2026-04-27,15:28:55.375,49.7,759.742,100,1/1250.0,1.7,0,default,24.0,32.104389,35.209579,5308,32.103989671624674,35.20934329156431,49.699999999999996,206.5650511567224
2403,33,2026-04-27,15:28:55.408,49.7,759.742,100,1/1250.0,1.7,0,default,24.0,32.104382,35.209576,5307,32.10398267162468,35.20934029158238,49.699999999999996,206.5650511567224
2404,34,2026-04-27,15:28:55.441,49.7,759.742,100,1/1250.0,1.7,0,default,24.0,32.104382,35.209576,5306,32.10398267162468,35.20934029158238,49.699999999999996,206.5650511567224
2405,33,2026-04-27,15:28:55.474,49.7,759.742,100,1/1250.0,1.7,0,default,24.0,32.104382,35.209576,5306,32.10397401723214,35.20936194064189,49.699999999999996,203.96248896198708
2406,33,2026-04-27,15:28:55.508,49.7,759.742,100,1/1250.0,1.7,0,default,24.0,32.104373,35.209571,5305,32.10396501723214,35.209356940662985,49.699999999999996,203.96248896198708
2407,34,2026-04-27,15:28:55.541,49.7,759.742,100,1/1250.0,1.7,0,default,24.0,32.104373,35.209571,5304,32.10396501723214,35.209356940662985,49.699999999999996,203.96248896198708
2408,33,2026-04-27,15:28:55.575,49.7,759.742,100,1/1250.0,1.7,0,default,24.0,32.104373,35.209571,5303,32.10396501723214,35.209356940662985,49.699999999999996,203.96248896198708
2409,33,2026-04-27,15:28:55.607,49.7,759.742,100,1/1250.0,1.7,0,default,24.0,32.104364,35.209567,5303,32.103956017232136,35.209352940684084,49.699999999999996,203.96248896198708
2410,34,2026-04-27,15:28:55.641,49.7,759.742,100,1/1250.0,1.7,0,default,24.0,32.104364,35.209567,5302,32.103956017232136,35.209352940684084,49.699999999999996,203.96248896198708
2411,33,2026-04-27,15:28:55.675,49.7,759.742,100,1/1250.0,1.7,0,default,24.0,32.104364,35.209567,5302,32.10395601723208,35.20935294068423,49.699999999999996,203.962488945199
2412,34,2026-04-27,15:28:55.708,49.7,759.742,100,1/1250.0,1.7,0,default,24.0,32.104356,35.209563,5302,32.103948017232085,35.20934894070298,49.699999999999996,203.962488945199
2413,33,2026-04-27,15:28:55.742,49.7,759.742,100,1/1250.0,1.7,0,default,24.0,32.104356,35.209563,5302,32.103948017232085,35.20934894070298,49.699999999999996,203.962488945199
2414,33,2026-04-27,15:28:55.775,49.7,759.742,100,1/1250.0,1.7,0,default,24.0,32.104356,35.209563,5302,32.10394563603172,35.2093553809358,49.699999999999996,203.19859052066735
2415,34,2026-04-27,15:28:55.808,49.8,759.842,100,1/1250.0,1.7,0,default,24.0,32.104348,35.209559,5302,32.10393681034969,35.209350963209424,49.79999999999999,203.19859052066735
2416,33,2026-04-27,15:28:55.841,49.8,759.842,100,1/1250.0,1.7,0,default,24.0,32.104348,35.209559,5302,32.10393681034969,35.209350963209424,49.79999999999999,203.19859052066735
2417,33,2026-04-27,15:28:55.875,49.8,759.842,100,1/1250.0,1.7,0,default,24.0,32.104348,35.209559,5302,32.10393681034969,35.209350963209424,49.79999999999999,203.19859052066735
2418,34,2026-04-27,15:28:55.909,49.8,759.842,100,1/1250.0,1.7,0,default,24.0,32.10434,35.209556,5302,32.103928810349686,35.20934796322765,49.79999999999999,203.19859052066735
2419,33,2026-04-27,15:28:55.942,49.8,759.842,100,1/1250.0,1.7,0,default,24.0,32.10434,35.209556,5302,32.103928810349686,35.20934796322765,49.79999999999999,203.19859052066735
2420,33,2026-04-27,15:28:55.974,49.8,759.842,100,1/1250.0,1.7,0,default,24.0,32.10434,35.209556,5302,32.103928810349686,35.20934796322765,49.79999999999999,203.19859052066735
2421,34,2026-04-27,15:28:56.009,49.8,759.842,100,1/1250.0,1.7,0,default,24.0,32.104331,35.209552,5303,32.10391981034969,35.20934396324815,49.79999999999999,203.19859052066735
2422,33,2026-04-27,15:28:56.042,49.8,759.842,100,1/1250.0,1.7,0,default,24.0,32.104331,35.209552,5303,32.10391981034969,35.20934396324815,49.79999999999999,203.19859052066735
2423,34,2026-04-27,15:28:56.075,49.8,759.842,100,1/1250.0,1.7,0,default,24.0,32.104331,35.209552,5304,32.10392219634121,35.20933751005889,49.79999999999999,203.962488945199
2424,33,2026-04-27,15:28:56.108,49.8,759.842,100,1/1250.0,1.7,0,default,24.0,32.104322,35.209549,5304,32.10391319634121,35.209334510080026,49.79999999999999,203.962488945199
2425,33,2026-04-27,15:28:56.142,49.8,759.842,100,1/1250.0,1.7,0,default,24.0,32.104322,35.209549,5305,32.10391319634121,35.209334510080026,49.79999999999999,203.962488945199
2426,34,2026-04-27,15:28:56.176,49.8,759.842,100,1/1250.0,1.7,0,default,24.0,32.104322,35.209549,5305,32.10391319634121,35.209334510080026,49.79999999999999,203.962488945199
2427,33,2026-04-27,15:28:56.209,49.8,759.842,100,1/1250.0,1.7,0,default,24.0,32.104314,35.209547,5306,32.10390519634121,35.20933251009881,49.79999999999999,203.962488945199
2428,33,2026-04-27,15:28:56.242,49.8,759.842,100,1/1250.0,1.7,0,default,24.0,32.104314,35.209547,5307,32.10390519634121,35.20933251009881,49.79999999999999,203.962488945199
2429,34,2026-04-27,15:28:56.276,49.8,759.842,100,1/1250.0,1.7,0,default,24.0,32.104314,35.209547,5307,32.10390519634121,35.20933251009881,49.79999999999999,203.962488945199
2430,33,2026-04-27,15:28:56.309,49.8,759.842,100,1/1250.0,1.7,0,default,24.0,32.104307,35.209545,5309,32.103898196341206,35.20933051011525,49.79999999999999,203.962488945199
2431,34,2026-04-27,15:28:56.342,49.8,759.842,100,1/1250.0,1.7,0,default,24.0,32.104307,35.209545,5310,32.103898196341206,35.20933051011525,49.79999999999999,203.962488945199
2432,33,2026-04-27,15:28:56.376,49.8,759.842,100,1/1250.0,1.7,0,default,24.0,32.104307,35.209545,5312,32.103898196341206,35.20933051011525,49.79999999999999,203.962488945199
2433,33,2026-04-27,15:28:56.408,49.8,759.842,100,1/1250.0,1.7,0,default,24.0,32.104298,35.209542,5314,32.10388919634121,35.20932751013639,49.79999999999999,203.962488945199
2434,34,2026-04-27,15:28:56.443,49.8,759.842,100,1/1250.0,1.7,0,default,24.0,32.104298,35.209542,5315,32.10388919634121,35.20932751013639,49.79999999999999,203.962488945199
2435,33,2026-04-27,15:28:56.476,49.8,759.842,100,1/1250.0,1.7,0,default,24.0,32.104298,35.209542,5316,32.10388919634126,35.20932751013625,49.79999999999999,203.96248896198708
2436,33,2026-04-27,15:28:56.509,49.8,759.842,100,1/1250.0,1.7,0,default,24.0,32.104289,35.209539,5317,32.10388019634126,35.20932451015739,49.79999999999999,203.96248896198708
2437,34,2026-04-27,15:28:56.543,49.8,759.842,100,1/1250.0,1.7,0,default,24.0,32.104289,35.209539,5318,32.10388019634126,35.20932451015739,49.79999999999999,203.96248896198708
2438,33,2026-04-27,15:28:56.576,49.8,759.842,100,1/1250.0,1.7,0,default,24.0,32.104289,35.209539,5319,32.10388019634126,35.20932451015739,49.79999999999999,203.96248896198708
2439,33,2026-04-27,15:28:56.608,49.8,759.842,100,1/1250.0,1.7,0,default,24.0,32.104281,35.209536,5319,32.10387219634126,35.20932151017618,49.79999999999999,203.96248896198708
2440,34,2026-04-27,15:28:56.643,49.8,759.842,100,1/1250.0,1.7,0,default,24.0,32.104281,35.209536,5320,32.10387219634126,35.20932151017618,49.79999999999999,203.96248896198708
2441,33,2026-04-27,15:28:56.675,49.8,759.842,100,1/1250.0,1.7,0,default,24.0,32.104281,35.209536,5321,32.10388086814706,35.20929981758118,49.79999999999999,206.5650511567224
2442,34,2026-04-27,15:28:56.709,49.8,759.842,100,1/1250.0,1.7,0,default,24.0,32.104273,35.209533,5321,32.10387286814706,35.209296817601874,49.79999999999999,206.5650511567224
2443,33,2026-04-27,15:28:56.743,49.8,759.842,100,1/1250.0,1.7,0,default,24.0,32.104273,35.209533,5321,32.10387286814706,35.209296817601874,49.79999999999999,206.5650511567224
2444,33,2026-04-27,15:28:56.776,49.8,759.842,100,1/1250.0,1.7,0,default,24.0,32.104273,35.209533,5321,32.10387286814706,35.209296817601874,49.79999999999999,206.5650511567224
2445,34,2026-04-27,15:28:56.809,49.8,759.842,100,1/1250.0,1.7,0,default,24.0,32.104263,35.209529,5321,32.10386286814706,35.209292817627734,49.79999999999999,206.5650511567224
2446,33,2026-04-27,15:28:56.842,49.8,759.842,100,1/1250.0,1.7,0,default,24.0,32.104263,35.209529,5322,32.10386286814706,35.209292817627734,49.79999999999999,206.5650511567224
2447,33,2026-04-27,15:28:56.876,49.8,759.842,100,1/1250.0,1.7,0,default,24.0,32.104263,35.209529,5322,32.10386286814706,35.209292817627734,49.79999999999999,206.5650511567224
2448,34,2026-04-27,15:28:56.909,49.8,759.842,100,1/1250.0,1.7,0,default,24.0,32.104255,35.209525,5323,32.10385486814706,35.20928881764842,49.79999999999999,206.5650511567224
2449,33,2026-04-27,15:28:56.942,49.8,759.842,100,1/1250.0,1.7,0,default,24.0,32.104255,35.209525,5323,32.10385486814706,35.20928881764842,49.79999999999999,206.5650511567224
2450,33,2026-04-27,15:28:56.977,49.8,759.842,100,1/1250.0,1.7,0,default,24.0,32.104255,35.209525,5323,32.1038548681472,35.20928881764809,49.79999999999999,206.56505119743352
2451,34,2026-04-27,15:28:57.010,49.8,759.842,100,1/1250.0,1.7,0,default,24.0,32.104247,35.209521,5323,32.1038468681472,35.20928481766878,49.79999999999999,206.56505119743352
2452,33,2026-04-27,15:28:57.043,49.8,759.842,100,1/1250.0,1.7,0,default,24.0,32.104247,35.209521,5323,32.1038468681472,35.20928481766878,49.79999999999999,206.56505119743352
2453,34,2026-04-27,15:28:57.076,49.8,759.842,100,1/1250.0,1.7,0,default,24.0,32.104247,35.209521,5323,32.103858581869765,35.20925897922914,49.79999999999999,209.74488130946867
2454,33,2026-04-27,15:28:57.109,49.8,759.842,100,1/1250.0,1.7,0,default,24.0,32.10424,35.209517,5324,32.10385158186976,35.20925497924922,49.79999999999999,209.74488130946867
2455,33,2026-04-27,15:28:57.143,49.8,759.842,100,1/1250.0,1.7,0,default,24.0,32.10424,35.209517,5324,32.10385158186976,35.20925497924922,49.79999999999999,209.74488130946867
2456,34,2026-04-27,15:28:57.177,49.8,759.842,100,1/1250.0,1.7,0,default,24.0,32.10424,35.209517,5325,32.103867773138646,35.209224051895106,49.79999999999999,213.69006751032165
2457,33,2026-04-27,15:28:57.210,49.8,759.842,100,1/1250.0,1.7,0,default,24.0,32.104233,35.209512,5325,32.10386077313865,35.20921905191756,49.79999999999999,213.69006751032165
2458,33,2026-04-27,15:28:57.243,49.8,759.842,100,1/1250.0,1.7,0,default,24.0,32.104233,35.209512,5326,32.10386077313865,35.20921905191756,49.79999999999999,213.69006751032165
2459,34,2026-04-27,15:28:57.277,49.8,759.842,100,1/1250.0,1.7,0,default,24.0,32.104233,35.209512,5326,32.103868967371035,35.209205036679386,49.79999999999999,215.53767774796233
2460,33,2026-04-27,15:28:57.310,49.8,759.842,100,1/1250.0,1.7,0,default,24.0,32.104227,35.209508,5327,32.103862967371036,35.209201036699554,49.79999999999999,215.53767774796233
2461,34,2026-04-27,15:28:57.343,49.8,759.842,100,1/1250.0,1.7,0,default,24.0,32.104227,35.209508,5327,32.103862967371036,35.209201036699554,49.79999999999999,215.53767774796233
2462,33,2026-04-27,15:28:57.377,49.8,759.842,100,1/1250.0,1.7,0,default,24.0,32.104227,35.209508,5327,32.103862967371214,35.20920103669927,49.79999999999999,215.5376777864729
2463,33,2026-04-27,15:28:57.410,49.8,759.842,100,1/1250.0,1.7,0,default,24.0,32.10422,35.209503,5327,32.10385596737121,35.209196036722794,49.79999999999999,215.5376777864729
2464,34,2026-04-27,15:28:57.443,49.8,759.842,100,1/1250.0,1.7,0,default,24.0,32.10422,35.209503,5327,32.10385596737121,35.209196036722794,49.79999999999999,215.5376777864729
2465,33,2026-04-27,15:28:57.477,49.8,759.842,100,1/1250.0,1.7,0,default,24.0,32.10422,35.209503,5327,32.10385596737133,35.20919603672259,49.79999999999999,215.5376778139804
2466,33,2026-04-27,15:28:57.510,49.8,759.842,100,1/1250.0,1.7,0,default,24.0,32.104214,35.209498,5327,32.10384996737133,35.20919103674276,49.79999999999999,215.5376778139804
2467,34,2026-04-27,15:28:57.544,49.8,759.842,100,1/1000.0,1.7,0,default,24.0,32.104214,35.209498,5327,32.10384996737133,35.20919103674276,49.79999999999999,215.5376778139804
2468,33,2026-04-27,15:28:57.576,49.8,759.842,100,1/1000.0,1.7,0,default,24.0,32.104214,35.209498,5327,32.103870327751174,35.209159906098975,49.79999999999999,219.80557106556935
2469,33,2026-04-27,15:28:57.610,49.8,759.842,100,1/1000.0,1.7,0,default,24.0,32.104207,35.209492,5327,32.10386332775118,35.20915390612488,49.79999999999999,219.80557106556935
2470,34,2026-04-27,15:28:57.643,49.8,759.842,100,1/1000.0,1.7,0,default,24.0,32.104207,35.209492,5327,32.10386332775118,35.20915390612488,49.79999999999999,219.80557106556935
2471,33,2026-04-27,15:28:57.676,49.8,759.842,100,1/1000.0,1.7,0,default,24.0,32.104207,35.209492,5327,32.10386332775138,35.2091539061246,49.79999999999999,219.8055711056131
2472,34,2026-04-27,15:28:57.710,49.8,759.842,100,1/1000.0,1.7,0,default,24.0,32.1042,35.209487,5327,32.10385632775137,35.209148906150524,49.79999999999999,219.8055711056131
2473,33,2026-04-27,15:28:57.744,49.8,759.842,100,1/1000.0,1.7,0,default,24.0,32.1042,35.209487,5327,32.10385632775137,35.209148906150524,49.79999999999999,219.8055711056131
2474,33,2026-04-27,15:28:57.777,49.8,759.842,100,1/1000.0,1.7,0,default,24.0,32.1042,35.209487,5327,32.1038603381986,35.209143304400875,49.79999999999999,220.6012946881103
2475,34,2026-04-27,15:28:57.811,49.8,759.842,100,1/1000.0,1.7,0,default,24.0,32.104195,35.209481,5327,32.1038553381986,35.20913730441969,49.79999999999999,220.6012946881103
2476,33,2026-04-27,15:28:57.844,49.8,759.842,100,1/1000.0,1.7,0,default,24.0,32.104195,35.209481,5328,32.1038553381986,35.20913730441969,49.79999999999999,220.6012946881103
2477,33,2026-04-27,15:28:57.876,49.8,759.842,100,1/1000.0,1.7,0,default,24.0,32.104195,35.209481,5328,32.10387866799497,35.20910756315821,49.79999999999999,224.99999997092064
2478,34,2026-04-27,15:28:57.910,49.8,759.842,100,1/1000.0,1.7,0,default,24.0,32.104189,35.209475,5328,32.10387266799497,35.20910156318275,49.79999999999999,224.99999997092064
2479,33,2026-04-27,15:28:57.944,49.8,759.842,100,1/1000.0,1.7,0,default,24.0,32.104189,35.209475,5329,32.10387266799497,35.20910156318275,49.79999999999999,224.99999997092064
2480,33,2026-04-27,15:28:57.977,49.8,759.842,100,1/1000.0,1.7,0,default,24.0,32.104189,35.209475,5329,32.10387266799497,35.20910156318275,49.79999999999999,224.99999997092064
2481,34,2026-04-27,15:28:58.011,49.8,759.842,100,1/1000.0,1.7,0,default,24.0,32.104184,35.209469,5330,32.10386766799497,35.2090955632032,49.79999999999999,224.99999997092064
2482,33,2026-04-27,15:28:58.044,49.8,759.842,100,1/1000.0,1.7,0,default,24.0,32.104184,35.209469,5330,32.10386766799497,35.2090955632032,49.79999999999999,224.99999997092064
2483,34,2026-04-27,15:28:58.076,49.8,759.842,100,1/1000.0,1.7,0,default,24.0,32.104184,35.209469,5330,32.10386766799513,35.20909556320301,49.79999999999999,224.99999999999997
2484,33,2026-04-27,15:28:58.110,49.8,759.842,100,1/1000.0,1.7,0,default,24.0,32.104178,35.209464,5330,32.10386166799513,35.20909056322754,49.79999999999999,224.99999999999997
2485,33,2026-04-27,15:28:58.144,49.8,759.842,100,1/1000.0,1.7,0,default,24.0,32.104178,35.209464,5330,32.10386166799513,35.20909056322754,49.79999999999999,224.99999999999997
2486,34,2026-04-27,15:28:58.178,49.8,759.842,100,1/1000.0,1.7,0,default,24.0,32.104178,35.209464,5331,32.10386166799513,35.20909056322754,49.79999999999999,224.99999999999997
2487,33,2026-04-27,15:28:58.211,49.8,759.842,100,1/1000.0,1.7,0,default,24.0,32.104172,35.209457,5331,32.103855667995134,35.20908356325208,49.79999999999999,224.99999999999997
2488,33,2026-04-27,15:28:58.244,49.8,759.842,100,1/1000.0,1.7,0,default,24.0,32.104172,35.209457,5332,32.103855667995134,35.20908356325208,49.79999999999999,224.99999999999997
2489,34,2026-04-27,15:28:58.278,49.8,759.842,100,1/1000.0,1.7,0,default,24.0,32.104172,35.209457,5332,32.103855667995134,35.20908356325208,49.79999999999999,224.99999999999997
2490,33,2026-04-27,15:28:58.311,49.8,759.842,100,1/1000.0,1.7,0,default,24.0,32.104166,35.209451,5332,32.103849667995135,35.209077563276615,49.79999999999999,224.99999999999997
2491,34,2026-04-27,15:28:58.344,49.8,759.842,100,1/1000.0,1.7,0,default,24.0,32.104166,35.209451,5332,32.103849667995135,35.209077563276615,49.79999999999999,224.99999999999997
2492,33,2026-04-27,15:28:58.378,49.8,759.842,100,1/1000.0,1.7,0,default,24.0,32.104166,35.209451,5332,32.103849667995135,35.209077563276615,49.79999999999999,224.99999999999997
2493,33,2026-04-27,15:28:58.411,49.8,759.842,100,1/1000.0,1.7,0,default,24.0,32.10416,35.209445,5331,32.103843667995136,35.20907156330115,49.79999999999999,224.99999999999997
2494,34,2026-04-27,15:28:58.444,49.8,759.842,100,1/1000.0,1.7,0,default,24.0,32.10416,35.209445,5331,32.103843667995136,35.20907156330115,49.79999999999999,224.99999999999997
2495,33,2026-04-27,15:28:58.478,49.8,759.842,100,1/1000.0,1.7,0,default,24.0,32.10416,35.209445,5330,32.103843667995136,35.20907156330115,49.79999999999999,224.99999999999997
2496,33,2026-04-27,15:28:58.511,49.8,759.842,100,1/1000.0,1.7,0,default,24.0,32.104154,35.209439,5330,32.10383766799514,35.20906556332569,49.79999999999999,224.99999999999997
2497,34,2026-04-27,15:28:58.544,49.8,759.842,100,1/1000.0,1.7,0,default,24.0,32.104154,35.209439,5330,32.10383766799514,35.20906556332569,49.79999999999999,224.99999999999997
2498,33,2026-04-27,15:28:58.577,49.8,759.842,100,1/1000.0,1.7,0,default,24.0,32.104154,35.209439,5330,32.10383766799514,35.20906556332569,49.79999999999999,224.99999999999997
2499,33,2026-04-27,15:28:58.611,49.8,759.842,100,1/1000.0,1.7,0,default,24.0,32.104147,35.209432,5329,32.10383066799513,35.20905856335431,49.79999999999999,224.99999999999997
2500,34,2026-04-27,15:28:58.645,49.8,759.842,100,1/1000.0,1.7,0,default,24.0,32.104147,35.209432,5329,32.10383066799513,35.20905856335431,49.79999999999999,224.99999999999997
2501,33,2026-04-27,15:28:58.678,49.8,759.842,100,1/1000.0,1.7,0,default,24.0,32.104147,35.209432,5329,32.10383066799513,35.20905856335431,49.79999999999999,224.99999999999997
2502,34,2026-04-27,15:28:58.710,49.8,759.842,100,1/1000.0,1.7,0,default,24.0,32.104142,35.209427,5329,32.10382566799514,35.20905356337475,49.79999999999999,224.99999999999997
2503,33,2026-04-27,15:28:58.745,49.8,759.842,100,1/1000.0,1.7,0,default,24.0,32.104142,35.209427,5329,32.10382566799514,35.20905356337475,49.79999999999999,224.99999999999997
2504,33,2026-04-27,15:28:58.778,49.8,759.842,100,1/1000.0,1.7,0,default,24.0,32.104142,35.209427,5330,32.10382566799514,35.20905356337475,49.79999999999999,224.99999999999997
2505,34,2026-04-27,15:28:58.811,49.8,759.842,100,1/1000.0,1.7,0,default,24.0,32.104135,35.20942,5330,32.103818667995135,35.20904656340338,49.79999999999999,224.99999999999997
2506,33,2026-04-27,15:28:58.845,49.8,759.842,100,1/1000.0,1.7,0,default,24.0,32.104135,35.20942,5331,32.103818667995135,35.20904656340338,49.79999999999999,224.99999999999997
2507,33,2026-04-27,15:28:58.878,49.8,759.842,100,1/1000.0,1.7,0,default,24.0,32.104135,35.20942,5331,32.103818667995135,35.20904656340338,49.79999999999999,224.99999999999997
2508,34,2026-04-27,15:28:58.911,49.8,759.842,100,1/1000.0,1.7,0,default,24.0,32.104128,35.209413,5332,32.10381166799514,35.209039563432,49.79999999999999,224.99999999999997
2509,33,2026-04-27,15:28:58.944,49.8,759.842,100,1/1000.0,1.7,0,default,24.0,32.104128,35.209413,5332,32.10381166799514,35.209039563432,49.79999999999999,224.99999999999997
2510,33,2026-04-27,15:28:58.978,49.8,759.842,100,1/1000.0,1.7,0,default,24.0,32.104128,35.209413,5333,32.10381166799514,35.209039563432,49.79999999999999,224.99999999999997
2511,34,2026-04-27,15:28:59.012,49.8,759.842,100,1/1000.0,1.7,0,default,24.0,32.104122,35.209408,5333,32.10380566799513,35.20903456345654,49.79999999999999,224.99999999999997
2512,33,2026-04-27,15:28:59.045,49.8,759.842,100,1/1000.0,1.7,0,default,24.0,32.104122,35.209408,5333,32.10380566799513,35.20903456345654,49.79999999999999,224.99999999999997
2513,34,2026-04-27,15:28:59.078,49.8,759.842,100,1/1000.0,1.7,0,default,24.0,32.104122,35.209408,5334,32.10380566799513,35.20903456345654,49.79999999999999,224.99999999999997
2514,33,2026-04-27,15:28:59.111,49.8,759.842,100,1/1000.0,1.7,0,default,24.0,32.104116,35.209401,5334,32.10379966799513,35.20902756348107,49.79999999999999,224.99999999999997
2515,33,2026-04-27,15:28:59.145,49.8,759.842,100,1/1000.0,1.7,0,default,24.0,32.104116,35.209401,5335,32.10379966799513,35.20902756348107,49.79999999999999,224.99999999999997
2516,34,2026-04-27,15:28:59.179,49.8,759.842,100,1/1000.0,1.7,0,default,24.0,32.104116,35.209401,5336,32.10379966799513,35.20902756348107,49.79999999999999,224.99999999999997
2517,33,2026-04-27,15:28:59.212,49.8,759.842,100,1/1000.0,1.7,0,default,24.0,32.104108,35.209394,5337,32.10379166799513,35.209020563513796,49.79999999999999,224.99999999999997
2518,33,2026-04-27,15:28:59.245,49.8,759.842,100,1/1000.0,1.7,0,default,24.0,32.104108,35.209394,5337,32.10379166799513,35.209020563513796,49.79999999999999,224.99999999999997
2519,34,2026-04-27,15:28:59.279,49.8,759.842,100,1/1000.0,1.7,0,default,24.0,32.104108,35.209394,5337,32.10379166799513,35.209020563513796,49.79999999999999,224.99999999999997
2520,33,2026-04-27,15:28:59.311,49.8,759.842,100,1/1000.0,1.7,0,default,24.0,32.104101,35.209387,5338,32.103784667995136,35.20901356354241,49.79999999999999,224.99999999999997
2521,34,2026-04-27,15:28:59.345,49.8,759.842,100,1/1000.0,1.7,0,default,24.0,32.104101,35.209387,5338,32.103784667995136,35.20901356354241,49.79999999999999,224.99999999999997
2522,33,2026-04-27,15:28:59.379,49.8,759.842,100,1/1000.0,1.7,0,default,24.0,32.104101,35.209387,5339,32.103784667995136,35.20901356354241,49.79999999999999,224.99999999999997
2523,33,2026-04-27,15:28:59.412,49.8,759.842,100,1/1000.0,1.7,0,default,24.0,32.104095,35.209381,5339,32.10377866799514,35.20900756356695,49.79999999999999,224.99999999999997
2524,34,2026-04-27,15:28:59.445,49.8,759.842,100,1/1000.0,1.7,0,default,24.0,32.104095,35.209381,5340,32.10377866799514,35.20900756356695,49.79999999999999,224.99999999999997
2525,33,2026-04-27,15:28:59.479,49.8,759.842,100,1/1000.0,1.7,0,default,24.0,32.104095,35.209381,5340,32.10377866799514,35.20900756356695,49.79999999999999,224.99999999999997
2526,33,2026-04-27,15:28:59.512,49.8,759.842,100,1/1000.0,1.7,0,default,24.0,32.104088,35.209374,5341,32.10377166799513,35.20900056359557,49.79999999999999,224.99999999999997
2527,34,2026-04-27,15:28:59.546,49.8,759.842,100,1/1000.0,1.7,0,default,24.0,32.104088,35.209374,5342,32.10377166799513,35.20900056359557,49.79999999999999,224.99999999999997
2528,33,2026-04-27,15:28:59.579,49.8,759.842,100,1/1000.0,1.7,0,default,24.0,32.104088,35.209374,5343,32.10377166799513,35.20900056359557,49.79999999999999,224.99999999999997
2529,33,2026-04-27,15:28:59.612,49.8,759.842,100,1/1000.0,1.7,0,default,24.0,32.10408,35.209366,5344,32.10376366799514,35.20899256362829,49.79999999999999,224.99999999999997
2530,34,2026-04-27,15:28:59.646,49.8,759.842,100,1/1000.0,1.7,0,default,24.0,32.10408,35.209366,5346,32.10376366799514,35.20899256362829,49.79999999999999,224.99999999999997
2531,33,2026-04-27,15:28:59.678,49.8,759.842,100,1/1000.0,1.7,0,default,24.0,32.10408,35.209366,5347,32.10376366799514,35.20899256362829,49.79999999999999,224.99999999999997
2532,34,2026-04-27,15:28:59.712,49.8,759.842,100,1/1000.0,1.7,0,default,24.0,32.104075,35.20936,5349,32.10375866799514,35.20898656364873,49.79999999999999,224.99999999999997
2533,33,2026-04-27,15:28:59.746,49.8,759.842,100,1/1000.0,1.7,0,default,24.0,32.104075,35.20936,5350,32.10375866799514,35.20898656364873,49.79999999999999,224.99999999999997
2534,33,2026-04-27,15:28:59.779,49.8,759.842,100,1/1000.0,1.7,0,default,24.0,32.104075,35.20936,5352,32.10375866799514,35.20898656364873,49.79999999999999,224.99999999999997
2535,34,2026-04-27,15:28:59.812,49.8,759.842,100,1/1000.0,1.7,0,default,24.0,32.104067,35.209353,5354,32.103750667995136,35.208979563681446,49.79999999999999,224.99999999999997
2536,33,2026-04-27,15:28:59.846,49.8,759.842,100,1/1000.0,1.7,0,default,24.0,32.104067,35.209353,5356,32.103750667995136,35.208979563681446,49.79999999999999,224.99999999999997
2537,33,2026-04-27,15:28:59.879,49.8,759.842,100,1/1000.0,1.7,0,default,24.0,32.104067,35.209353,5357,32.103750667995136,35.208979563681446,49.79999999999999,224.99999999999997
2538,34,2026-04-27,15:28:59.913,49.8,759.842,100,1/1000.0,1.7,0,default,24.0,32.10406,35.209345,5359,32.10374366799513,35.20897156371007,49.79999999999999,224.99999999999997
2539,33,2026-04-27,15:28:59.946,49.8,759.842,100,1/1000.0,1.7,0,default,24.0,32.10406,35.209345,5360,32.10374366799513,35.20897156371007,49.79999999999999,224.99999999999997
2540,33,2026-04-27,15:28:59.979,49.8,759.842,100,1/1000.0,1.7,0,default,24.0,32.10406,35.209345,5362,32.10374366799513,35.20897156371007,49.79999999999999,224.99999999999997
2541,34,2026-04-27,15:29:00.013,49.8,759.842,100,1/1000.0,1.7,0,default,24.0,32.104054,35.209339,5363,32.103737667995134,35.20896556373461,49.79999999999999,224.99999999999997
2542,33,2026-04-27,15:29:00.046,49.8,759.842,100,1/1000.0,1.7,0,default,24.0,32.104054,35.209339,5365,32.103737667995134,35.20896556373461,49.79999999999999,224.99999999999997
2543,34,2026-04-27,15:29:00.079,49.8,759.842,100,1/1000.0,1.7,0,default,24.0,32.104054,35.209339,5367,32.103737667995134,35.20896556373461,49.79999999999999,224.99999999999997
2544,33,2026-04-27,15:29:00.112,49.8,759.842,100,1/1000.0,1.7,0,default,24.0,32.104046,35.209331,5370,32.10372966799513,35.20895756376732,49.79999999999999,224.99999999999997
2545,33,2026-04-27,15:29:00.146,49.8,759.842,100,1/1000.0,1.7,0,default,24.0,32.104046,35.209331,5371,32.10372966799513,35.20895756376732,49.79999999999999,224.99999999999997
2546,34,2026-04-27,15:29:00.179,49.8,759.842,100,1/1000.0,1.7,0,default,24.0,32.104046,35.209331,5373,32.10372966799513,35.20895756376732,49.79999999999999,224.99999999999997
2547,33,2026-04-27,15:29:00.212,49.8,759.842,100,1/1000.0,1.7,0,default,24.0,32.104039,35.209324,5375,32.103722667995136,35.208950563795945,49.79999999999999,224.99999999999997
2548,33,2026-04-27,15:29:00.246,49.8,759.842,100,1/1000.0,1.7,0,default,24.0,32.104039,35.209324,5377,32.103722667995136,35.208950563795945,49.79999999999999,224.99999999999997
2549,34,2026-04-27,15:29:00.279,49.8,759.842,100,1/1000.0,1.7,0,default,24.0,32.104039,35.209324,5378,32.103722667995136,35.208950563795945,49.79999999999999,224.99999999999997
2550,33,2026-04-27,15:29:00.313,49.8,759.842,100,1/1000.0,1.7,0,default,24.0,32.104032,35.209317,5379,32.10371566799513,35.20894356382457,49.79999999999999,224.99999999999997
2551,34,2026-04-27,15:29:00.346,49.8,759.842,100,1/1000.0,1.7,0,default,24.0,32.104032,35.209317,5380,32.10371566799513,35.20894356382457,49.79999999999999,224.99999999999997
2552,33,2026-04-27,15:29:00.380,49.8,759.842,100,1/1000.0,1.7,0,default,24.0,32.104032,35.209317,5381,32.10371566799513,35.20894356382457,49.79999999999999,224.99999999999997
2553,33,2026-04-27,15:29:00.413,49.8,759.842,100,1/1000.0,1.7,0,default,24.0,32.104025,35.20931,5382,32.103708667995136,35.20893656385319,49.79999999999999,224.99999999999997
2554,34,2026-04-27,15:29:00.446,49.8,759.842,100,1/1000.0,1.7,0,default,24.0,32.104025,35.20931,5383,32.103708667995136,35.20893656385319,49.79999999999999,224.99999999999997
2555,33,2026-04-27,15:29:00.480,49.8,759.842,100,1/1000.0,1.7,0,default,24.0,32.104025,35.20931,5384,32.103708667995136,35.20893656385319,49.79999999999999,224.99999999999997
2556,33,2026-04-27,15:29:00.513,49.8,759.842,100,1/1000.0,1.7,0,default,24.0,32.104018,35.209303,5385,32.10370166799514,35.20892956388182,49.79999999999999,224.99999999999997
2557,34,2026-04-27,15:29:00.547,49.8,759.842,100,1/1000.0,1.7,0,default,24.0,32.104018,35.209303,5387,32.10370166799514,35.20892956388182,49.79999999999999,224.99999999999997
2558,33,2026-04-27,15:29:00.580,49.8,759.842,100,1/1000.0,1.7,0,default,24.0,32.104018,35.209303,5388,32.10370166799514,35.20892956388182,49.79999999999999,224.99999999999997
2559,33,2026-04-27,15:29:00.613,49.8,759.842,100,1/1000.0,1.7,0,default,24.0,32.10401,35.209296,5388,32.10369366799514,35.208922563914534,49.79999999999999,224.99999999999997
2560,34,2026-04-27,15:29:00.647,49.8,759.842,100,1/1000.0,1.7,0,default,24.0,32.10401,35.209296,5389,32.10369366799514,35.208922563914534,49.79999999999999,224.99999999999997
2561,33,2026-04-27,15:29:00.679,49.8,759.842,100,1/1000.0,1.7,0,default,24.0,32.10401,35.209296,5389,32.10369366799514,35.208922563914534,49.79999999999999,224.99999999999997
2562,34,2026-04-27,15:29:00.713,49.9,759.942,100,1/1000.0,1.7,0,default,24.0,32.104004,35.209289,5389,32.10368703279031,35.208914814067455,49.89999999999999,224.99999999999997
2563,33,2026-04-27,15:29:00.747,49.9,759.942,100,1/1000.0,1.7,0,default,24.0,32.104004,35.209289,5390,32.10368703279031,35.208914814067455,49.89999999999999,224.99999999999997
2564,33,2026-04-27,15:29:00.779,49.9,759.942,100,1/1000.0,1.7,0,default,24.0,32.104004,35.209289,5390,32.10368703279031,35.208914814067455,49.89999999999999,224.99999999999997
2565,34,2026-04-27,15:29:00.814,49.9,759.942,100,1/1000.0,1.7,0,default,24.0,32.103998,35.209283,5391,32.103681032790305,35.20890881409204,49.89999999999999,224.99999999999997
2566,33,2026-04-27,15:29:00.847,49.9,759.942,100,1/1000.0,1.7,0,default,24.0,32.103998,35.209283,5391,32.103681032790305,35.20890881409204,49.89999999999999,224.99999999999997
2567,33,2026-04-27,15:29:00.880,49.9,759.942,100,1/1000.0,1.7,0,default,24.0,32.103998,35.209283,5392,32.103681032790305,35.20890881409204,49.89999999999999,224.99999999999997
2568,34,2026-04-27,15:29:00.914,49.9,759.942,100,1/1000.0,1.7,0,default,24.0,32.103993,35.209278,5392,32.10367603279031,35.208903814112524,49.89999999999999,224.99999999999997
2569,33,2026-04-27,15:29:00.946,49.9,759.942,100,1/1000.0,1.7,0,default,24.0,32.103993,35.209278,5393,32.10367603279031,35.208903814112524,49.89999999999999,224.99999999999997
2570,33,2026-04-27,15:29:00.979,49.9,759.942,100,1/1000.0,1.7,0,default,24.0,32.103993,35.209278,5393,32.10367603279031,35.208903814112524,49.89999999999999,224.99999999999997
2571,34,2026-04-27,15:29:01.014,49.9,759.942,100,1/1000.0,1.7,0,default,24.0,32.103987,35.209271,5394,32.103670032790305,35.20889681413711,49.89999999999999,224.99999999999997
2572,33,2026-04-27,15:29:01.047,49.9,759.942,100,1/1000.0,1.7,0,default,24.0,32.103987,35.209271,5394,32.103670032790305,35.20889681413711,49.89999999999999,224.99999999999997
2573,34,2026-04-27,15:29:01.080,49.9,759.942,100,1/1000.0,1.7,0,default,24.0,32.103987,35.209271,5394,32.103670032790305,35.20889681413711,49.89999999999999,224.99999999999997
2574,33,2026-04-27,15:29:01.113,49.9,759.942,100,1/1000.0,1.7,0,default,24.0,32.103983,35.209267,5394,32.10366603279031,35.2088928141535,49.89999999999999,224.99999999999997
2575,33,2026-04-27,15:29:01.147,49.9,759.942,100,1/1000.0,1.7,0,default,24.0,32.103983,35.209267,5395,32.10366603279031,35.2088928141535,49.89999999999999,224.99999999999997
2576,34,2026-04-27,15:29:01.180,49.9,759.942,100,1/1000.0,1.7,0,default,24.0,32.103983,35.209267,5395,32.10366603279031,35.2088928141535,49.89999999999999,224.99999999999997
2577,33,2026-04-27,15:29:01.214,49.9,759.942,100,1/1000.0,1.7,0,default,24.0,32.103978,35.209262,5396,32.103661032790306,35.20888781417399,49.89999999999999,224.99999999999997
2578,33,2026-04-27,15:29:01.247,49.9,759.942,100,1/1000.0,1.7,0,default,24.0,32.103978,35.209262,5396,32.103661032790306,35.20888781417399,49.89999999999999,224.99999999999997
2579,34,2026-04-27,15:29:01.281,49.9,759.942,100,1/1000.0,1.7,0,default,24.0,32.103978,35.209262,5397,32.103661032790306,35.20888781417399,49.89999999999999,224.99999999999997
2580,33,2026-04-27,15:29:01.314,49.9,759.942,100,1/1000.0,1.7,0,default,24.0,32.103975,35.209259,5397,32.10365803279031,35.208884814186284,49.89999999999999,224.99999999999997
2581,34,2026-04-27,15:29:01.347,49.9,759.942,100,1/1000.0,1.7,0,default,24.0,32.103975,35.209259,5398,32.10365803279031,35.208884814186284,49.89999999999999,224.99999999999997
2582,33,2026-04-27,15:29:01.381,49.9,759.942,100,1/1000.0,1.7,0,default,24.0,32.103975,35.209259,5398,32.10365803279031,35.208884814186284,49.89999999999999,224.99999999999997
2583,33,2026-04-27,15:29:01.414,49.8,759.842,100,1/1000.0,1.7,0,default,24.0,32.103971,35.209254,5398,32.10365466799514,35.20888056407401,49.79999999999999,224.99999999999997
2584,34,2026-04-27,15:29:01.447,49.8,759.842,100,1/1000.0,1.7,0,default,24.0,32.103971,35.209254,5399,32.10365466799514,35.20888056407401,49.79999999999999,224.99999999999997
2585,33,2026-04-27,15:29:01.481,49.8,759.842,100,1/1000.0,1.7,0,default,24.0,32.103971,35.209254,5399,32.10365466799514,35.20888056407401,49.79999999999999,224.99999999999997
2586,33,2026-04-27,15:29:01.514,49.8,759.842,100,1/1000.0,1.7,0,default,24.0,32.103968,35.209252,5400,32.10365166799514,35.20887856408628,49.79999999999999,224.99999999999997
2587,34,2026-04-27,15:29:01.548,49.8,759.842,100,1/1000.0,1.7,0,default,24.0,32.103968,35.209252,5400,32.10365166799514,35.20887856408628,49.79999999999999,224.99999999999997
2588,33,2026-04-27,15:29:01.580,49.8,759.842,100,1/1000.0,1.7,0,default,24.0,32.103968,35.209252,5401,32.10365166799514,35.20887856408628,49.79999999999999,224.99999999999997
2589,33,2026-04-27,15:29:01.614,49.8,759.842,100,1/1000.0,1.7,0,default,24.0,32.103965,35.209248,5401,32.10364866799514,35.208874564098544,49.79999999999999,224.99999999999997
2590,34,2026-04-27,15:29:01.648,49.8,759.842,100,1/1000.0,1.7,0,default,24.0,32.103965,35.209248,5402,32.10364866799514,35.208874564098544,49.79999999999999,224.99999999999997
2591,33,2026-04-27,15:29:01.681,49.8,759.842,100,1/1000.0,1.7,0,default,24.0,32.103965,35.209248,5402,32.103648667995365,35.20887456409828,49.79999999999999,225.00000004071111
2592,34,2026-04-27,15:29:01.714,49.8,759.842,100,1/1000.0,1.7,0,default,24.0,32.103963,35.209246,5403,32.10364666799536,35.20887256410646,49.79999999999999,225.00000004071111
2593,33,2026-04-27,15:29:01.748,49.8,759.842,100,1/1000.0,1.7,0,default,24.0,32.103963,35.209246,5403,32.10364666799536,35.20887256410646,49.79999999999999,225.00000004071111
2594,33,2026-04-27,15:29:01.781,49.8,759.842,100,1/1000.0,1.7,0,default,24.0,32.103963,35.209246,5403,32.10364666799536,35.20887256410646,49.79999999999999,225.00000004071111
2595,34,2026-04-27,15:29:01.814,49.8,759.842,100,1/1000.0,1.7,0,default,24.0,32.103961,35.209244,5404,32.10364466799536,35.20887056411463,49.79999999999999,225.00000004071111
2596,33,2026-04-27,15:29:01.847,49.8,759.842,100,1/1000.0,1.7,0,default,24.0,32.103961,35.209244,5405,32.10364466799536,35.20887056411463,49.79999999999999,225.00000004071111
2597,33,2026-04-27,15:29:01.881,49.8,759.842,100,1/1000.0,1.7,0,default,24.0,32.103961,35.209244,5406,32.10364466799542,35.20887056411456,49.79999999999999,225.00000005088887
2598,34,2026-04-27,15:29:01.915,49.8,759.842,100,1/1000.0,1.7,0,default,24.0,32.10396,35.209242,5406,32.10364366799542,35.20886856411866,49.79999999999999,225.00000005088887
2599,33,2026-04-27,15:29:01.947,49.8,759.842,100,1/1000.0,1.7,0,default,24.0,32.10396,35.209242,5407,32.10364366799542,35.20886856411866,49.79999999999999,225.00000005088887
2600,33,2026-04-27,15:29:01.981,49.8,759.842,100,1/1000.0,1.7,0,default,24.0,32.10396,35.209242,5408,32.10364366799542,35.20886856411866,49.79999999999999,225.00000005088887
2601,34,2026-04-27,15:29:02.015,49.8,759.842,100,1/1000.0,1.7,0,default,24.0,32.103959,35.209241,5409,32.10364266799542,35.20886756412274,49.79999999999999,225.00000005088887
2602,33,2026-04-27,15:29:02.047,49.8,759.842,100,1/1000.0,1.7,0,default,24.0,32.103959,35.209241,5410,32.10364266799542,35.20886756412274,49.79999999999999,225.00000005088887
2603,34,2026-04-27,15:29:02.081,49.8,759.842,100,1/1000.0,1.7,0,default,24.0,32.103959,35.209241,5410,32.10364266799528,35.20886756412291,49.79999999999999,225.00000002544445
2604,33,2026-04-27,15:29:02.114,49.8,759.842,100,1/1000.0,1.7,0,default,24.0,32.103958,35.209241,5410,32.10364166799528,35.208867564127,49.79999999999999,225.00000002544445
2605,33,2026-04-27,15:29:02.148,49.8,759.842,100,1/1000.0,1.7,0,default,24.0,32.103958,35.209241,5411,32.10364166799528,35.208867564127,49.79999999999999,225.00000002544445
2606,34,2026-04-27,15:29:02.182,49.8,759.842,100,1/1000.0,1.7,0,default,24.0,32.103958,35.209241,5411,32.103641667995696,35.2088675641265,49.79999999999999,225.00000010177772
2607,33,2026-04-27,15:29:02.215,49.8,759.842,100,1/1000.0,1.7,0,default,24.0,32.103958,35.20924,5411,32.103641667995696,35.2088665641265,49.79999999999999,225.00000010177772
2608,33,2026-04-27,15:29:02.248,49.8,759.842,100,1/1000.0,1.7,0,default,24.0,32.103958,35.20924,5411,32.103641667995696,35.2088665641265,49.79999999999999,225.00000010177772
2609,34,2026-04-27,15:29:02.282,49.8,759.842,100,1/1000.0,1.7,0,default,24.0,32.103958,35.20924,5412,32.10366180911415,35.208844212994904,49.79999999999999,228.54094086361872
2610,33,2026-04-27,15:29:02.315,49.8,759.842,100,1/1000.0,1.7,0,default,24.0,32.103957,35.20924,5412,32.10366080911415,35.20884421299924,49.79999999999999,228.54094086361872
2611,34,2026-04-27,15:29:02.348,49.8,759.842,100,1/1000.0,1.7,0,default,24.0,32.103957,35.20924,5412,32.10366080911415,35.20884421299924,49.79999999999999,228.54094086361872
2612,33,2026-04-27,15:29:02.382,49.8,759.842,100,1/1000.0,1.7,0,default,24.0,32.103957,35.20924,5412,32.10366755892898,35.20883731374666,49.79999999999999,229.68445777851593
2613,33,2026-04-27,15:29:02.415,49.8,759.842,100,1/1000.0,1.7,0,default,24.0,32.103957,35.20924,5412,32.10366755892898,35.20883731374666,49.79999999999999,229.68445777851593
2614,34,2026-04-27,15:29:02.448,49.8,759.842,100,1/1000.0,1.7,0,default,24.0,32.103957,35.20924,5412,32.10366755892898,35.20883731374666,49.79999999999999,229.68445777851593
2615,33,2026-04-27,15:29:02.482,49.8,759.842,100,1/1000.0,1.7,0,default,24.0,32.103957,35.20924,5412,32.10367621568899,35.208828860639784,49.79999999999999,231.12334488660835
2616,33,2026-04-27,15:29:02.515,49.8,759.842,100,1/1000.0,1.7,0,default,24.0,32.103957,35.20924,5412,32.10367621568899,35.208828860639784,49.79999999999999,231.12334488660835
2617,34,2026-04-27,15:29:02.549,49.8,759.842,100,1/1000.0,1.7,0,default,24.0,32.103957,35.20924,5412,32.10367621568899,35.208828860639784,49.79999999999999,231.12334488660835
2618,33,2026-04-27,15:29:02.582,49.8,759.842,100,1/1000.0,1.7,0,default,24.0,32.103957,35.20924,5413,32.103584773138714,35.209532947197204,49.79999999999999,146.30993247402023
2619,33,2026-04-27,15:29:02.615,49.8,759.842,100,1/1000.0,1.7,0,default,24.0,32.103957,35.209239,5413,32.103584773138714,35.2095319471972,49.79999999999999,146.30993247402023
2620,34,2026-04-27,15:29:02.649,49.8,759.842,100,1/1000.0,1.7,0,default,24.0,32.103957,35.209239,5413,32.103584773138714,35.2095319471972,49.79999999999999,146.30993247402023
2621,33,2026-04-27,15:29:02.681,49.8,759.842,100,1/1000.0,1.7,0,default,24.0,32.103957,35.209239,5413,32.103584773138714,35.2095319471972,49.79999999999999,146.30993247402023
2622,34,2026-04-27,15:29:02.715,49.8,759.842,100,1/1000.0,1.7,0,default,24.0,32.103957,35.209239,5413,32.103584773138714,35.2095319471972,49.79999999999999,146.30993247402023
2623,33,2026-04-27,15:29:02.749,49.8,759.842,100,1/1000.0,1.7,0,default,24.0,32.103957,35.209239,5414,32.103584773138714,35.2095319471972,49.79999999999999,146.30993247402023
2624,33,2026-04-27,15:29:02.782,49.8,759.842,100,1/1000.0,1.7,0,default,24.0,32.103957,35.209239,5414,32.103584773138714,35.2095319471972,49.79999999999999,146.30993247402023
2625,34,2026-04-27,15:29:02.816,49.8,759.842,100,1/1000.0,1.7,0,default,24.0,32.103957,35.209239,5415,32.103584773138714,35.2095319471972,49.79999999999999,146.30993247402023
2626,33,2026-04-27,15:29:02.849,49.8,759.842,100,1/1000.0,1.7,0,default,24.0,32.103957,35.209239,5416,32.103584773138714,35.2095319471972,49.79999999999999,146.30993247402023
2627,33,2026-04-27,15:29:02.882,49.8,759.842,100,1/1000.0,1.7,0,default,24.0,32.103957,35.209239,5416,32.103584773138714,35.2095319471972,49.79999999999999,146.30993247402023
2628,34,2026-04-27,15:29:02.916,49.8,759.842,100,1/1000.0,1.7,0,default,24.0,32.103957,35.209239,5417,32.103584773138714,35.2095319471972,49.79999999999999,146.30993247402023
2629,33,2026-04-27,15:29:02.949,49.8,759.842,100,1/1000.0,1.7,0,default,24.0,32.103957,35.209239,5418,32.103584773138714,35.2095319471972,49.79999999999999,146.30993247402023
2630,33,2026-04-27,15:29:02.982,49.8,759.842,100,1/1000.0,1.7,0,default,24.0,32.103957,35.209239,5418,32.103584773138714,35.2095319471972,49.79999999999999,146.30993247402023
2631,34,2026-04-27,15:29:03.016,49.8,759.842,100,1/1000.0,1.7,0,default,24.0,32.103956,35.209239,5418,32.10358377313871,35.20953194719399,49.79999999999999,146.30993247402023
2632,33,2026-04-27,15:29:03.049,49.8,759.842,100,1/1000.0,1.7,0,default,24.0,32.103956,35.209239,5418,32.10358377313871,35.20953194719399,49.79999999999999,146.30993247402023
2633,34,2026-04-27,15:29:03.082,49.8,759.842,100,1/1000.0,1.7,0,default,24.0,32.103956,35.209239,5418,32.10415606592643,35.20971136315692,49.79999999999999,63.43494882292201
2634,33,2026-04-27,15:29:03.115,49.8,759.842,100,1/1000.0,1.7,0,default,24.0,32.103956,35.20924,5418,32.10415606592643,35.209712363156925,49.79999999999999,63.43494882292201
2635,33,2026-04-27,15:29:03.149,49.8,759.842,100,1/1000.0,1.7,0,default,24.0,32.103956,35.20924,5418,32.10415606592643,35.209712363156925,49.79999999999999,63.43494882292201
2636,34,2026-04-27,15:29:03.183,49.8,759.842,100,1/1000.0,1.7,0,default,24.0,32.103956,35.20924,5418,32.10415606592643,35.209712363156925,49.79999999999999,63.43494882292201
2637,33,2026-04-27,15:29:03.216,49.8,759.842,100,1/1000.0,1.7,0,default,24.0,32.103956,35.20924,5418,32.10415606592643,35.209712363156925,49.79999999999999,63.43494882292201
2638,33,2026-04-27,15:29:03.249,49.8,759.842,100,1/1000.0,1.7,0,default,24.0,32.103956,35.20924,5418,32.10415606592643,35.209712363156925,49.79999999999999,63.43494882292201
2639,34,2026-04-27,15:29:03.283,49.8,759.842,100,1/1000.0,1.7,0,default,24.0,32.103956,35.20924,5418,32.10415606592643,35.209712363156925,49.79999999999999,63.43494882292201
2640,33,2026-04-27,15:29:03.316,49.8,759.842,100,1/1000.0,1.7,0,default,24.0,32.103956,35.20924,5418,32.10415606592643,35.209712363156925,49.79999999999999,63.43494882292201
2641,34,2026-04-27,15:29:03.349,49.8,759.842,100,1/1000.0,1.7,0,default,24.0,32.103956,35.20924,5418,32.10415606592643,35.209712363156925,49.79999999999999,63.43494882292201
2642,33,2026-04-27,15:29:03.383,49.8,759.842,100,1/1000.0,1.7,0,default,24.0,32.103956,35.20924,5418,32.10415606592643,35.209712363156925,49.79999999999999,63.43494882292201
2643,33,2026-04-27,15:29:03.416,49.8,759.842,100,1/1000.0,1.7,0,default,24.0,32.103956,35.20924,5418,32.10415606592643,35.209712363156925,49.79999999999999,63.43494882292201
2644,34,2026-04-27,15:29:03.449,49.8,759.842,100,1/1000.0,1.7,0,default,24.0,32.103956,35.20924,5418,32.10415606592643,35.209712363156925,49.79999999999999,63.43494882292201
2645,33,2026-04-27,15:29:03.482,49.8,759.842,100,1/1000.0,1.7,0,default,24.0,32.103956,35.20924,5418,32.10415606592643,35.209712363156925,49.79999999999999,63.43494882292201
2646,33,2026-04-27,15:29:03.516,49.8,759.842,100,1/1000.0,1.7,0,default,24.0,32.103956,35.20924,5418,32.10415606592643,35.209712363156925,49.79999999999999,63.43494882292201
2647,34,2026-04-27,15:29:03.550,49.8,759.842,100,1/1000.0,1.7,0,default,24.0,32.103956,35.20924,5419,32.10415606592643,35.209712363156925,49.79999999999999,63.43494882292201
2648,33,2026-04-27,15:29:03.583,49.8,759.842,100,1/1000.0,1.7,0,default,24.0,32.103956,35.20924,5419,32.10415606592643,35.209712363156925,49.79999999999999,63.43494882292201
2649,33,2026-04-27,15:29:03.616,49.8,759.842,100,1/1000.0,1.7,0,default,24.0,32.103956,35.20924,5419,32.10415606592643,35.209712363156925,49.79999999999999,63.43494882292201
2650,34,2026-04-27,15:29:03.650,49.8,759.842,100,1/1000.0,1.7,0,default,24.0,32.103956,35.20924,5419,32.10415606592643,35.209712363156925,49.79999999999999,63.43494882292201
2651,33,2026-04-27,15:29:03.683,49.8,759.842,100,1/1000.0,1.7,0,default,24.0,32.103956,35.20924,5420,32.10415606592643,35.209712363156925,49.79999999999999,63.43494882292201
2652,34,2026-04-27,15:29:03.717,49.8,759.842,100,1/1000.0,1.7,0,default,24.0,32.103956,35.209241,5420,32.10415606592643,35.20971336315692,49.79999999999999,63.43494882292201
2653,33,2026-04-27,15:29:03.750,49.8,759.842,100,1/1000.0,1.7,0,default,24.0,32.103956,35.209241,5420,32.10415606592643,35.20971336315692,49.79999999999999,63.43494882292201
2654,33,2026-04-27,15:29:03.783,49.8,759.842,100,1/1000.0,1.7,0,default,24.0,32.103956,35.209241,5420,32.10415606592643,35.20971336315692,49.79999999999999,63.43494882292201
2655,34,2026-04-27,15:29:03.817,49.8,759.842,100,1/1000.0,1.7,0,default,24.0,32.103956,35.209241,5420,32.10415606592643,35.20971336315692,49.79999999999999,63.43494882292201
2656,33,2026-04-27,15:29:03.850,49.8,759.842,100,1/1000.0,1.7,0,default,24.0,32.103956,35.209241,5420,32.10415606592643,35.20971336315692,49.79999999999999,63.43494882292201
2657,33,2026-04-27,15:29:03.883,49.8,759.842,100,1/1000.0,1.7,0,default,24.0,32.103956,35.209241,5420,32.10415606592643,35.20971336315692,49.79999999999999,63.43494882292201
2658,34,2026-04-27,15:29:03.916,49.8,759.842,100,1/1000.0,1.7,0,default,24.0,32.103957,35.209241,5420,32.10415706592644,35.209713363162095,49.79999999999999,63.43494882292201
2659,33,2026-04-27,15:29:03.949,49.8,759.842,100,1/1000.0,1.7,0,default,24.0,32.103957,35.209241,5420,32.10415706592644,35.209713363162095,49.79999999999999,63.43494882292201
2660,33,2026-04-27,15:29:03.983,49.8,759.842,100,1/1000.0,1.7,0,default,24.0,32.103957,35.209241,5420,32.10415706592644,35.209713363162095,49.79999999999999,63.43494882292201
2661,34,2026-04-27,15:29:04.017,49.8,759.842,100,1/1000.0,1.7,0,default,24.0,32.103957,35.209241,5420,32.10415706592644,35.209713363162095,49.79999999999999,63.43494882292201
2662,33,2026-04-27,15:29:04.050,49.8,759.842,100,1/1000.0,1.7,0,default,24.0,32.103957,35.209241,5420,32.10415706592644,35.209713363162095,49.79999999999999,63.43494882292201
2663,34,2026-04-27,15:29:04.083,49.8,759.842,100,1/1000.0,1.7,0,default,24.0,32.103957,35.209241,5420,32.103957,35.209769118070255,49.79999999999999,90.0
2664,33,2026-04-27,15:29:04.117,49.8,759.842,100,1/1000.0,1.7,0,default,24.0,32.103957,35.209241,5420,32.103957,35.209769118070255,49.79999999999999,90.0
2665,33,2026-04-27,15:29:04.150,49.8,759.842,100,1/1000.0,1.7,0,default,24.0,32.103957,35.209241,5421,32.103957,35.209769118070255,49.79999999999999,90.0
2666,34,2026-04-27,15:29:04.184,49.8,759.842,100,1/1000.0,1.7,0,default,24.0,32.103957,35.209241,5421,32.10440436101149,35.209241,49.79999999999999,0.0
2667,33,2026-04-27,15:29:04.217,49.8,759.842,100,1/1000.0,1.7,0,default,24.0,32.103957,35.209241,5421,32.10440436101149,35.209241,49.79999999999999,0.0
2668,33,2026-04-27,15:29:04.249,49.8,759.842,100,1/1000.0,1.7,0,default,24.0,32.103957,35.209241,5421,32.10440436101149,35.209241,49.79999999999999,0.0
2669,34,2026-04-27,15:29:04.284,49.8,759.842,100,1/1000.0,1.7,0,default,24.0,32.103957,35.209241,5421,32.10440436101149,35.209241,49.79999999999999,0.0
2670,33,2026-04-27,15:29:04.317,49.8,759.842,100,1/1000.0,1.7,0,default,24.0,32.103957,35.209242,5421,32.10440436101149,35.209242,49.79999999999999,0.0
2671,34,2026-04-27,15:29:04.350,49.8,759.842,100,1/1000.0,1.7,0,default,24.0,32.103957,35.209242,5421,32.10440436101149,35.209242,49.79999999999999,0.0
2672,33,2026-04-27,15:29:04.384,49.8,759.842,100,1/1000.0,1.7,0,default,24.0,32.103957,35.209242,5421,32.10440436101149,35.209242,49.79999999999999,0.0
2673,33,2026-04-27,15:29:04.417,49.8,759.842,100,1/1000.0,1.7,0,default,24.0,32.103957,35.209242,5421,32.10440436101149,35.209242,49.79999999999999,0.0
2674,34,2026-04-27,15:29:04.450,49.8,759.842,100,1/1000.0,1.7,0,default,24.0,32.103957,35.209242,5421,32.10440436101149,35.209242,49.79999999999999,0.0
2675,33,2026-04-27,15:29:04.484,49.8,759.842,100,1/1000.0,1.7,0,default,24.0,32.103957,35.209242,5421,32.10440436101149,35.209242,49.79999999999999,0.0
2676,33,2026-04-27,15:29:04.517,49.8,759.842,100,1/1000.0,1.7,0,default,24.0,32.103958,35.209242,5421,32.10440536101149,35.209242,49.79999999999999,0.0
2677,34,2026-04-27,15:29:04.551,49.8,759.842,100,1/1000.0,1.7,0,default,24.0,32.103958,35.209242,5421,32.10440536101149,35.209242,49.79999999999999,0.0
2678,33,2026-04-27,15:29:04.584,49.8,759.842,100,1/1000.0,1.7,0,default,24.0,32.103958,35.209242,5421,32.10440536101149,35.209242,49.79999999999999,0.0
2679,33,2026-04-27,15:29:04.617,49.8,759.842,100,1/1000.0,1.7,0,default,24.0,32.103958,35.209242,5421,32.10440536101149,35.209242,49.79999999999999,0.0
2680,34,2026-04-27,15:29:04.651,49.8,759.842,100,1/1000.0,1.7,0,default,24.0,32.103958,35.209242,5421,32.10440536101149,35.209242,49.79999999999999,0.0
2681,33,2026-04-27,15:29:04.684,49.8,759.842,100,1/1000.0,1.7,0,default,24.0,32.103958,35.209242,5421,32.10440536101149,35.209242,49.79999999999999,0.0
2682,34,2026-04-27,15:29:04.717,49.8,759.842,100,1/1000.0,1.7,0,default,24.0,32.103958,35.209242,5421,32.10440536101149,35.209242,49.79999999999999,0.0
2683,33,2026-04-27,15:29:04.750,49.8,759.842,100,1/1000.0,1.7,0,default,24.0,32.103958,35.209242,5421,32.10440536101149,35.209242,49.79999999999999,0.0
2684,33,2026-04-27,15:29:04.784,49.8,759.842,100,1/1000.0,1.7,0,default,24.0,32.103958,35.209242,5421,32.10440536101149,35.209242,49.79999999999999,0.0
2685,34,2026-04-27,15:29:04.818,49.8,759.842,100,1/1000.0,1.7,0,default,24.0,32.103958,35.209242,5421,32.10440536101149,35.209242,49.79999999999999,0.0
2686,33,2026-04-27,15:29:04.851,49.8,759.842,100,1/1000.0,1.7,0,default,24.0,32.103958,35.209242,5421,32.10440536101149,35.209242,49.79999999999999,0.0
2687,33,2026-04-27,15:29:04.884,49.8,759.842,100,1/1000.0,1.7,0,default,24.0,32.103958,35.209242,5421,32.10440536101149,35.209242,49.79999999999999,0.0
2688,34,2026-04-27,15:29:04.918,49.8,759.842,100,1/1000.0,1.7,0,default,24.0,32.103958,35.209242,5421,32.10440536101149,35.209242,49.79999999999999,0.0
2689,33,2026-04-27,15:29:04.950,49.8,759.842,100,1/1000.0,1.7,0,default,24.0,32.103958,35.209242,5421,32.10440536101149,35.209242,49.79999999999999,0.0
2690,33,2026-04-27,15:29:04.984,49.8,759.842,100,1/1000.0,1.7,0,default,24.0,32.103958,35.209242,5421,32.10440536101149,35.209242,49.79999999999999,0.0
2691,34,2026-04-27,15:29:05.018,49.8,759.842,100,1/1000.0,1.7,0,default,24.0,32.103958,35.209242,5421,32.10440536101149,35.209242,49.79999999999999,0.0
2692,33,2026-04-27,15:29:05.051,49.8,759.842,100,1/1000.0,1.7,0,default,24.0,32.103958,35.209242,5421,32.10440536101149,35.209242,49.79999999999999,0.0
2693,34,2026-04-27,15:29:05.084,49.8,759.842,100,1/1000.0,1.7,0,default,24.0,32.103958,35.209242,5421,32.10440536101149,35.209242,49.79999999999999,0.0
2694,33,2026-04-27,15:29:05.117,49.8,759.842,100,1/1000.0,1.7,0,default,24.0,32.103958,35.209243,5421,32.10440536101149,35.209243,49.79999999999999,0.0
2695,33,2026-04-27,15:29:05.150,49.8,759.842,100,1/1000.0,1.7,0,default,24.0,32.103958,35.209243,5421,32.10440536101149,35.209243,49.79999999999999,0.0
2696,34,2026-04-27,15:29:05.185,49.8,759.842,100,1/1000.0,1.7,0,default,24.0,32.103958,35.209243,5421,32.10351063898851,35.209243,49.79999999999999,180.0
2697,33,2026-04-27,15:29:05.218,49.8,759.842,100,1/1000.0,1.7,0,default,24.0,32.103958,35.209242,5421,32.10351063898851,35.209242,49.79999999999999,180.0
2698,33,2026-04-27,15:29:05.251,49.8,759.842,100,1/1000.0,1.7,0,default,24.0,32.103958,35.209242,5421,32.10351063898851,35.209242,49.79999999999999,180.0
2699,34,2026-04-27,15:29:05.285,49.8,759.842,100,1/1000.0,1.7,0,default,24.0,32.103958,35.209242,5421,32.103958,35.20871388192396,49.79999999999999,270.0
2700,33,2026-04-27,15:29:05.318,49.8,759.842,100,1/1000.0,1.7,0,default,24.0,32.103958,35.209242,5421,32.103958,35.20871388192396,49.79999999999999,270.0
2701,34,2026-04-27,15:29:05.351,49.8,759.842,100,1/1000.0,1.7,0,default,24.0,32.103958,35.209242,5421,32.103958,35.20871388192396,49.79999999999999,270.0
2702,33,2026-04-27,15:29:05.384,49.8,759.842,100,1/1000.0,1.7,0,default,24.0,32.103958,35.209242,5421,32.10371887548115,35.208795658760906,49.79999999999999,237.68846679016323
2703,33,2026-04-27,15:29:05.418,49.8,759.842,100,1/1000.0,1.7,0,default,24.0,32.103957,35.209242,5421,32.10371787548115,35.208795658765794,49.79999999999999,237.68846679016323
2704,34,2026-04-27,15:29:05.451,49.8,759.842,100,1/1000.0,1.7,0,default,24.0,32.103957,35.209242,5421,32.10371787548115,35.208795658765794,49.79999999999999,237.68846679016323
2705,33,2026-04-27,15:29:05.485,49.8,759.842,100,1/1000.0,1.7,0,default,24.0,32.103957,35.209242,5421,32.10364066799514,35.20886856413126,49.79999999999999,224.99999999999997
2706,33,2026-04-27,15:29:05.518,49.8,759.842,100,1/1000.0,1.7,0,default,24.0,32.103956,35.209241,5421,32.10363966799513,35.208867564135346,49.79999999999999,224.99999999999997
2707,34,2026-04-27,15:29:05.552,49.8,759.842,100,1/1000.0,1.7,0,default,24.0,32.103956,35.209241,5421,32.10363966799513,35.208867564135346,49.79999999999999,224.99999999999997
2708,33,2026-04-27,15:29:05.585,49.8,759.842,100,1/1000.0,1.7,0,default,24.0,32.103956,35.209241,5421,32.103639667995274,35.208867564135176,49.79999999999999,225.00000002544445
2709,33,2026-04-27,15:29:05.618,49.8,759.842,100,1/1000.0,1.7,0,default,24.0,32.103955,35.20924,5421,32.10363866799528,35.20886656413927,49.79999999999999,225.00000002544445
2710,34,2026-04-27,15:29:05.652,49.8,759.842,100,1/1000.0,1.7,0,default,24.0,32.103955,35.20924,5421,32.10363866799528,35.20886656413927,49.79999999999999,225.00000002544445
2711,33,2026-04-27,15:29:05.684,49.8,759.842,100,1/1000.0,1.7,0,default,24.0,32.103955,35.20924,5422,32.103638667995135,35.208866564139434,49.79999999999999,224.99999999999997
2712,34,2026-04-27,15:29:05.718,49.7,759.742,100,1/1000.0,1.7,0,default,24.0,32.103954,35.209238,5422,32.103638303199965,35.20886531401472,49.699999999999996,224.99999999999997
2713,33,2026-04-27,15:29:05.752,49.7,759.742,100,1/1000.0,1.7,0,default,24.0,32.103954,35.209238,5422,32.103638303199965,35.20886531401472,49.699999999999996,224.99999999999997
2714,33,2026-04-27,15:29:05.785,49.7,759.742,100,1/1000.0,1.7,0,default,24.0,32.103954,35.209238,5422,32.103638303199965,35.20886531401472,49.699999999999996,224.99999999999997
2715,34,2026-04-27,15:29:05.819,49.7,759.742,100,1/1000.0,1.7,0,default,24.0,32.103952,35.209237,5422,32.10363630319996,35.20886431402288,49.699999999999996,224.99999999999997
2716,33,2026-04-27,15:29:05.852,49.7,759.742,100,1/1000.0,1.7,0,default,24.0,32.103952,35.209237,5422,32.10363630319996,35.20886431402288,49.699999999999996,224.99999999999997
2717,33,2026-04-27,15:29:05.885,49.7,759.742,100,1/1000.0,1.7,0,default,24.0,32.103952,35.209237,5423,32.10363630319996,35.20886431402288,49.699999999999996,224.99999999999997
2718,34,2026-04-27,15:29:05.919,49.7,759.742,100,1/1000.0,1.7,0,default,24.0,32.10395,35.209235,5423,32.10363430319996,35.208862314031045,49.699999999999996,224.99999999999997
2719,33,2026-04-27,15:29:05.951,49.7,759.742,100,1/1000.0,1.7,0,default,24.0,32.10395,35.209235,5424,32.10363430319996,35.208862314031045,49.699999999999996,224.99999999999997
2720,33,2026-04-27,15:29:05.985,49.7,759.742,100,1/1000.0,1.7,0,default,24.0,32.10395,35.209235,5425,32.10363430319996,35.208862314031045,49.699999999999996,224.99999999999997
2721,34,2026-04-27,15:29:06.019,49.7,759.742,100,1/1000.0,1.7,0,default,24.0,32.103948,35.209233,5426,32.103632303199966,35.20886031403921,49.699999999999996,224.99999999999997
2722,33,2026-04-27,15:29:06.052,49.7,759.742,100,1/1000.0,1.7,0,default,24.0,32.103948,35.209233,5426,32.103632303199966,35.20886031403921,49.699999999999996,224.99999999999997
2723,34,2026-04-27,15:29:06.085,49.7,759.742,100,1/1000.0,1.7,0,default,24.0,32.103948,35.209233,5426,32.103632303199966,35.20886031403921,49.699999999999996,224.99999999999997
2724,33,2026-04-27,15:29:06.118,49.7,759.742,100,1/1000.0,1.7,0,default,24.0,32.103946,35.209231,5426,32.103630303199964,35.20885831404737,49.699999999999996,224.99999999999997
2725,33,2026-04-27,15:29:06.152,49.7,759.742,100,1/1000.0,1.7,0,default,24.0,32.103946,35.209231,5427,32.103630303199964,35.20885831404737,49.699999999999996,224.99999999999997
2726,34,2026-04-27,15:29:06.186,49.7,759.742,100,1/1000.0,1.7,0,default,24.0,32.103946,35.209231,5427,32.103630303199964,35.20885831404737,49.699999999999996,224.99999999999997
2727,33,2026-04-27,15:29:06.219,49.7,759.742,100,1/1000.0,1.7,0,default,24.0,32.103943,35.209228,5427,32.103627303199964,35.20885531405961,49.699999999999996,224.99999999999997
2728,33,2026-04-27,15:29:06.251,49.7,759.742,100,1/1000.0,1.7,0,default,24.0,32.103943,35.209228,5428,32.103627303199964,35.20885531405961,49.699999999999996,224.99999999999997
2729,34,2026-04-27,15:29:06.286,49.7,759.742,100,1/1000.0,1.7,0,default,24.0,32.103943,35.209228,5428,32.103627303199964,35.20885531405961,49.699999999999996,224.99999999999997
2730,33,2026-04-27,15:29:06.319,49.7,759.742,100,1/1000.0,1.7,0,default,24.0,32.103941,35.209226,5428,32.10362530319996,35.208853314067774,49.699999999999996,224.99999999999997
2731,34,2026-04-27,15:29:06.352,49.7,759.742,100,1/1000.0,1.7,0,default,24.0,32.103941,35.209226,5429,32.10362530319996,35.208853314067774,49.699999999999996,224.99999999999997
2732,33,2026-04-27,15:29:06.386,49.7,759.742,100,1/1000.0,1.7,0,default,24.0,32.103941,35.209226,5430,32.1036253031994,35.208853314068435,49.699999999999996,224.99999989822223
2733,33,2026-04-27,15:29:06.419,49.8,759.842,100,1/1000.0,1.7,0,default,24.0,32.103937,35.209222,5431,32.103620667994576,35.208848564213696,49.79999999999999,224.99999989822223
2734,34,2026-04-27,15:29:06.452,49.8,759.842,100,1/1000.0,1.7,0,default,24.0,32.103937,35.209222,5431,32.103620667994576,35.208848564213696,49.79999999999999,224.99999989822223
2735,33,2026-04-27,15:29:06.486,49.8,759.842,100,1/1000.0,1.7,0,default,24.0,32.103937,35.209222,5432,32.103620667994576,35.208848564213696,49.79999999999999,224.99999989822223
2736,33,2026-04-27,15:29:06.519,49.8,759.842,100,1/1000.0,1.7,0,default,24.0,32.103934,35.20922,5433,32.10361766799458,35.20884656422597,49.79999999999999,224.99999989822223
2737,34,2026-04-27,15:29:06.553,49.8,759.842,100,1/1000.0,1.7,0,default,24.0,32.103934,35.20922,5433,32.10361766799458,35.20884656422597,49.79999999999999,224.99999989822223
2738,33,2026-04-27,15:29:06.586,49.8,759.842,100,1/1000.0,1.7,0,default,24.0,32.103934,35.20922,5434,32.103561773138445,35.20892705287706,49.79999999999999,213.6900674633473
2739,33,2026-04-27,15:29:06.619,49.8,759.842,100,1/1000.0,1.7,0,default,24.0,32.10393,35.209216,5435,32.10355777313844,35.20892305288989,49.79999999999999,213.6900674633473
2740,34,2026-04-27,15:29:06.653,49.8,759.842,100,1/1000.0,1.7,0,default,24.0,32.10393,35.209216,5437,32.10355777313844,35.20892305288989,49.79999999999999,213.6900674633473
2741,33,2026-04-27,15:29:06.686,49.8,759.842,100,1/1000.0,1.7,0,default,24.0,32.10393,35.209216,5438,32.10352986814727,35.208979818488444,49.79999999999999,206.56505121778906
2742,34,2026-04-27,15:29:06.719,49.8,759.842,100,1/1000.0,1.7,0,default,24.0,32.103926,35.209214,5440,32.10352586814727,35.208977818498795,49.79999999999999,206.56505121778906
2743,33,2026-04-27,15:29:06.753,49.8,759.842,100,1/1000.0,1.7,0,default,24.0,32.103926,35.209214,5441,32.10352586814727,35.208977818498795,49.79999999999999,206.56505121778906
2744,33,2026-04-27,15:29:06.786,49.8,759.842,100,1/1000.0,1.7,0,default,24.0,32.103926,35.209214,5442,32.10352586814713,35.20897781849913,49.79999999999999,206.565051177078
2745,34,2026-04-27,15:29:06.820,49.8,759.842,100,1/1000.0,1.7,0,default,24.0,32.103923,35.209211,5444,32.10352286814713,35.20897481850689,49.79999999999999,206.565051177078
2746,33,2026-04-27,15:29:06.852,49.8,759.842,100,1/1000.0,1.7,0,default,24.0,32.103923,35.209211,5446,32.10352286814713,35.20897481850689,49.79999999999999,206.565051177078
2747,33,2026-04-27,15:29:06.886,49.8,759.842,100,1/1000.0,1.7,0,default,24.0,32.103923,35.209211,5447,32.10352286814713,35.20897481850689,49.79999999999999,206.565051177078
2748,34,2026-04-27,15:29:06.920,49.8,759.842,100,1/1000.0,1.7,0,default,24.0,32.103919,35.209209,5449,32.10351886814713,35.20897281851723,49.79999999999999,206.565051177078
2749,33,2026-04-27,15:29:06.952,49.8,759.842,100,1/1000.0,1.7,0,default,24.0,32.103919,35.209209,5450,32.10351886814713,35.20897281851723,49.79999999999999,206.565051177078
2750,33,2026-04-27,15:29:06.986,49.8,759.842,100,1/1000.0,1.7,0,default,24.0,32.103919,35.209209,5451,32.10351886814713,35.20897281851723,49.79999999999999,206.565051177078
2751,34,2026-04-27,15:29:07.020,49.8,759.842,100,1/1000.0,1.7,0,default,24.0,32.103915,35.209207,5453,32.10351486814713,35.208970818527575,49.79999999999999,206.565051177078
2752,33,2026-04-27,15:29:07.053,49.8,759.842,100,1/1000.0,1.7,0,default,24.0,32.103915,35.209207,5454,32.10351486814713,35.208970818527575,49.79999999999999,206.565051177078
2753,34,2026-04-27,15:29:07.086,49.8,759.842,100,1/1000.0,1.7,0,default,24.0,32.103915,35.209207,5455,32.10351486814699,35.20897081852791,49.79999999999999,206.56505113636686
2754,33,2026-04-27,15:29:07.120,49.8,759.842,100,1/1000.0,1.7,0,default,24.0,32.103911,35.209205,5456,32.103510868146984,35.20896881853825,49.79999999999999,206.56505113636686
2755,33,2026-04-27,15:29:07.153,49.8,759.842,100,1/1000.0,1.7,0,default,24.0,32.103911,35.209205,5457,32.103510868146984,35.20896881853825,49.79999999999999,206.56505113636686
2756,34,2026-04-27,15:29:07.187,49.8,759.842,100,1/1000.0,1.7,0,default,24.0,32.103911,35.209205,5458,32.103510868146984,35.20896881853825,49.79999999999999,206.56505113636686
2757,33,2026-04-27,15:29:07.220,49.8,759.842,100,1/1000.0,1.7,0,default,24.0,32.103907,35.209203,5459,32.10350686814699,35.2089668185486,49.79999999999999,206.56505113636686
2758,33,2026-04-27,15:29:07.253,49.8,759.842,100,1/1000.0,1.7,0,default,24.0,32.103907,35.209203,5460,32.10350686814699,35.2089668185486,49.79999999999999,206.56505113636686
2759,34,2026-04-27,15:29:07.287,49.8,759.842,100,1/1000.0,1.7,0,default,24.0,32.103907,35.209203,5461,32.10349163572846,35.209006861979965,49.79999999999999,201.8014095003901
2760,33,2026-04-27,15:29:07.320,49.8,759.842,100,1/1000.0,1.7,0,default,24.0,32.103903,35.209202,5462,32.10348763572846,35.20900586198855,49.79999999999999,201.8014095003901
2761,34,2026-04-27,15:29:07.353,49.8,759.842,100,1/1000.0,1.7,0,default,24.0,32.103903,35.209202,5463,32.10348763572846,35.20900586198855,49.79999999999999,201.8014095003901
2762,33,2026-04-27,15:29:07.387,49.8,759.842,100,1/1000.0,1.7,0,default,24.0,32.103903,35.209202,5464,32.103468996069985,35.20907391262883,49.79999999999999,194.0362435397696
2763,33,2026-04-27,15:29:07.420,49.8,759.842,100,1/1000.0,1.7,0,default,24.0,32.103898,35.209201,5465,32.10346399606998,35.20907291263585,49.79999999999999,194.0362435397696
2764,34,2026-04-27,15:29:07.453,49.8,759.842,100,1/1000.0,1.7,0,default,24.0,32.103898,35.209201,5467,32.10346399606998,35.20907291263585,49.79999999999999,194.0362435397696
2765,33,2026-04-27,15:29:07.487,49.8,759.842,100,1/1000.0,1.7,0,default,24.0,32.103898,35.209201,5468,32.10346399606998,35.20907291263585,49.79999999999999,194.0362435397696
2766,33,2026-04-27,15:29:07.520,49.8,759.842,100,1/1000.0,1.7,0,default,24.0,32.103894,35.2092,5469,32.10345999606998,35.20907191264146,49.79999999999999,194.0362435397696
2767,34,2026-04-27,15:29:07.554,49.8,759.842,100,1/1000.0,1.7,0,default,24.0,32.103894,35.2092,5470,32.10345999606998,35.20907191264146,49.79999999999999,194.0362435397696
2768,33,2026-04-27,15:29:07.587,49.8,759.842,100,1/1000.0,1.7,0,default,24.0,32.103894,35.2092,5471,32.10345999606993,35.209071912641676,49.79999999999999,194.03624351582184
2769,33,2026-04-27,15:29:07.620,49.8,759.842,100,1/1000.0,1.7,0,default,24.0,32.10389,35.209199,5472,32.10345599606993,35.20907091264728,49.79999999999999,194.03624351582184
2770,34,2026-04-27,15:29:07.653,49.8,759.842,100,1/1000.0,1.7,0,default,24.0,32.10389,35.209199,5472,32.10345599606993,35.20907091264728,49.79999999999999,194.03624351582184
2771,33,2026-04-27,15:29:07.687,49.8,759.842,100,1/1000.0,1.7,0,default,24.0,32.10389,35.209199,5473,32.103455996069805,35.20907091264788,49.79999999999999,194.03624344820483
2772,34,2026-04-27,15:29:07.720,49.8,759.842,100,1/1000.0,1.7,0,default,24.0,32.103886,35.209198,5474,32.10345199606981,35.2090699126535,49.79999999999999,194.03624344820483
2773,33,2026-04-27,15:29:07.754,49.8,759.842,100,1/1000.0,1.7,0,default,24.0,32.103886,35.209198,5475,32.10345199606981,35.2090699126535,49.79999999999999,194.03624344820483
2774,33,2026-04-27,15:29:07.787,49.8,759.842,100,1/1000.0,1.7,0,default,24.0,32.103886,35.209198,5476,32.10345199606976,35.20906991265374,49.79999999999999,194.03624342143976
2775,34,2026-04-27,15:29:07.820,49.8,759.842,100,1/1000.0,1.7,0,default,24.0,32.103881,35.209196,5477,32.103446996069756,35.20906791266075,49.79999999999999,194.03624342143976
2776,33,2026-04-27,15:29:07.854,49.8,759.842,100,1/1000.0,1.7,0,default,24.0,32.103881,35.209196,5478,32.103446996069756,35.20906791266075,49.79999999999999,194.03624342143976
2777,33,2026-04-27,15:29:07.886,49.8,759.842,100,1/1000.0,1.7,0,default,24.0,32.103881,35.209196,5478,32.103442508833496,35.20909135675995,49.79999999999999,191.4284351045519
2778,34,2026-04-27,15:29:07.921,49.8,759.842,100,1/1000.0,1.7,0,default,24.0,32.103875,35.209195,5479,32.1034365088335,35.20909035676682,49.79999999999999,191.4284351045519
2779,33,2026-04-27,15:29:07.953,49.8,759.842,100,1/1000.0,1.7,0,default,24.0,32.103875,35.209195,5479,32.1034365088335,35.20909035676682,49.79999999999999,191.4284351045519
2780,33,2026-04-27,15:29:07.986,49.8,759.842,100,1/1000.0,1.7,0,default,24.0,32.103875,35.209195,5480,32.10343650883347,35.209090356766964,49.79999999999999,191.42843508934666
2781,34,2026-04-27,15:29:08.021,49.8,759.842,100,1/1000.0,1.7,0,default,24.0,32.103871,35.209194,5481,32.103432508833464,35.20908935677154,49.79999999999999,191.42843508934666
2782,33,2026-04-27,15:29:08.054,49.8,759.842,100,1/1000.0,1.7,0,default,24.0,32.103871,35.209194,5482,32.103432508833464,35.20908935677154,49.79999999999999,191.42843508934666
2783,34,2026-04-27,15:29:08.087,49.8,759.842,100,1/1000.0,1.7,0,default,24.0,32.103871,35.209194,5482,32.10342992713689,35.20910576387402,49.79999999999999,189.61789381214024
2784,33,2026-04-27,15:29:08.120,49.8,759.842,100,1/1000.0,1.7,0,default,24.0,32.103866,35.209194,5483,32.103424927136885,35.20910576387885,49.79999999999999,189.61789381214024
2785,33,2026-04-27,15:29:08.154,49.8,759.842,100,1/1000.0,1.7,0,default,24.0,32.103866,35.209194,5484,32.103424927136885,35.20910576387885,49.79999999999999,189.61789381214024
2786,34,2026-04-27,15:29:08.187,49.8,759.842,100,1/1000.0,1.7,0,default,24.0,32.103866,35.209194,5484,32.10341863898851,35.209194,49.79999999999999,180.0
2787,33,2026-04-27,15:29:08.221,49.8,759.842,100,1/1000.0,1.7,0,default,24.0,32.103861,35.209193,5484,32.10341363898851,35.209193,49.79999999999999,180.0
2788,33,2026-04-27,15:29:08.254,49.8,759.842,100,1/1000.0,1.7,0,default,24.0,32.103861,35.209193,5484,32.10341363898851,35.209193,49.79999999999999,180.0
2789,34,2026-04-27,15:29:08.288,49.8,759.842,100,1/1000.0,1.7,0,default,24.0,32.103861,35.209193,5484,32.10341363898851,35.209193,49.79999999999999,180.0
2790,33,2026-04-27,15:29:08.321,49.8,759.842,100,1/1000.0,1.7,0,default,24.0,32.103856,35.209194,5484,32.10340863898851,35.209194,49.79999999999999,180.0
2791,34,2026-04-27,15:29:08.354,49.8,759.842,100,1/1000.0,1.7,0,default,24.0,32.103856,35.209194,5484,32.10340863898851,35.209194,49.79999999999999,180.0
2792,33,2026-04-27,15:29:08.388,49.8,759.842,100,1/1000.0,1.7,0,default,24.0,32.103856,35.209194,5484,32.103417508833466,35.20929864321126,49.79999999999999,168.57156491065334
2793,33,2026-04-27,15:29:08.420,49.8,759.842,100,1/1000.0,1.7,0,default,24.0,32.103851,35.209194,5484,32.103412508833465,35.209298643205535,49.79999999999999,168.57156491065334
2794,34,2026-04-27,15:29:08.454,49.8,759.842,100,1/1000.0,1.7,0,default,24.0,32.103851,35.209194,5484,32.103412508833465,35.209298643205535,49.79999999999999,168.57156491065334
2795,33,2026-04-27,15:29:08.488,49.8,759.842,100,1/1000.0,1.7,0,default,24.0,32.103851,35.209194,5484,32.103412508833465,35.209298643205535,49.79999999999999,168.57156491065334
2796,33,2026-04-27,15:29:08.521,49.8,759.842,100,1/1000.0,1.7,0,default,24.0,32.103846,35.209195,5484,32.10340750883346,35.20929964319981,49.79999999999999,168.57156491065334
2797,34,2026-04-27,15:29:08.554,49.8,759.842,100,1/1000.0,1.7,0,default,24.0,32.103846,35.209195,5483,32.10340750883346,35.20929964319981,49.79999999999999,168.57156491065334
2798,33,2026-04-27,15:29:08.587,49.8,759.842,100,1/1000.0,1.7,0,default,24.0,32.103846,35.209195,5483,32.10340750883347,35.20929964319984,49.79999999999999,168.57156490716508
2799,33,2026-04-27,15:29:08.621,49.8,759.842,100,1/1000.0,1.7,0,default,24.0,32.103841,35.209196,5483,32.103402508833476,35.20930064319411,49.79999999999999,168.57156490716508
2800,34,2026-04-27,15:29:08.654,49.8,759.842,100,1/1000.0,1.7,0,default,24.0,32.103841,35.209196,5483,32.103402508833476,35.2093006431941,49.79999999999999,168.57156490832782
2801,33,2026-04-27,15:29:08.688,49.8,759.842,100,1/1000.0,1.7,0,default,24.0,32.103841,35.209196,5483,32.1034025088335,35.20930064319424,49.79999999999999,168.57156489312263
2802,34,2026-04-27,15:29:08.721,49.8,759.842,100,1/1000.0,1.7,0,default,24.0,32.103837,35.209198,5483,32.10339850883349,35.20930264318965,49.79999999999999,168.57156489312263
2803,33,2026-04-27,15:29:08.755,49.8,759.842,100,1/1000.0,1.7,0,default,24.0,32.103837,35.209198,5483,32.10339850883349,35.20930264318965,49.79999999999999,168.57156489312263
2804,33,2026-04-27,15:29:08.788,49.8,759.842,100,1/1000.0,1.7,0,default,24.0,32.103837,35.209198,5483,32.10339850883359,35.20930264319021,49.79999999999999,168.57156483113897
2805,34,2026-04-27,15:29:08.821,49.8,759.842,100,1/1000.0,1.7,0,default,24.0,32.103832,35.209199,5484,32.10339350883359,35.209303643184484,49.79999999999999,168.57156483113897
2806,33,2026-04-27,15:29:08.855,49.8,759.842,100,1/1000.0,1.7,0,default,24.0,32.103832,35.209199,5484,32.10339350883359,35.209303643184484,49.79999999999999,168.57156483113897
2807,33,2026-04-27,15:29:08.888,49.8,759.842,100,1/1000.0,1.7,0,default,24.0,32.103832,35.209199,5485,32.10339799606989,35.20932708727116,49.79999999999999,165.96375650671715
2808,34,2026-04-27,15:29:08.922,49.8,759.842,100,1/1000.0,1.7,0,default,24.0,32.103828,35.209201,5485,32.10339399606989,35.20932908726556,49.79999999999999,165.96375650671715
2809,33,2026-04-27,15:29:08.955,49.8,759.842,100,1/1000.0,1.7,0,default,24.0,32.103828,35.209201,5486,32.10339399606989,35.20932908726556,49.79999999999999,165.96375650671715
2810,33,2026-04-27,15:29:08.988,49.8,759.842,100,1/1000.0,1.7,0,default,24.0,32.103828,35.209201,5487,32.10340359608025,35.209368005361824,49.79999999999999,161.56505115672243
2811,34,2026-04-27,15:29:09.022,49.8,759.842,100,1/1000.0,1.7,0,default,24.0,32.103822,35.209203,5488,32.10339759608025,35.209370005350856,49.79999999999999,161.56505115672243
2812,33,2026-04-27,15:29:09.054,49.8,759.842,100,1/1000.0,1.7,0,default,24.0,32.103822,35.209203,5490,32.10339759608025,35.209370005350856,49.79999999999999,161.56505115672243
2813,34,2026-04-27,15:29:09.088,49.8,759.842,100,1/1000.0,1.7,0,default,24.0,32.103817,35.209205,5491,32.10339259608025,35.209372005341706,49.79999999999999,161.56505115672243
2814,33,2026-04-27,15:29:09.121,49.8,759.842,100,1/1000.0,1.7,0,default,24.0,32.103817,35.209205,5492,32.10339259608025,35.209372005341706,49.79999999999999,161.56505115672243
2815,33,2026-04-27,15:29:09.155,49.8,759.842,100,1/1000.0,1.7,0,default,24.0,32.103817,35.209205,5493,32.10339259608025,35.209372005341706,49.79999999999999,161.56505115672243
2816,34,2026-04-27,15:29:09.188,49.8,759.842,100,1/1000.0,1.7,0,default,24.0,32.103817,35.209205,5494,32.10339259608025,35.209372005341706,49.79999999999999,161.56505115672243
2817,33,2026-04-27,15:29:09.222,49.8,759.842,110,1/1000.0,1.7,0,default,24.0,32.103812,35.209207,5495,32.103387596080246,35.20937400533256,49.79999999999999,161.56505115672243
2818,33,2026-04-27,15:29:09.255,49.8,759.842,100,1/1000.0,1.7,0,default,24.0,32.103812,35.209207,5497,32.103387596080246,35.20937400533256,49.79999999999999,161.56505115672243
2819,34,2026-04-27,15:29:09.289,49.8,759.842,110,1/1000.0,1.7,0,default,24.0,32.103806,35.209209,5498,32.10338159608025,35.209376005321595,49.79999999999999,161.56505115672243
2820,33,2026-04-27,15:29:09.322,49.8,759.842,110,1/1000.0,1.7,0,default,24.0,32.103806,35.209209,5498,32.10338159608025,35.209376005321595,49.79999999999999,161.56505115672243
2821,34,2026-04-27,15:29:09.355,49.8,759.842,110,1/1000.0,1.7,0,default,24.0,32.103806,35.209209,5499,32.10338159608025,35.209376005321595,49.79999999999999,161.56505115672243
2822,33,2026-04-27,15:29:09.389,49.8,759.842,110,1/1000.0,1.7,0,default,24.0,32.103806,35.209209,5500,32.10338159608025,35.209376005321595,49.79999999999999,161.56505115672243
2823,33,2026-04-27,15:29:09.422,49.8,759.842,110,1/1000.0,1.7,0,default,24.0,32.103801,35.209212,5501,32.103376596080246,35.20937900531245,49.79999999999999,161.56505115672243
2824,34,2026-04-27,15:29:09.455,49.8,759.842,110,1/1000.0,1.7,0,default,24.0,32.103801,35.209212,5502,32.103376596080246,35.20937900531245,49.79999999999999,161.56505115672243
2825,33,2026-04-27,15:29:09.489,49.8,759.842,110,1/1000.0,1.7,0,default,24.0,32.103795,35.209213,5502,32.10337963572825,35.20940913777889,49.79999999999999,158.19859056980144
2826,33,2026-04-27,15:29:09.522,49.8,759.842,100,1/1000.0,1.7,0,default,24.0,32.103795,35.209213,5503,32.10337963572825,35.20940913777889,49.79999999999999,158.19859056980144
2827,34,2026-04-27,15:29:09.556,49.8,759.842,110,1/1000.0,1.7,0,default,24.0,32.103795,35.209213,5504,32.10337963572825,35.20940913777889,49.79999999999999,158.19859056980144
2828,33,2026-04-27,15:29:09.589,49.8,759.842,110,1/1000.0,1.7,0,default,24.0,32.10379,35.209216,5505,32.10337463572825,35.209412137768155,49.79999999999999,158.19859056980144
2829,33,2026-04-27,15:29:09.622,49.8,759.842,100,1/1000.0,1.7,0,default,24.0,32.10379,35.209216,5506,32.10337463572846,35.20941213776875,49.79999999999999,158.19859049960988
2830,34,2026-04-27,15:29:09.656,49.8,759.842,100,1/1000.0,1.7,0,default,24.0,32.10379,35.209216,5507,32.10337463572846,35.20941213776875,49.79999999999999,158.19859049960988
2831,33,2026-04-27,15:29:09.689,49.8,759.842,100,1/1000.0,1.7,0,default,24.0,32.103782,35.209218,5508,32.103370810349624,35.20942603550103,49.79999999999999,156.80140950039012
2832,34,2026-04-27,15:29:09.722,49.8,759.842,100,1/1000.0,1.7,0,default,24.0,32.103782,35.209218,5509,32.103370810349624,35.20942603550103,49.79999999999999,156.80140950039012
2833,33,2026-04-27,15:29:09.755,49.8,759.842,100,1/1000.0,1.7,0,default,24.0,32.103782,35.209218,5510,32.103370810349624,35.20942603550103,49.79999999999999,156.80140950039012
2834,33,2026-04-27,15:29:09.789,49.8,759.842,100,1/1000.0,1.7,0,default,24.0,32.103776,35.20922,5511,32.103364810349625,35.20942803548736,49.79999999999999,156.80140950039012
2835,34,2026-04-27,15:29:09.823,49.8,759.842,100,1/1000.0,1.7,0,default,24.0,32.103776,35.20922,5512,32.103364810349625,35.20942803548736,49.79999999999999,156.80140950039012
2836,33,2026-04-27,15:29:09.856,49.8,759.842,100,1/1000.0,1.7,0,default,24.0,32.103776,35.20922,5514,32.103364810349625,35.20942803548736,49.79999999999999,156.80140950039012
2837,33,2026-04-27,15:29:09.889,49.8,759.842,100,1/1000.0,1.7,0,default,24.0,32.103769,35.209223,5515,32.10335781034962,35.20943103547142,49.79999999999999,156.80140950039012
2838,34,2026-04-27,15:29:09.923,49.8,759.842,100,1/1000.0,1.7,0,default,24.0,32.103769,35.209223,5516,32.10335781034962,35.20943103547142,49.79999999999999,156.80140950039012
2839,33,2026-04-27,15:29:09.956,49.8,759.842,100,1/1000.0,1.7,0,default,24.0,32.103769,35.209223,5517,32.10335781034962,35.20943103547142,49.79999999999999,156.80140950039012
2840,33,2026-04-27,15:29:09.989,49.8,759.842,100,1/1000.0,1.7,0,default,24.0,32.103763,35.209225,5519,32.10335181034962,35.20943303545776,49.79999999999999,156.80140950039012
2841,34,2026-04-27,15:29:10.023,49.8,759.842,100,1/1000.0,1.7,0,default,24.0,32.103763,35.209225,5521,32.10335181034962,35.20943303545776,49.79999999999999,156.80140950039012
2842,33,2026-04-27,15:29:10.056,49.8,759.842,100,1/1000.0,1.7,0,default,24.0,32.103763,35.209225,5522,32.10335181034962,35.20943303545776,49.79999999999999,156.80140950039012
2843,34,2026-04-27,15:29:10.090,49.8,759.842,100,1/1000.0,1.7,0,default,24.0,32.103756,35.209228,5523,32.10336758186986,35.20949001936231,49.79999999999999,150.25511866547834
2844,33,2026-04-27,15:29:10.122,49.8,759.842,100,1/1000.0,1.7,0,default,24.0,32.103756,35.209228,5524,32.10336758186986,35.20949001936231,49.79999999999999,150.25511866547834
2845,33,2026-04-27,15:29:10.155,49.8,759.842,100,1/1000.0,1.7,0,default,24.0,32.103756,35.209228,5524,32.10336758186986,35.20949001936231,49.79999999999999,150.25511866547834
2846,34,2026-04-27,15:29:10.190,49.8,759.842,100,1/1000.0,1.7,0,default,24.0,32.10375,35.20923,5524,32.10336639109735,35.20950171388953,49.79999999999999,149.03624347990032
2847,33,2026-04-27,15:29:10.223,49.8,759.842,100,1/1000.0,1.7,0,default,24.0,32.10375,35.20923,5525,32.10336639109735,35.20950171388953,49.79999999999999,149.03624347990032
2848,33,2026-04-27,15:29:10.256,49.8,759.842,100,1/1000.0,1.7,0,default,24.0,32.10375,35.20923,5526,32.10336639109735,35.20950171388953,49.79999999999999,149.03624347990032
2849,34,2026-04-27,15:29:10.290,49.8,759.842,100,1/1000.0,1.7,0,default,24.0,32.103743,35.209234,5527,32.10335939109736,35.20950571386871,49.79999999999999,149.03624347990032
2850,33,2026-04-27,15:29:10.322,49.8,759.842,100,1/1000.0,1.7,0,default,24.0,32.103743,35.209234,5528,32.10335939109736,35.20950571386871,49.79999999999999,149.03624347990032
2851,34,2026-04-27,15:29:10.356,49.8,759.842,100,1/1000.0,1.7,0,default,24.0,32.103743,35.209234,5529,32.10335939109736,35.20950571386871,49.79999999999999,149.03624347990032
2852,33,2026-04-27,15:29:10.390,49.8,759.842,100,1/1000.0,1.7,0,default,24.0,32.103738,35.209237,5530,32.103354391097355,35.20950871385383,49.79999999999999,149.03624347990032
2853,33,2026-04-27,15:29:10.422,49.8,759.842,100,1/1000.0,1.7,0,default,24.0,32.103738,35.209237,5531,32.103354391097355,35.20950871385383,49.79999999999999,149.03624347990032
2854,34,2026-04-27,15:29:10.457,49.8,759.842,100,1/1000.0,1.7,0,default,24.0,32.103738,35.209237,5532,32.10336577313865,35.20952994649458,49.79999999999999,146.30993248967835
2855,33,2026-04-27,15:29:10.489,49.8,759.842,100,1/1000.0,1.7,0,default,24.0,32.103732,35.209241,5532,32.10335977313865,35.209533946475325,49.79999999999999,146.30993248967835
2856,33,2026-04-27,15:29:10.523,49.8,759.842,100,1/1000.0,1.7,0,default,24.0,32.103732,35.209241,5532,32.10335977313865,35.209533946475325,49.79999999999999,146.30993248967835
2857,34,2026-04-27,15:29:10.557,49.8,759.842,100,1/1000.0,1.7,0,default,24.0,32.103732,35.209241,5533,32.10336796737121,35.2095479616369,49.79999999999999,144.4623222135271
2858,33,2026-04-27,15:29:10.589,49.8,759.842,100,1/1000.0,1.7,0,default,24.0,32.103725,35.209246,5533,32.10336096737121,35.209552961613376,49.79999999999999,144.4623222135271
2859,33,2026-04-27,15:29:10.623,49.8,759.842,100,1/1000.0,1.7,0,default,24.0,32.103725,35.209246,5534,32.10336096737121,35.209552961613376,49.79999999999999,144.4623222135271
2860,34,2026-04-27,15:29:10.656,49.8,759.842,100,1/1000.0,1.7,0,default,24.0,32.103725,35.209246,5534,32.10340866799513,35.209619434920064,49.79999999999999,135.0
2861,33,2026-04-27,15:29:10.690,49.8,759.842,100,1/1000.0,1.7,0,default,24.0,32.103721,35.209251,5534,32.103404667995136,35.20962443490371,49.79999999999999,135.0
2862,34,2026-04-27,15:29:10.724,49.8,759.842,100,1/1000.0,1.7,0,default,24.0,32.103721,35.209251,5534,32.103404667995136,35.20962443490371,49.79999999999999,135.0
2863,33,2026-04-27,15:29:10.757,49.8,759.842,100,1/1000.0,1.7,0,default,24.0,32.103721,35.209251,5534,32.10344153579129,35.20966338986272,49.79999999999999,128.6598083136673
2864,33,2026-04-27,15:29:10.790,49.8,759.842,100,1/1000.0,1.7,0,default,24.0,32.103716,35.209256,5533,32.10343653579129,35.20966838984014,49.79999999999999,128.6598083136673
2865,34,2026-04-27,15:29:10.822,49.8,759.842,100,1/1000.0,1.7,0,default,24.0,32.103716,35.209256,5532,32.10343653579129,35.20966838984014,49.79999999999999,128.6598083136673
2866,33,2026-04-27,15:29:10.856,49.8,759.842,100,1/1000.0,1.7,0,default,24.0,32.103716,35.209256,5531,32.10343653579183,35.20966838984066,49.79999999999999,128.65980822430149
2867,33,2026-04-27,15:29:10.890,49.8,759.842,100,1/1000.0,1.7,0,default,24.0,32.103712,35.209262,5529,32.10343253579183,35.209674389822595,49.79999999999999,128.65980822430149
2868,34,2026-04-27,15:29:10.924,49.8,759.842,100,1/1000.0,1.7,0,default,24.0,32.103712,35.209262,5527,32.10343253579183,35.209674389822595,49.79999999999999,128.65980822430149
2869,33,2026-04-27,15:29:10.956,49.8,759.842,100,1/1000.0,1.7,0,default,24.0,32.103712,35.209262,5525,32.10343253579183,35.209674389822595,49.79999999999999,128.65980822430149
2870,33,2026-04-27,15:29:10.989,49.7,759.742,100,1/1000.0,1.7,0,default,24.0,32.103708,35.209267,5523,32.10342909696494,35.20967856171255,49.699999999999996,128.65980822430149
2871,34,2026-04-27,15:29:11.024,49.7,759.742,100,1/1000.0,1.7,0,default,24.0,32.103708,35.209267,5520,32.10342909696494,35.20967856171255,49.699999999999996,128.65980822430149
2872,33,2026-04-27,15:29:11.057,49.7,759.742,100,1/1000.0,1.7,0,default,24.0,32.103708,35.209267,5518,32.103460347054906,35.2097055372291,49.699999999999996,123.69006751032168
2873,34,2026-04-27,15:29:11.090,49.7,759.742,100,1/1000.0,1.7,0,default,24.0,32.103704,35.209272,5516,32.10345634705491,35.209710537209894,49.699999999999996,123.69006751032168
2874,33,2026-04-27,15:29:11.123,49.7,759.742,100,1/1000.0,1.7,0,default,24.0,32.103704,35.209272,5514,32.10345634705491,35.209710537209894,49.699999999999996,123.69006751032168
2875,33,2026-04-27,15:29:11.157,49.7,759.742,100,1/1000.0,1.7,0,default,24.0,32.103704,35.209272,5511,32.103504335812374,35.2097434133357,49.699999999999996,116.56505117707799
2876,34,2026-04-27,15:29:11.189,49.7,759.742,100,1/1000.0,1.7,0,default,24.0,32.103701,35.209279,5508,32.103501335812375,35.209750413320215,49.699999999999996,116.56505117707799
2877,33,2026-04-27,15:29:11.224,49.7,759.742,100,1/1000.0,1.7,0,default,24.0,32.103701,35.209279,5505,32.103501335812375,35.209750413320215,49.699999999999996,116.56505117707799
2878,33,2026-04-27,15:29:11.257,49.7,759.742,100,1/1000.0,1.7,0,default,24.0,32.103701,35.209279,5502,32.10352512972797,35.20976344100846,49.699999999999996,113.19859049960988
2879,34,2026-04-27,15:29:11.291,49.7,759.742,100,1/1000.0,1.7,0,default,24.0,32.103698,35.209285,5500,32.10352212972797,35.20976944099255,49.699999999999996,113.19859049960988
2880,33,2026-04-27,15:29:11.324,49.7,759.742,100,1/1000.0,1.7,0,default,24.0,32.103698,35.209285,5497,32.10352212972797,35.20976944099255,49.699999999999996,113.19859049960988
2881,34,2026-04-27,15:29:11.357,49.7,759.742,100,1/1000.0,1.7,0,default,24.0,32.103698,35.209285,5495,32.10353218791719,35.209774359301214,49.699999999999996,111.80140950039012
2882,33,2026-04-27,15:29:11.391,49.7,759.742,100,1/1000.0,1.7,0,default,24.0,32.103696,35.209292,5494,32.10353018791719,35.20978135929049,49.699999999999996,111.80140950039012
2883,33,2026-04-27,15:29:11.423,49.7,759.742,100,1/1000.0,1.7,0,default,24.0,32.103696,35.209292,5492,32.10353018791719,35.20978135929049,49.699999999999996,111.80140950039012
2884,34,2026-04-27,15:29:11.457,49.7,759.742,100,1/1000.0,1.7,0,default,24.0,32.103696,35.209292,5489,32.10357334726436,35.20979877704828,49.699999999999996,105.94539592396688
2885,33,2026-04-27,15:29:11.491,49.7,759.742,100,1/1250.0,1.7,0,default,24.0,32.103694,35.209297,5486,32.10357134726436,35.20980377703718,49.699999999999996,105.94539592396688
2886,33,2026-04-27,15:29:11.524,49.7,759.742,100,1/1250.0,1.7,0,default,24.0,32.103694,35.209297,5484,32.10357134726436,35.20980377703718,49.699999999999996,105.94539592396688
2887,34,2026-04-27,15:29:11.557,49.7,759.742,100,1/1250.0,1.7,0,default,24.0,32.103694,35.209297,5480,32.10360644146165,35.20981382100154,49.699999999999996,101.3099324583621
2888,33,2026-04-27,15:29:11.591,49.7,759.742,100,1/1250.0,1.7,0,default,24.0,32.103693,35.209304,5476,32.10360544146165,35.20982082099589,49.699999999999996,101.3099324583621
2889,33,2026-04-27,15:29:11.624,49.7,759.742,100,1/1250.0,1.7,0,default,24.0,32.103693,35.209304,5471,32.10360544146165,35.20982082099589,49.699999999999996,101.3099324583621
2890,34,2026-04-27,15:29:11.658,49.7,759.742,100,1/1250.0,1.7,0,default,24.0,32.103693,35.209304,5466,32.10362986063974,35.20982575888818,49.699999999999996,98.13010238672486
2891,33,2026-04-27,15:29:11.690,49.7,759.742,100,1/1250.0,1.7,0,default,24.0,32.103692,35.209309,5461,32.103628860639745,35.20983075888246,49.699999999999996,98.13010238672486
2892,34,2026-04-27,15:29:11.725,49.7,759.742,100,1/1250.0,1.7,0,default,24.0,32.103692,35.209309,5455,32.103628860639745,35.20983075888246,49.699999999999996,98.13010238672486
2893,33,2026-04-27,15:29:11.758,49.7,759.742,100,1/1250.0,1.7,0,default,24.0,32.103692,35.209309,5449,32.10362886064018,35.20983075888253,49.699999999999996,98.13010233086924
2894,33,2026-04-27,15:29:11.791,49.7,759.742,100,1/1250.0,1.7,0,default,24.0,32.103691,35.209316,5443,32.103627860640174,35.20983775887682,49.699999999999996,98.13010233086924
2895,34,2026-04-27,15:29:11.825,49.7,759.742,100,1/1250.0,1.7,0,default,24.0,32.103691,35.209316,5437,32.103627860640174,35.20983775887682,49.699999999999996,98.13010233086924
2896,33,2026-04-27,15:29:11.858,49.7,759.742,100,1/1250.0,1.7,0,default,24.0,32.103691,35.209316,5431,32.103691,35.20984305605704,49.699999999999996,90.0
2897,33,2026-04-27,15:29:11.891,49.7,759.742,100,1/1250.0,1.7,0,default,24.0,32.103691,35.209322,5426,32.103691,35.20984905605704,49.699999999999996,90.0
2898,34,2026-04-27,15:29:11.925,49.7,759.742,110,1/1250.0,1.7,0,default,24.0,32.103691,35.209322,5420,32.103691,35.20984905605704,49.699999999999996,90.0
2899,33,2026-04-27,15:29:11.958,49.7,759.742,100,1/1250.0,1.7,0,default,24.0,32.103691,35.209322,5415,32.103691,35.20984905605704,49.699999999999996,90.0
2900,33,2026-04-27,15:29:11.991,49.7,759.742,110,1/1250.0,1.7,0,default,24.0,32.103691,35.209328,5410,32.103691,35.20985505605704,49.699999999999996,90.0
2901,34,2026-04-27,15:29:12.025,49.7,759.742,110,1/1250.0,1.7,0,default,24.0,32.103691,35.209328,5405,32.103691,35.20985505605704,49.699999999999996,90.0
2902,33,2026-04-27,15:29:12.058,49.7,759.742,110,1/1250.0,1.7,0,default,24.0,32.103691,35.209328,5401,32.103691,35.20985505605704,49.699999999999996,90.0
2903,34,2026-04-27,15:29:12.091,49.8,759.842,110,1/1250.0,1.7,0,default,24.0,32.103691,35.209333,5397,32.103691,35.209861116532004,49.79999999999999,90.0
2904,33,2026-04-27,15:29:12.124,49.8,759.842,110,1/1250.0,1.7,0,default,24.0,32.103691,35.209333,5393,32.103691,35.209861116532004,49.79999999999999,90.0
2905,33,2026-04-27,15:29:12.157,49.8,759.842,110,1/1250.0,1.7,0,default,24.0,32.103691,35.209333,5388,32.103691,35.209861116532004,49.79999999999999,90.0
2906,34,2026-04-27,15:29:12.191,49.8,759.842,110,1/1250.0,1.7,0,default,24.0,32.103691,35.209339,5385,32.103691,35.209867116532,49.79999999999999,90.0
2907,33,2026-04-27,15:29:12.224,49.8,759.842,110,1/1250.0,1.7,0,default,24.0,32.103691,35.209339,5382,32.103691,35.209867116532,49.79999999999999,90.0
2908,33,2026-04-27,15:29:12.258,49.8,759.842,110,1/1250.0,1.7,0,default,24.0,32.103691,35.209339,5378,32.103691,35.209867116532,49.79999999999999,90.0
2909,34,2026-04-27,15:29:12.292,49.8,759.842,110,1/1250.0,1.7,0,default,24.0,32.103691,35.209345,5375,32.103691,35.209873116532,49.79999999999999,90.0
2910,33,2026-04-27,15:29:12.325,49.8,759.842,110,1/1250.0,1.7,0,default,24.0,32.103691,35.209345,5372,32.103691,35.209873116532,49.79999999999999,90.0
2911,34,2026-04-27,15:29:12.358,49.8,759.842,110,1/1600.0,1.7,0,default,24.0,32.103691,35.209345,5370,32.103691,35.209873116532,49.79999999999999,90.0
2912,33,2026-04-27,15:29:12.392,49.8,759.842,110,1/1600.0,1.7,0,default,24.0,32.103691,35.209351,5368,32.103691,35.209879116532,49.79999999999999,90.0
2913,33,2026-04-27,15:29:12.425,49.8,759.842,110,1/1600.0,1.7,0,default,24.0,32.103691,35.209351,5366,32.103691,35.209879116532,49.79999999999999,90.0
2914,34,2026-04-27,15:29:12.458,49.8,759.842,110,1/1600.0,1.7,0,default,24.0,32.103691,35.209351,5364,32.103691,35.209879116532,49.79999999999999,90.0
2915,33,2026-04-27,15:29:12.492,49.8,759.842,110,1/1600.0,1.7,0,default,24.0,32.103692,35.209358,5362,32.103692,35.20988611653778,49.79999999999999,90.0
2916,33,2026-04-27,15:29:12.525,49.8,759.842,110,1/1600.0,1.7,0,default,24.0,32.103692,35.209358,5360,32.103692,35.20988611653778,49.79999999999999,90.0
2917,34,2026-04-27,15:29:12.559,49.8,759.842,110,1/1600.0,1.7,0,default,24.0,32.103692,35.209358,5358,32.103692,35.20988611653778,49.79999999999999,90.0
2918,33,2026-04-27,15:29:12.592,49.8,759.842,110,1/1600.0,1.7,0,default,24.0,32.103692,35.209365,5356,32.103692,35.20989311653778,49.79999999999999,90.0
2919,33,2026-04-27,15:29:12.625,49.8,759.842,110,1/1600.0,1.7,0,default,24.0,32.103692,35.209365,5354,32.103692,35.20989311653778,49.79999999999999,90.0
2920,34,2026-04-27,15:29:12.659,49.8,759.842,110,1/1600.0,1.7,0,default,24.0,32.103692,35.209365,5353,32.103692,35.20989311653778,49.79999999999999,90.0
2921,33,2026-04-27,15:29:12.691,49.8,759.842,110,1/1600.0,1.7,0,default,24.0,32.103692,35.209372,5351,32.103692,35.20990011653778,49.79999999999999,90.0
2922,34,2026-04-27,15:29:12.725,49.8,759.842,110,1/1600.0,1.7,0,default,24.0,32.103692,35.209372,5350,32.103692,35.20990011653778,49.79999999999999,90.0
2923,33,2026-04-27,15:29:12.759,49.8,759.842,110,1/1600.0,1.7,0,default,24.0,32.103692,35.209372,5348,32.103692,35.20990011653778,49.79999999999999,90.0
2924,33,2026-04-27,15:29:12.792,49.8,759.842,110,1/1600.0,1.7,0,default,24.0,32.103692,35.20938,5347,32.103692,35.20990811653778,49.79999999999999,90.0
2925,34,2026-04-27,15:29:12.826,49.8,759.842,110,1/1600.0,1.7,0,default,24.0,32.103692,35.20938,5347,32.103692,35.20990811653778,49.79999999999999,90.0
2926,33,2026-04-27,15:29:12.859,49.8,759.842,110,1/1600.0,1.7,0,default,24.0,32.103692,35.20938,5346,32.103692,35.20990811653778,49.79999999999999,90.0
2927,33,2026-04-27,15:29:12.892,49.8,759.842,110,1/1600.0,1.7,0,default,24.0,32.103693,35.209387,5346,32.103693,35.20991511654356,49.79999999999999,90.0
2928,34,2026-04-27,15:29:12.926,49.8,759.842,110,1/1600.0,1.7,0,default,24.0,32.103693,35.209387,5345,32.103693,35.20991511654356,49.79999999999999,90.0
2929,33,2026-04-27,15:29:12.959,49.8,759.842,110,1/1600.0,1.7,0,default,24.0,32.103693,35.209387,5345,32.103693,35.20991511654356,49.79999999999999,90.0
2930,33,2026-04-27,15:29:12.992,49.8,759.842,110,1/1600.0,1.7,0,default,24.0,32.103693,35.209394,5344,32.103693,35.20992211654357,49.79999999999999,90.0
2931,34,2026-04-27,15:29:13.025,49.8,759.842,110,1/1600.0,1.7,0,default,24.0,32.103693,35.209394,5344,32.103693,35.20992211654357,49.79999999999999,90.0
2932,33,2026-04-27,15:29:13.059,49.8,759.842,110,1/1600.0,1.7,0,default,24.0,32.103693,35.209394,5343,32.103693,35.20992211654357,49.79999999999999,90.0
2933,34,2026-04-27,15:29:13.092,49.8,759.842,110,1/1600.0,1.7,0,default,24.0,32.103693,35.209399,5343,32.103693,35.20992711654356,49.79999999999999,90.0
2934,33,2026-04-27,15:29:13.125,49.8,759.842,110,1/1600.0,1.7,0,default,24.0,32.103693,35.209399,5342,32.103693,35.20992711654356,49.79999999999999,90.0
2935,33,2026-04-27,15:29:13.158,49.8,759.842,110,1/1600.0,1.7,0,default,24.0,32.103693,35.209399,5342,32.103693,35.20992711654356,49.79999999999999,90.0
2936,34,2026-04-27,15:29:13.193,49.8,759.842,110,1/1600.0,1.7,0,default,24.0,32.103693,35.209406,5342,32.103693,35.209934116543565,49.79999999999999,90.0
2937,33,2026-04-27,15:29:13.226,49.8,759.842,110,1/1600.0,1.7,0,default,24.0,32.103693,35.209406,5341,32.103693,35.209934116543565,49.79999999999999,90.0
2938,33,2026-04-27,15:29:13.259,49.8,759.842,110,1/1600.0,1.7,0,default,24.0,32.103693,35.209406,5341,32.103693,35.209934116543565,49.79999999999999,90.0
2939,34,2026-04-27,15:29:13.293,49.8,759.842,110,1/1600.0,1.7,0,default,24.0,32.103693,35.209411,5340,32.103693,35.209939116543566,49.79999999999999,90.0
2940,33,2026-04-27,15:29:13.326,49.8,759.842,110,1/1600.0,1.7,0,default,24.0,32.103693,35.209411,5340,32.103693,35.209939116543566,49.79999999999999,90.0
2941,34,2026-04-27,15:29:13.359,49.8,759.842,110,1/1600.0,1.7,0,default,24.0,32.103693,35.209411,5340,32.103693,35.209939116543566,49.79999999999999,90.0
2942,33,2026-04-27,15:29:13.393,49.8,759.842,110,1/1600.0,1.7,0,default,24.0,32.103693,35.209415,5340,32.103693,35.20994311654356,49.79999999999999,90.0
2943,33,2026-04-27,15:29:13.426,49.8,759.842,110,1/1600.0,1.7,0,default,24.0,32.103693,35.209415,5340,32.103693,35.20994311654356,49.79999999999999,90.0
2944,34,2026-04-27,15:29:13.459,49.8,759.842,110,1/1600.0,1.7,0,default,24.0,32.103693,35.209415,5340,32.103693,35.20994311654356,49.79999999999999,90.0
2945,33,2026-04-27,15:29:13.493,49.8,759.842,110,1/1600.0,1.7,0,default,24.0,32.103693,35.209419,5339,32.103693,35.20994711654356,49.79999999999999,90.0
2946,33,2026-04-27,15:29:13.526,49.8,759.842,110,1/1600.0,1.7,0,default,24.0,32.103693,35.209419,5339,32.103693,35.20994711654356,49.79999999999999,90.0
2947,34,2026-04-27,15:29:13.560,49.8,759.842,110,1/1600.0,1.7,0,default,24.0,32.103693,35.209419,5339,32.103693,35.20994711654356,49.79999999999999,90.0
2948,33,2026-04-27,15:29:13.593,49.8,759.842,110,1/1600.0,1.7,0,default,24.0,32.103693,35.209424,5339,32.103693,35.20995211654356,49.79999999999999,90.0
2949,33,2026-04-27,15:29:13.626,49.8,759.842,110,1/1600.0,1.7,0,default,24.0,32.103693,35.209424,5339,32.103693,35.20995211654356,49.79999999999999,90.0
2950,34,2026-04-27,15:29:13.659,49.8,759.842,110,1/1600.0,1.7,0,default,24.0,32.103693,35.209424,5339,32.103693,35.20995211654356,49.79999999999999,90.0
2951,33,2026-04-27,15:29:13.693,49.8,759.842,110,1/1600.0,1.7,0,default,24.0,32.103693,35.209426,5339,32.103693,35.209954116543564,49.79999999999999,90.0
2952,34,2026-04-27,15:29:13.727,49.8,759.842,110,1/1600.0,1.7,0,default,24.0,32.103693,35.209426,5339,32.103693,35.209954116543564,49.79999999999999,90.0
2953,33,2026-04-27,15:29:13.760,49.8,759.842,110,1/1600.0,1.7,0,default,24.0,32.103693,35.209426,5339,32.103693,35.209954116543564,49.79999999999999,90.0
2954,33,2026-04-27,15:29:13.793,49.8,759.842,110,1/1600.0,1.7,0,default,24.0,32.103693,35.209429,5339,32.103693,35.20995711654356,49.79999999999999,90.0
2955,34,2026-04-27,15:29:13.826,49.8,759.842,110,1/1600.0,1.7,0,default,24.0,32.103693,35.209429,5339,32.103693,35.20995711654356,49.79999999999999,90.0
2956,33,2026-04-27,15:29:13.860,49.8,759.842,110,1/1600.0,1.7,0,default,24.0,32.103693,35.209429,5339,32.103693,35.20995711654356,49.79999999999999,90.0
2957,33,2026-04-27,15:29:13.893,49.8,759.842,110,1/1600.0,1.7,0,default,24.0,32.103694,35.209432,5339,32.103694,35.20996011654935,49.79999999999999,90.0
2958,34,2026-04-27,15:29:13.927,49.8,759.842,110,1/1600.0,1.7,0,default,24.0,32.103694,35.209432,5339,32.103694,35.20996011654935,49.79999999999999,90.0
2959,33,2026-04-27,15:29:13.959,49.8,759.842,110,1/1600.0,1.7,0,default,24.0,32.103694,35.209432,5339,32.103694,35.20996011654935,49.79999999999999,90.0
2960,33,2026-04-27,15:29:13.993,49.8,759.842,110,1/1600.0,1.7,0,default,24.0,32.103694,35.209434,5339,32.103694,35.20996211654935,49.79999999999999,90.0
2961,34,2026-04-27,15:29:14.027,49.8,759.842,110,1/1600.0,1.7,0,default,24.0,32.103694,35.209434,5339,32.103694,35.20996211654935,49.79999999999999,90.0
2962,33,2026-04-27,15:29:14.060,49.8,759.842,110,1/1600.0,1.7,0,default,24.0,32.103694,35.209434,5339,32.103694,35.20996211654935,49.79999999999999,90.0
2963,34,2026-04-27,15:29:14.093,49.8,759.842,110,1/1600.0,1.7,0,default,24.0,32.103694,35.209436,5339,32.103694,35.209964116549344,49.79999999999999,90.0
2964,33,2026-04-27,15:29:14.126,49.8,759.842,110,1/1600.0,1.7,0,default,24.0,32.103694,35.209436,5339,32.103694,35.209964116549344,49.79999999999999,90.0
2965,33,2026-04-27,15:29:14.160,49.8,759.842,110,1/1600.0,1.7,0,default,24.0,32.103694,35.209436,5339,32.103694,35.209964116549344,49.79999999999999,90.0
2966,34,2026-04-27,15:29:14.194,49.8,759.842,110,1/1600.0,1.7,0,default,24.0,32.103694,35.209437,5339,32.103694,35.20996511654935,49.79999999999999,90.0
2967,33,2026-04-27,15:29:14.227,49.8,759.842,110,1/1600.0,1.7,0,default,24.0,32.103694,35.209437,5339,32.103694,35.20996511654935,49.79999999999999,90.0
2968,33,2026-04-27,15:29:14.260,49.8,759.842,110,1/1600.0,1.7,0,default,24.0,32.103694,35.209437,5339,32.103694,35.20996511654935,49.79999999999999,90.0
2969,34,2026-04-27,15:29:14.294,49.8,759.842,110,1/1600.0,1.7,0,default,24.0,32.103694,35.209438,5339,32.103694,35.209966116549346,49.79999999999999,90.0
2970,33,2026-04-27,15:29:14.327,49.8,759.842,110,1/1600.0,1.7,0,default,24.0,32.103694,35.209438,5339,32.103694,35.209966116549346,49.79999999999999,90.0
2971,34,2026-04-27,15:29:14.359,49.8,759.842,110,1/1600.0,1.7,0,default,24.0,32.103694,35.209438,5339,32.103694,35.209966116549346,49.79999999999999,90.0
2972,33,2026-04-27,15:29:14.394,49.8,759.842,110,1/1600.0,1.7,0,default,24.0,32.103694,35.209439,5339,32.103694,35.20996711654935,49.79999999999999,90.0
2973,33,2026-04-27,15:29:14.426,49.8,759.842,110,1/1600.0,1.7,0,default,24.0,32.103694,35.209439,5339,32.103694,35.20996711654935,49.79999999999999,90.0
2974,34,2026-04-27,15:29:14.461,49.8,759.842,110,1/1600.0,1.7,0,default,24.0,32.103694,35.209439,5339,32.103694,35.20996711654935,49.79999999999999,90.0
2975,33,2026-04-27,15:29:14.493,49.8,759.842,110,1/1600.0,1.7,0,default,24.0,32.103694,35.20944,5339,32.103694,35.20996811654935,49.79999999999999,90.0
2976,33,2026-04-27,15:29:14.527,49.8,759.842,110,1/1600.0,1.7,0,default,24.0,32.103694,35.20944,5339,32.103694,35.20996811654935,49.79999999999999,90.0
2977,34,2026-04-27,15:29:14.561,49.8,759.842,110,1/1600.0,1.7,0,default,24.0,32.103694,35.20944,5339,32.103694,35.20996811654935,49.79999999999999,90.0
2978,33,2026-04-27,15:29:14.594,49.8,759.842,110,1/1600.0,1.7,0,default,24.0,32.103694,35.209441,5339,32.103694,35.209969116549345,49.79999999999999,90.0
2979,33,2026-04-27,15:29:14.627,49.8,759.842,110,1/1600.0,1.7,0,default,24.0,32.103694,35.209441,5339,32.103694,35.209969116549345,49.79999999999999,90.0
2980,34,2026-04-27,15:29:14.661,49.8,759.842,110,1/1600.0,1.7,0,default,24.0,32.103694,35.209441,5339,32.103694,35.209969116549345,49.79999999999999,90.0
2981,33,2026-04-27,15:29:14.694,49.8,759.842,110,1/1600.0,1.7,0,default,24.0,32.103693,35.209442,5339,32.103693,35.209970116543566,49.79999999999999,90.0
2982,34,2026-04-27,15:29:14.727,49.8,759.842,110,1/1600.0,1.7,0,default,24.0,32.103693,35.209442,5339,32.103693,35.209970116543566,49.79999999999999,90.0
2983,33,2026-04-27,15:29:14.761,49.8,759.842,110,1/1600.0,1.7,0,default,24.0,32.103693,35.209442,5339,32.103693,35.209970116543566,49.79999999999999,90.0
2984,33,2026-04-27,15:29:14.794,49.8,759.842,110,1/1600.0,1.7,0,default,24.0,32.103693,35.209442,5339,32.103693,35.209970116543566,49.79999999999999,90.0
2985,34,2026-04-27,15:29:14.827,49.8,759.842,110,1/1600.0,1.7,0,default,24.0,32.103693,35.209442,5339,32.103693,35.209970116543566,49.79999999999999,90.0
2986,33,2026-04-27,15:29:14.861,49.8,759.842,110,1/1600.0,1.7,0,default,24.0,32.103693,35.209442,5339,32.103693,35.209970116543566,49.79999999999999,90.0
2987,33,2026-04-27,15:29:14.894,49.8,759.842,110,1/1600.0,1.7,0,default,24.0,32.103693,35.209443,5339,32.103693,35.209971116543564,49.79999999999999,90.0
2988,34,2026-04-27,15:29:14.928,49.8,759.842,110,1/1600.0,1.7,0,default,24.0,32.103693,35.209443,5339,32.103693,35.209971116543564,49.79999999999999,90.0
2989,33,2026-04-27,15:29:14.961,49.8,759.842,110,1/1600.0,1.7,0,default,24.0,32.103693,35.209443,5339,32.103693,35.209971116543564,49.79999999999999,90.0
2990,33,2026-04-27,15:29:14.994,49.8,759.842,110,1/1600.0,1.7,0,default,24.0,32.103693,35.209444,5339,32.103693,35.20997211654356,49.79999999999999,90.0
2991,34,2026-04-27,15:29:15.027,49.8,759.842,110,1/1600.0,1.7,0,default,24.0,32.103693,35.209444,5339,32.103693,35.20997211654356,49.79999999999999,90.0
2992,33,2026-04-27,15:29:15.061,49.8,759.842,110,1/1600.0,1.7,0,default,24.0,32.103693,35.209444,5339,32.103693,35.20997211654356,49.79999999999999,90.0
2993,34,2026-04-27,15:29:15.094,49.8,759.842,110,1/1600.0,1.7,0,default,24.0,32.103693,35.209444,5339,32.103693,35.20997211654356,49.79999999999999,90.0
2994,33,2026-04-27,15:29:15.127,49.8,759.842,110,1/1600.0,1.7,0,default,24.0,32.103693,35.209444,5339,32.103693,35.20997211654356,49.79999999999999,90.0
2995,33,2026-04-27,15:29:15.161,49.8,759.842,110,1/1600.0,1.7,0,default,24.0,32.103693,35.209444,5339,32.103693,35.20997211654356,49.79999999999999,90.0
2996,34,2026-04-27,15:29:15.194,49.8,759.842,110,1/1600.0,1.7,0,default,24.0,32.103693,35.209445,5339,32.103693,35.209973116543566,49.79999999999999,90.0
2997,33,2026-04-27,15:29:15.228,49.8,759.842,110,1/1600.0,1.7,0,default,24.0,32.103693,35.209445,5339,32.103693,35.209973116543566,49.79999999999999,90.0
2998,33,2026-04-27,15:29:15.261,49.8,759.842,110,1/1600.0,1.7,0,default,24.0,32.103693,35.209445,5339,32.103693,35.209973116543566,49.79999999999999,90.0
2999,34,2026-04-27,15:29:15.295,49.8,759.842,110,1/1600.0,1.7,0,default,24.0,32.103693,35.209445,5339,32.103693,35.209973116543566,49.79999999999999,90.0
3000,33,2026-04-27,15:29:15.328,49.8,759.842,110,1/1600.0,1.7,0,default,24.0,32.103693,35.209445,5339,32.103693,35.209973116543566,49.79999999999999,90.0
3001,34,2026-04-27,15:29:15.361,49.8,759.842,110,1/1600.0,1.7,0,default,24.0,32.103693,35.209445,5339,32.103693,35.209973116543566,49.79999999999999,90.0
3002,33,2026-04-27,15:29:15.395,49.8,759.842,110,1/1600.0,1.7,0,default,24.0,32.103693,35.209446,5339,32.103693,35.20997411654356,49.79999999999999,90.0
3003,33,2026-04-27,15:29:15.428,49.8,759.842,110,1/1600.0,1.7,0,default,24.0,32.103693,35.209446,5339,32.103693,35.20997411654356,49.79999999999999,90.0
3004,34,2026-04-27,15:29:15.462,49.8,759.842,110,1/1600.0,1.7,0,default,24.0,32.103693,35.209446,5339,32.103693,35.20997411654356,49.79999999999999,90.0
3005,33,2026-04-27,15:29:15.495,49.8,759.842,110,1/1600.0,1.7,0,default,24.0,32.103693,35.209446,5339,32.103693,35.20997411654356,49.79999999999999,90.0
3006,33,2026-04-27,15:29:15.528,49.8,759.842,110,1/1600.0,1.7,0,default,24.0,32.103693,35.209446,5339,32.103693,35.20997411654356,49.79999999999999,90.0
3007,34,2026-04-27,15:29:15.562,49.8,759.842,110,1/1600.0,1.7,0,default,24.0,32.103693,35.209446,5339,32.103693,35.20997411654356,49.79999999999999,90.0
3008,33,2026-04-27,15:29:15.595,49.8,759.842,110,1/1600.0,1.7,0,default,24.0,32.103693,35.209447,5339,32.103693,35.20997511654356,49.79999999999999,90.0
3009,33,2026-04-27,15:29:15.628,49.8,759.842,110,1/1600.0,1.7,0,default,24.0,32.103693,35.209447,5339,32.103693,35.20997511654356,49.79999999999999,90.0
3010,34,2026-04-27,15:29:15.662,49.8,759.842,110,1/1600.0,1.7,0,default,24.0,32.103693,35.209447,5339,32.103693,35.20997511654356,49.79999999999999,90.0
3011,33,2026-04-27,15:29:15.695,49.8,759.842,110,1/1600.0,1.7,0,default,24.0,32.103693,35.209448,5339,32.103693,35.209976116543565,49.79999999999999,90.0
3012,34,2026-04-27,15:29:15.728,49.8,759.842,110,1/1600.0,1.7,0,default,24.0,32.103693,35.209448,5339,32.103693,35.209976116543565,49.79999999999999,90.0
3013,33,2026-04-27,15:29:15.762,49.8,759.842,110,1/1600.0,1.7,0,default,24.0,32.103693,35.209448,5339,32.103693,35.209976116543565,49.79999999999999,90.0
3014,33,2026-04-27,15:29:15.795,49.8,759.842,110,1/1600.0,1.7,0,default,24.0,32.103693,35.209448,5339,32.103693,35.209976116543565,49.79999999999999,90.0
3015,34,2026-04-27,15:29:15.828,49.8,759.842,110,1/1600.0,1.7,0,default,24.0,32.103693,35.209448,5339,32.103693,35.209976116543565,49.79999999999999,90.0
3016,33,2026-04-27,15:29:15.862,49.8,759.842,110,1/1600.0,1.7,0,default,24.0,32.103693,35.209448,5339,32.103693,35.209976116543565,49.79999999999999,90.0
3017,33,2026-04-27,15:29:15.895,49.8,759.842,110,1/1600.0,1.7,0,default,24.0,32.103693,35.209448,5339,32.103693,35.209976116543565,49.79999999999999,90.0
3018,34,2026-04-27,15:29:15.929,49.8,759.842,110,1/1600.0,1.7,0,default,24.0,32.103693,35.209448,5339,32.103693,35.209976116543565,49.79999999999999,90.0
3019,33,2026-04-27,15:29:15.961,49.8,759.842,110,1/1600.0,1.7,0,default,24.0,32.103693,35.209448,5339,32.103693,35.209976116543565,49.79999999999999,90.0
3020,33,2026-04-27,15:29:15.995,49.8,759.842,110,1/1600.0,1.7,0,default,24.0,32.103693,35.209449,5339,32.103693,35.20997711654356,49.79999999999999,90.0
3021,34,2026-04-27,15:29:16.029,49.8,759.842,110,1/1600.0,1.7,0,default,24.0,32.103693,35.209449,5339,32.103693,35.20997711654356,49.79999999999999,90.0
3022,33,2026-04-27,15:29:16.062,49.8,759.842,110,1/1600.0,1.7,0,default,24.0,32.103693,35.209449,5339,32.103693,35.20997711654356,49.79999999999999,90.0
3023,34,2026-04-27,15:29:16.095,49.8,759.842,110,1/1600.0,1.7,0,default,24.0,32.103692,35.209449,5339,32.103692,35.20997711653778,49.79999999999999,90.0
3024,33,2026-04-27,15:29:16.128,49.8,759.842,110,1/1600.0,1.7,0,default,24.0,32.103692,35.209449,5339,32.103692,35.20997711653778,49.79999999999999,90.0
3025,33,2026-04-27,15:29:16.162,49.8,759.842,110,1/1600.0,1.7,0,default,24.0,32.103692,35.209449,5339,32.103692,35.20997711653778,49.79999999999999,90.0
3026,34,2026-04-27,15:29:16.195,49.8,759.842,110,1/1600.0,1.7,0,default,24.0,32.103692,35.20945,5339,32.103692,35.209978116537776,49.79999999999999,90.0
3027,33,2026-04-27,15:29:16.229,49.8,759.842,110,1/1600.0,1.7,0,default,24.0,32.103692,35.20945,5339,32.103692,35.209978116537776,49.79999999999999,90.0
3028,33,2026-04-27,15:29:16.262,49.8,759.842,110,1/1600.0,1.7,0,default,24.0,32.103692,35.20945,5339,32.103692,35.209978116537776,49.79999999999999,90.0
3029,34,2026-04-27,15:29:16.296,49.8,759.842,110,1/1600.0,1.7,0,default,24.0,32.103692,35.20945,5339,32.103692,35.209978116537776,49.79999999999999,90.0
3030,33,2026-04-27,15:29:16.329,49.8,759.842,110,1/1600.0,1.7,0,default,24.0,32.103692,35.20945,5339,32.103692,35.209978116537776,49.79999999999999,90.0
3031,34,2026-04-27,15:29:16.362,49.8,759.842,110,1/1600.0,1.7,0,default,24.0,32.103692,35.20945,5339,32.103692,35.209978116537776,49.79999999999999,90.0
3032,33,2026-04-27,15:29:16.396,49.8,759.842,110,1/1600.0,1.7,0,default,24.0,32.103692,35.209451,5339,32.103692,35.20997911653778,49.79999999999999,90.0
3033,33,2026-04-27,15:29:16.429,49.8,759.842,110,1/1600.0,1.7,0,default,24.0,32.103692,35.209451,5339,32.103692,35.20997911653778,49.79999999999999,90.0
3034,34,2026-04-27,15:29:16.462,49.8,759.842,110,1/1600.0,1.7,0,default,24.0,32.103692,35.209451,5339,32.103692,35.20997911653778,49.79999999999999,90.0
3035,33,2026-04-27,15:29:16.496,49.8,759.842,110,1/1600.0,1.7,0,default,24.0,32.103692,35.209451,5339,32.103692,35.20997911653778,49.79999999999999,90.0
3036,33,2026-04-27,15:29:16.529,49.8,759.842,110,1/1600.0,1.7,0,default,24.0,32.103692,35.209451,5339,32.103692,35.20997911653778,49.79999999999999,90.0
3037,34,2026-04-27,15:29:16.563,49.8,759.842,110,1/1600.0,1.7,0,default,24.0,32.103692,35.209451,5338,32.103692,35.20997911653778,49.79999999999999,90.0
3038,33,2026-04-27,15:29:16.596,49.8,759.842,110,1/1600.0,1.7,0,default,24.0,32.103692,35.209451,5338,32.103692,35.20997911653778,49.79999999999999,90.0
3039,33,2026-04-27,15:29:16.629,49.8,759.842,110,1/1600.0,1.7,0,default,24.0,32.103692,35.209451,5337,32.103692,35.20997911653778,49.79999999999999,90.0
3040,34,2026-04-27,15:29:16.663,49.8,759.842,110,1/1250.0,1.7,0,default,24.0,32.103692,35.209451,5337,32.103692,35.20997911653778,49.79999999999999,90.0
3041,33,2026-04-27,15:29:16.696,49.8,759.842,110,1/1250.0,1.7,0,default,24.0,32.103692,35.209451,5337,32.103692,35.20997911653778,49.79999999999999,90.0
3042,34,2026-04-27,15:29:16.729,49.8,759.842,110,1/1250.0,1.7,0,default,24.0,32.103692,35.209451,5335,32.103692,35.20997911653778,49.79999999999999,90.0
3043,33,2026-04-27,15:29:16.763,49.8,759.842,110,1/1250.0,1.7,0,default,24.0,32.103692,35.209451,5333,32.103692,35.20997911653778,49.79999999999999,90.0
3044,33,2026-04-27,15:29:16.796,49.8,759.842,110,1/1250.0,1.7,0,default,24.0,32.103692,35.209452,5330,32.103692,35.20998011653778,49.79999999999999,90.0
3045,34,2026-04-27,15:29:16.829,49.8,759.842,110,1/1250.0,1.7,0,default,24.0,32.103692,35.209452,5326,32.103692,35.20998011653778,49.79999999999999,90.0
3046,33,2026-04-27,15:29:16.863,49.8,759.842,110,1/1250.0,1.7,0,default,24.0,32.103692,35.209452,5323,32.103692,35.20998011653778,49.79999999999999,90.0
3047,33,2026-04-27,15:29:16.896,49.8,759.842,110,1/1250.0,1.7,0,default,24.0,32.103692,35.209452,5319,32.103692,35.20998011653778,49.79999999999999,90.0
3048,34,2026-04-27,15:29:16.930,49.8,759.842,110,1/1250.0,1.7,0,default,24.0,32.103692,35.209452,5315,32.103692,35.20998011653778,49.79999999999999,90.0
3049,33,2026-04-27,15:29:16.962,49.8,759.842,110,1/1250.0,1.7,0,default,24.0,32.103692,35.209452,5312,32.103692,35.20998011653778,49.79999999999999,90.0
3050,33,2026-04-27,15:29:16.996,49.8,759.842,110,1/1250.0,1.7,0,default,24.0,32.103692,35.209452,5309,32.103692,35.20998011653778,49.79999999999999,90.0
3051,34,2026-04-27,15:29:17.030,49.8,759.842,110,1/1250.0,1.7,0,default,24.0,32.103692,35.209452,5306,32.103692,35.20998011653778,49.79999999999999,90.0
3052,33,2026-04-27,15:29:17.063,49.8,759.842,110,1/1250.0,1.7,0,default,24.0,32.103692,35.209452,5304,32.103692,35.20998011653778,49.79999999999999,90.0
3053,34,2026-04-27,15:29:17.097,49.8,759.842,110,1/1250.0,1.7,0,default,24.0,32.103692,35.209453,5304,32.103692,35.20998111653778,49.79999999999999,90.0
3054,33,2026-04-27,15:29:17.129,49.8,759.842,110,1/1250.0,1.7,0,default,24.0,32.103692,35.209453,5304,32.103692,35.20998111653778,49.79999999999999,90.0
3055,33,2026-04-27,15:29:17.163,49.8,759.842,110,1/1250.0,1.7,0,default,24.0,32.103692,35.209453,5304,32.103692,35.20998111653778,49.79999999999999,90.0
3056,34,2026-04-27,15:29:17.197,49.8,759.842,110,1/1250.0,1.7,0,default,24.0,32.103692,35.209453,5305,32.103692,35.20998111653778,49.79999999999999,90.0
3057,33,2026-04-27,15:29:17.230,49.8,759.842,110,1/1250.0,1.7,0,default,24.0,32.103692,35.209453,5307,32.103692,35.20998111653778,49.79999999999999,90.0
3058,33,2026-04-27,15:29:17.263,49.8,759.842,110,1/1250.0,1.7,0,default,24.0,32.103692,35.209453,5310,32.103692,35.20998111653778,49.79999999999999,90.0
3059,34,2026-04-27,15:29:17.297,49.8,759.842,110,1/1250.0,1.7,0,default,24.0,32.103692,35.209453,5313,32.103692,35.20998111653778,49.79999999999999,90.0
3060,33,2026-04-27,15:29:17.329,49.8,759.842,110,1/1250.0,1.7,0,default,24.0,32.103692,35.209453,5317,32.103692,35.20998111653778,49.79999999999999,90.0
3061,34,2026-04-27,15:29:17.363,49.8,759.842,110,1/1250.0,1.7,0,default,24.0,32.103692,35.209453,5322,32.103692,35.20998111653778,49.79999999999999,90.0
3062,33,2026-04-27,15:29:17.397,49.8,759.842,110,1/1250.0,1.7,0,default,24.0,32.103692,35.209454,5327,32.103692,35.20998211653778,49.79999999999999,90.0
3063,33,2026-04-27,15:29:17.430,49.8,759.842,110,1/1250.0,1.7,0,default,24.0,32.103692,35.209454,5333,32.103692,35.20998211653778,49.79999999999999,90.0
3064,34,2026-04-27,15:29:17.463,49.8,759.842,110,1/1250.0,1.7,0,default,24.0,32.103692,35.209454,5340,32.103692,35.20998211653778,49.79999999999999,90.0
3065,33,2026-04-27,15:29:17.497,49.8,759.842,110,1/1250.0,1.7,0,default,24.0,32.103692,35.209454,5347,32.103692,35.20998211653778,49.79999999999999,90.0
3066,33,2026-04-27,15:29:17.530,49.8,759.842,110,1/1250.0,1.7,0,default,24.0,32.103692,35.209454,5354,32.103692,35.20998211653778,49.79999999999999,90.0
3067,34,2026-04-27,15:29:17.564,49.8,759.842,110,1/1250.0,1.7,0,default,24.0,32.103692,35.209454,5361,32.103692,35.20998211653778,49.79999999999999,90.0
3068,33,2026-04-27,15:29:17.597,49.8,759.842,110,1/1000.0,1.7,0,default,24.0,32.103692,35.209455,5368,32.103692,35.20998311653778,49.79999999999999,90.0
3069,33,2026-04-27,15:29:17.630,49.8,759.842,110,1/1000.0,1.7,0,default,24.0,32.103692,35.209455,5374,32.103692,35.20998311653778,49.79999999999999,90.0
3070,34,2026-04-27,15:29:17.664,49.8,759.842,110,1/1000.0,1.7,0,default,24.0,32.103692,35.209455,5380,32.103692,35.20998311653778,49.79999999999999,90.0
3071,33,2026-04-27,15:29:17.696,49.8,759.842,110,1/1000.0,1.7,0,default,24.0,32.103692,35.209455,5386,32.103692,35.20998311653778,49.79999999999999,90.0
3072,34,2026-04-27,15:29:17.730,49.8,759.842,110,1/1000.0,1.7,0,default,24.0,32.103692,35.209455,5393,32.103692,35.20998311653778,49.79999999999999,90.0
3073,33,2026-04-27,15:29:17.763,49.8,759.842,100,1/1000.0,1.7,0,default,24.0,32.103692,35.209455,5399,32.103692,35.20998311653778,49.79999999999999,90.0
3074,33,2026-04-27,15:29:17.797,49.8,759.842,100,1/1000.0,1.7,0,default,24.0,32.103693,35.209455,5404,32.103693,35.20998311654356,49.79999999999999,90.0
3075,34,2026-04-27,15:29:17.831,49.8,759.842,110,1/1000.0,1.7,0,default,24.0,32.103693,35.209455,5410,32.103693,35.20998311654356,49.79999999999999,90.0
3076,33,2026-04-27,15:29:17.864,49.8,759.842,100,1/1000.0,1.7,0,default,24.0,32.103693,35.209455,5415,32.103693,35.20998311654356,49.79999999999999,90.0
3077,33,2026-04-27,15:29:17.897,49.8,759.842,100,1/1000.0,1.7,0,default,24.0,32.103693,35.209456,5420,32.103693,35.209984116543566,49.79999999999999,90.0
3078,34,2026-04-27,15:29:17.931,49.8,759.842,100,1/1000.0,1.7,0,default,24.0,32.103693,35.209456,5424,32.103693,35.209984116543566,49.79999999999999,90.0
3079,33,2026-04-27,15:29:17.963,49.8,759.842,100,1/1000.0,1.7,0,default,24.0,32.103693,35.209456,5428,32.103693,35.209984116543566,49.79999999999999,90.0
3080,33,2026-04-27,15:29:17.997,49.8,759.842,100,1/1000.0,1.7,0,default,24.0,32.103693,35.209456,5431,32.103693,35.209984116543566,49.79999999999999,90.0
3081,34,2026-04-27,15:29:18.031,49.8,759.842,100,1/1000.0,1.7,0,default,24.0,32.103693,35.209456,5435,32.103693,35.209984116543566,49.79999999999999,90.0
3082,33,2026-04-27,15:29:18.064,49.8,759.842,100,1/1000.0,1.7,0,default,24.0,32.103693,35.209456,5438,32.103693,35.209984116543566,49.79999999999999,90.0
3083,34,2026-04-27,15:29:18.097,49.8,759.842,100,1/1000.0,1.7,0,default,24.0,32.103693,35.209456,5441,32.103693,35.209984116543566,49.79999999999999,90.0
3084,33,2026-04-27,15:29:18.130,49.8,759.842,100,1/1000.0,1.7,0,default,24.0,32.103693,35.209456,5443,32.103693,35.209984116543566,49.79999999999999,90.0
3085,33,2026-04-27,15:29:18.163,49.8,759.842,100,1/1000.0,1.7,0,default,24.0,32.103693,35.209456,5445,32.103693,35.209984116543566,49.79999999999999,90.0
3086,34,2026-04-27,15:29:18.197,49.8,759.842,100,1/1000.0,1.7,0,default,24.0,32.103693,35.209457,5448,32.103693,35.209985116543564,49.79999999999999,90.0
3087,33,2026-04-27,15:29:18.231,49.8,759.842,100,1/1000.0,1.7,0,default,24.0,32.103693,35.209457,5450,32.103693,35.209985116543564,49.79999999999999,90.0
3088,33,2026-04-27,15:29:18.264,49.8,759.842,100,1/1000.0,1.7,0,default,24.0,32.103693,35.209457,5451,32.103693,35.209985116543564,49.79999999999999,90.0
3089,34,2026-04-27,15:29:18.298,49.8,759.842,100,1/1000.0,1.7,0,default,24.0,32.103693,35.209457,5453,32.103693,35.209985116543564,49.79999999999999,90.0
3090,33,2026-04-27,15:29:18.331,49.8,759.842,100,1/1000.0,1.7,0,default,24.0,32.103693,35.209457,5454,32.103693,35.209985116543564,49.79999999999999,90.0
3091,34,2026-04-27,15:29:18.364,49.8,759.842,100,1/1000.0,1.7,0,default,24.0,32.103693,35.209457,5455,32.103693,35.209985116543564,49.79999999999999,90.0
3092,33,2026-04-27,15:29:18.397,49.8,759.842,100,1/1000.0,1.7,0,default,24.0,32.103693,35.209457,5456,32.103693,35.209985116543564,49.79999999999999,90.0
3093,33,2026-04-27,15:29:18.431,49.8,759.842,100,1/1000.0,1.7,0,default,24.0,32.103693,35.209457,5457,32.103693,35.209985116543564,49.79999999999999,90.0
3094,34,2026-04-27,15:29:18.464,49.8,759.842,100,1/1000.0,1.7,0,default,24.0,32.103693,35.209457,5458,32.103693,35.209985116543564,49.79999999999999,90.0
3095,33,2026-04-27,15:29:18.498,49.8,759.842,100,1/1000.0,1.7,0,default,24.0,32.103693,35.209458,5459,32.103693,35.20998611654356,49.79999999999999,90.0
3096,33,2026-04-27,15:29:18.531,49.8,759.842,100,1/1000.0,1.7,0,default,24.0,32.103693,35.209458,5460,32.103693,35.20998611654356,49.79999999999999,90.0
3097,34,2026-04-27,15:29:18.564,49.8,759.842,100,1/1000.0,1.7,0,default,24.0,32.103693,35.209458,5460,32.103693,35.20998611654356,49.79999999999999,90.0
3098,33,2026-04-27,15:29:18.598,49.8,759.842,100,1/1000.0,1.7,0,default,24.0,32.103694,35.209458,5461,32.103694,35.209986116549345,49.79999999999999,90.0
3099,33,2026-04-27,15:29:18.631,49.8,759.842,100,1/1000.0,1.7,0,default,24.0,32.103694,35.209458,5461,32.103694,35.209986116549345,49.79999999999999,90.0
3100,34,2026-04-27,15:29:18.665,49.8,759.842,100,1/1000.0,1.7,0,default,24.0,32.103694,35.209458,5462,32.103694,35.209986116549345,49.79999999999999,90.0
3101,33,2026-04-27,15:29:18.698,49.8,759.842,100,1/1000.0,1.7,0,default,24.0,32.103694,35.209458,5462,32.103694,35.209986116549345,49.79999999999999,90.0
3102,34,2026-04-27,15:29:18.731,49.8,759.842,100,1/1000.0,1.7,0,default,24.0,32.103694,35.209458,5464,32.103694,35.209986116549345,49.79999999999999,90.0
3103,33,2026-04-27,15:29:18.764,49.8,759.842,100,1/1000.0,1.7,0,default,24.0,32.103694,35.209458,5465,32.103694,35.209986116549345,49.79999999999999,90.0
3104,33,2026-04-27,15:29:18.798,49.8,759.842,100,1/1000.0,1.7,0,default,24.0,32.103694,35.209459,5467,32.103694,35.20998711654935,49.79999999999999,90.0
3105,34,2026-04-27,15:29:18.830,49.8,759.842,100,1/1000.0,1.7,0,default,24.0,32.103694,35.209459,5470,32.103694,35.20998711654935,49.79999999999999,90.0
3106,33,2026-04-27,15:29:18.865,49.8,759.842,100,1/1000.0,1.7,0,default,24.0,32.103694,35.209459,5473,32.103694,35.20998711654935,49.79999999999999,90.0
3107,33,2026-04-27,15:29:18.898,49.8,759.842,100,1/1000.0,1.7,0,default,24.0,32.103694,35.209459,5477,32.103694,35.20998711654935,49.79999999999999,90.0
3108,34,2026-04-27,15:29:18.932,49.8,759.842,100,1/1000.0,1.7,0,default,24.0,32.103694,35.209459,5481,32.103694,35.20998711654935,49.79999999999999,90.0
3109,33,2026-04-27,15:29:18.965,49.8,759.842,100,1/1000.0,1.7,0,default,24.0,32.103694,35.209459,5484,32.103694,35.20998711654935,49.79999999999999,90.0
3110,33,2026-04-27,15:29:18.998,49.8,759.842,100,1/1000.0,1.7,0,default,24.0,32.103694,35.209459,5488,32.103694,35.20998711654935,49.79999999999999,90.0
3111,34,2026-04-27,15:29:19.032,49.8,759.842,100,1/1000.0,1.7,0,default,24.0,32.103694,35.209459,5492,32.103694,35.20998711654935,49.79999999999999,90.0
3112,33,2026-04-27,15:29:19.065,49.8,759.842,100,1/1000.0,1.7,0,default,24.0,32.103694,35.209459,5496,32.103694,35.20998711654935,49.79999999999999,90.0
3113,34,2026-04-27,15:29:19.098,49.8,759.842,100,1/1000.0,1.7,0,default,24.0,32.103694,35.20946,5498,32.103694,35.20998811654935,49.79999999999999,90.0
3114,33,2026-04-27,15:29:19.131,49.8,759.842,100,1/1000.0,1.7,0,default,24.0,32.103694,35.20946,5502,32.103694,35.20998811654935,49.79999999999999,90.0
3115,33,2026-04-27,15:29:19.165,49.8,759.842,100,1/1000.0,1.7,0,default,24.0,32.103694,35.20946,5505,32.103694,35.20998811654935,49.79999999999999,90.0
3116,34,2026-04-27,15:29:19.199,49.8,759.842,100,1/1000.0,1.7,0,default,24.0,32.103694,35.20946,5508,32.103694,35.20998811654935,49.79999999999999,90.0
3117,33,2026-04-27,15:29:19.232,49.8,759.842,100,1/1000.0,1.7,0,default,24.0,32.103694,35.20946,5511,32.103694,35.20998811654935,49.79999999999999,90.0
3118,33,2026-04-27,15:29:19.265,49.8,759.842,100,1/1000.0,1.7,0,default,24.0,32.103694,35.20946,5514,32.103694,35.20998811654935,49.79999999999999,90.0
3119,34,2026-04-27,15:29:19.299,49.8,759.842,100,1/1000.0,1.7,0,default,24.0,32.103694,35.209461,5517,32.103694,35.209989116549345,49.79999999999999,90.0
3120,33,2026-04-27,15:29:19.332,49.8,759.842,100,1/1000.0,1.7,0,default,24.0,32.103694,35.209461,5520,32.103694,35.209989116549345,49.79999999999999,90.0
3121,34,2026-04-27,15:29:19.365,49.8,759.842,100,1/1000.0,1.7,0,default,24.0,32.103694,35.209461,5523,32.103694,35.209989116549345,49.79999999999999,90.0
3122,33,2026-04-27,15:29:19.399,49.8,759.842,100,1/1000.0,1.7,0,default,24.0,32.103694,35.209461,5526,32.103694,35.209989116549345,49.79999999999999,90.0
3123,33,2026-04-27,15:29:19.431,49.8,759.842,100,1/1000.0,1.7,0,default,24.0,32.103694,35.209461,5529,32.103694,35.209989116549345,49.79999999999999,90.0
3124,34,2026-04-27,15:29:19.465,49.8,759.842,100,1/1000.0,1.7,0,default,24.0,32.103694,35.209461,5532,32.103694,35.209989116549345,49.79999999999999,90.0
3125,33,2026-04-27,15:29:19.499,49.8,759.842,100,1/1000.0,1.7,0,default,24.0,32.103694,35.209462,5535,32.103694,35.20999011654935,49.79999999999999,90.0
3126,33,2026-04-27,15:29:19.532,49.8,759.842,100,1/1000.0,1.7,0,default,24.0,32.103694,35.209462,5538,32.103694,35.20999011654935,49.79999999999999,90.0
3127,34,2026-04-27,15:29:19.565,49.8,759.842,100,1/1000.0,1.7,0,default,24.0,32.103694,35.209462,5540,32.103694,35.20999011654935,49.79999999999999,90.0
3128,33,2026-04-27,15:29:19.599,49.8,759.842,100,1/1000.0,1.7,0,default,24.0,32.103694,35.209462,5543,32.103694,35.20999011654935,49.79999999999999,90.0
3129,33,2026-04-27,15:29:19.632,49.8,759.842,100,1/1000.0,1.7,0,default,24.0,32.103694,35.209462,5545,32.103694,35.20999011654935,49.79999999999999,90.0
3130,34,2026-04-27,15:29:19.666,49.8,759.842,100,1/1000.0,1.7,0,default,24.0,32.103694,35.209462,5547,32.103694,35.20999011654935,49.79999999999999,90.0
3131,33,2026-04-27,15:29:19.699,49.8,759.842,100,1/1000.0,1.7,0,default,24.0,32.103694,35.209463,5549,32.103694,35.20999111654935,49.79999999999999,90.0
3132,34,2026-04-27,15:29:19.732,49.8,759.842,100,1/1000.0,1.7,0,default,24.0,32.103694,35.209463,5551,32.103694,35.20999111654935,49.79999999999999,90.0
3133,33,2026-04-27,15:29:19.766,49.8,759.842,100,1/1000.0,1.7,0,default,24.0,32.103694,35.209463,5552,32.103694,35.20999111654935,49.79999999999999,90.0
3134,33,2026-04-27,15:29:19.799,49.8,759.842,100,1/1000.0,1.7,0,default,24.0,32.103694,35.209463,5554,32.103694,35.20999111654935,49.79999999999999,90.0
3135,34,2026-04-27,15:29:19.833,49.8,759.842,100,1/1000.0,1.7,0,default,24.0,32.103694,35.209463,5555,32.103694,35.20999111654935,49.79999999999999,90.0
3136,33,2026-04-27,15:29:19.866,49.8,759.842,100,1/1000.0,1.7,0,default,24.0,32.103694,35.209463,5557,32.103694,35.20999111654935,49.79999999999999,90.0
3137,33,2026-04-27,15:29:19.899,49.8,759.842,100,1/1000.0,1.7,0,default,24.0,32.103694,35.209464,5558,32.103694,35.209992116549344,49.79999999999999,90.0
3138,34,2026-04-27,15:29:19.932,49.8,759.842,100,1/1000.0,1.7,0,default,24.0,32.103694,35.209464,5560,32.103694,35.209992116549344,49.79999999999999,90.0
3139,33,2026-04-27,15:29:19.965,49.8,759.842,100,1/1000.0,1.7,0,default,24.0,32.103694,35.209464,5561,32.103694,35.209992116549344,49.79999999999999,90.0
3140,33,2026-04-27,15:29:19.999,49.8,759.842,100,1/1000.0,1.7,0,default,24.0,32.103694,35.209464,5562,32.103694,35.209992116549344,49.79999999999999,90.0
3141,34,2026-04-27,15:29:20.032,49.8,759.842,100,1/1000.0,1.7,0,default,24.0,32.103694,35.209464,5563,32.103694,35.209992116549344,49.79999999999999,90.0
3142,33,2026-04-27,15:29:20.066,49.8,759.842,100,1/1000.0,1.7,0,default,24.0,32.103694,35.209464,5564,32.103694,35.209992116549344,49.79999999999999,90.0
3143,34,2026-04-27,15:29:20.099,49.8,759.842,100,1/1000.0,1.7,0,default,24.0,32.103694,35.209464,5565,32.103694,35.209992116549344,49.79999999999999,90.0
3144,33,2026-04-27,15:29:20.132,49.8,759.842,100,1/1000.0,1.7,0,default,24.0,32.103694,35.209464,5565,32.103694,35.209992116549344,49.79999999999999,90.0
3145,33,2026-04-27,15:29:20.166,49.8,759.842,100,1/1000.0,1.7,0,default,24.0,32.103694,35.209464,5565,32.103377667996256,35.20983743479462,49.79999999999999,134.9999997964445
3146,34,2026-04-27,15:29:20.200,49.8,759.842,100,1/1000.0,1.7,0,default,24.0,32.103693,35.209465,5566,32.10337666799626,35.20983843479054,49.79999999999999,134.9999997964445
3147,33,2026-04-27,15:29:20.233,49.8,759.842,100,1/1000.0,1.7,0,default,24.0,32.103693,35.209465,5566,32.10337666799626,35.20983843479054,49.79999999999999,134.9999997964445
3148,33,2026-04-27,15:29:20.266,49.8,759.842,100,1/1000.0,1.7,0,default,24.0,32.103693,35.209465,5567,32.10324563898851,35.209465,49.79999999999999,180.0
3149,34,2026-04-27,15:29:20.299,49.8,759.842,100,1/1000.0,1.7,0,default,24.0,32.103692,35.209465,5567,32.103244638988514,35.209465,49.79999999999999,180.0
3150,33,2026-04-27,15:29:20.333,49.8,759.842,100,1/1000.0,1.7,0,default,24.0,32.103692,35.209465,5567,32.103244638988514,35.209465,49.79999999999999,180.0
3151,34,2026-04-27,15:29:20.366,49.8,759.842,100,1/1000.0,1.7,0,default,24.0,32.103692,35.209465,5568,32.103244638988514,35.209465,49.79999999999999,180.0
3152,33,2026-04-27,15:29:20.400,49.8,759.842,100,1/1000.0,1.7,0,default,24.0,32.103691,35.209465,5568,32.10324363898851,35.209465,49.79999999999999,180.0
3153,33,2026-04-27,15:29:20.432,49.8,759.842,100,1/1000.0,1.7,0,default,24.0,32.103691,35.209465,5569,32.10324363898851,35.209465,49.79999999999999,180.0
3154,34,2026-04-27,15:29:20.466,49.8,759.842,100,1/1000.0,1.7,0,default,24.0,32.103691,35.209465,5569,32.10324363898851,35.209465,49.79999999999999,180.0
3155,33,2026-04-27,15:29:20.500,49.8,759.842,100,1/1000.0,1.7,0,default,24.0,32.103689,35.209465,5570,32.103241638988514,35.209465,49.79999999999999,180.0
3156,33,2026-04-27,15:29:20.533,49.8,759.842,100,1/1000.0,1.7,0,default,24.0,32.103689,35.209465,5570,32.103241638988514,35.209465,49.79999999999999,180.0
3157,34,2026-04-27,15:29:20.567,49.8,759.842,100,1/1000.0,1.7,0,default,24.0,32.103689,35.209465,5570,32.103241638988514,35.209465,49.79999999999999,180.0
3158,33,2026-04-27,15:29:20.600,49.8,759.842,100,1/1000.0,1.7,0,default,24.0,32.103687,35.209465,5570,32.10323963898851,35.209465,49.79999999999999,180.0
3159,33,2026-04-27,15:29:20.633,49.8,759.842,100,1/1000.0,1.7,0,default,24.0,32.103687,35.209465,5570,32.10323963898851,35.209465,49.79999999999999,180.0
3160,34,2026-04-27,15:29:20.667,49.8,759.842,100,1/1000.0,1.7,0,default,24.0,32.103687,35.209465,5571,32.10323963898851,35.209465,49.79999999999999,180.0
3161,33,2026-04-27,15:29:20.700,49.8,759.842,100,1/1000.0,1.7,0,default,24.0,32.103685,35.209465,5571,32.10323763898851,35.209465,49.79999999999999,180.0
3162,34,2026-04-27,15:29:20.733,49.8,759.842,100,1/1000.0,1.7,0,default,24.0,32.103685,35.209465,5571,32.10323763898851,35.209465,49.79999999999999,180.0
3163,33,2026-04-27,15:29:20.767,49.8,759.842,100,1/1000.0,1.7,0,default,24.0,32.103685,35.209465,5571,32.10323763898851,35.209465,49.79999999999999,180.0
3164,33,2026-04-27,15:29:20.800,49.8,759.842,100,1/1000.0,1.7,0,default,24.0,32.103682,35.209464,5572,32.10323463898851,35.209464,49.79999999999999,180.0
3165,34,2026-04-27,15:29:20.834,49.8,759.842,100,1/1000.0,1.7,0,default,24.0,32.103682,35.209464,5572,32.10323463898851,35.209464,49.79999999999999,180.0
3166,33,2026-04-27,15:29:20.866,49.8,759.842,100,1/1000.0,1.7,0,default,24.0,32.103682,35.209464,5573,32.10323463898851,35.209464,49.79999999999999,180.0
3167,33,2026-04-27,15:29:20.900,49.8,759.842,100,1/1000.0,1.7,0,default,24.0,32.103679,35.209464,5573,32.10323163898851,35.209464,49.79999999999999,180.0
3168,34,2026-04-27,15:29:20.933,49.8,759.842,100,1/1000.0,1.7,0,default,24.0,32.103679,35.209464,5574,32.10323163898851,35.209464,49.79999999999999,180.0
3169,33,2026-04-27,15:29:20.967,49.8,759.842,100,1/1000.0,1.7,0,default,24.0,32.103679,35.209464,5574,32.10323163898851,35.209464,49.79999999999999,180.0
3170,33,2026-04-27,15:29:21.000,49.8,759.842,100,1/1000.0,1.7,0,default,24.0,32.103675,35.209463,5574,32.103227638988514,35.209463,49.79999999999999,180.0
3171,34,2026-04-27,15:29:21.034,49.8,759.842,100,1/1000.0,1.7,0,default,24.0,32.103675,35.209463,5574,32.103227638988514,35.209463,49.79999999999999,180.0
3172,33,2026-04-27,15:29:21.066,49.8,759.842,100,1/1000.0,1.7,0,default,24.0,32.103675,35.209463,5574,32.1032337967127,35.20937567751201,49.79999999999999,189.51739508931294
3173,34,2026-04-27,15:29:21.100,49.8,759.842,100,1/1000.0,1.7,0,default,24.0,32.103672,35.209463,5574,32.1032307967127,35.20937567751488,49.79999999999999,189.51739508931294
3174,33,2026-04-27,15:29:21.133,49.8,759.842,100,1/1000.0,1.7,0,default,24.0,32.103672,35.209463,5574,32.1032307967127,35.20937567751488,49.79999999999999,189.51739508931294
3175,33,2026-04-27,15:29:21.167,49.8,759.842,100,1/1000.0,1.7,0,default,24.0,32.103672,35.209463,5574,32.10323079671278,35.20937567751429,49.79999999999999,189.5173951539067
3176,34,2026-04-27,15:29:21.200,49.8,759.842,100,1/1000.0,1.7,0,default,24.0,32.103668,35.209462,5574,32.103226796712775,35.20937467751811,49.79999999999999,189.5173951539067
3177,33,2026-04-27,15:29:21.234,49.8,759.842,100,1/1000.0,1.7,0,default,24.0,32.103668,35.209462,5574,32.103226796712775,35.20937467751811,49.79999999999999,189.5173951539067
3178,33,2026-04-27,15:29:21.267,49.8,759.842,100,1/1000.0,1.7,0,default,24.0,32.103668,35.209462,5575,32.10322672581656,35.20937517819843,49.79999999999999,189.46232225203758
3179,34,2026-04-27,15:29:21.301,49.8,759.842,100,1/1000.0,1.7,0,default,24.0,32.103664,35.209461,5575,32.103222725816565,35.209374178202225,49.79999999999999,189.46232225203758
3180,33,2026-04-27,15:29:21.334,49.8,759.842,100,1/1000.0,1.7,0,default,24.0,32.103664,35.209461,5576,32.103222725816565,35.209374178202225,49.79999999999999,189.46232225203758
3181,34,2026-04-27,15:29:21.367,49.8,759.842,100,1/1000.0,1.7,0,default,24.0,32.103664,35.209461,5576,32.103222725816565,35.209374178202225,49.79999999999999,189.46232225203758
3182,33,2026-04-27,15:29:21.401,49.8,759.842,100,1/1000.0,1.7,0,default,24.0,32.10366,35.20946,5577,32.10321872581656,35.20937317820603,49.79999999999999,189.46232225203758
3183,33,2026-04-27,15:29:21.433,49.8,759.842,100,1/1000.0,1.7,0,default,24.0,32.10366,35.20946,5578,32.10321872581656,35.20937317820603,49.79999999999999,189.46232225203758
3184,34,2026-04-27,15:29:21.467,49.8,759.842,100,1/1000.0,1.7,0,default,24.0,32.10366,35.20946,5579,32.10321872581656,35.20937317820603,49.79999999999999,189.46232225203758
3185,33,2026-04-27,15:29:21.500,49.8,759.842,100,1/1000.0,1.7,0,default,24.0,32.103655,35.20946,5580,32.103213725816566,35.20937317821078,49.79999999999999,189.46232225203758
3186,33,2026-04-27,15:29:21.533,49.8,759.842,100,1/1000.0,1.7,0,default,24.0,32.103655,35.20946,5581,32.103213725816566,35.20937317821078,49.79999999999999,189.46232225203758
3187,34,2026-04-27,15:29:21.568,49.8,759.842,100,1/1000.0,1.7,0,default,24.0,32.103655,35.20946,5582,32.103213725816566,35.20937317821078,49.79999999999999,189.46232225203758
3188,33,2026-04-27,15:29:21.601,49.8,759.842,100,1/1000.0,1.7,0,default,24.0,32.10365,35.209458,5583,32.103208725816565,35.209371178215534,49.79999999999999,189.46232225203758
3189,33,2026-04-27,15:29:21.634,49.8,759.842,100,1/1000.0,1.7,0,default,24.0,32.10365,35.209458,5584,32.103208725816565,35.209371178215534,49.79999999999999,189.46232225203758
3190,34,2026-04-27,15:29:21.668,49.8,759.842,100,1/1000.0,1.7,0,default,24.0,32.10365,35.209458,5585,32.103208725816565,35.209371178215534,49.79999999999999,189.46232225203758
3191,33,2026-04-27,15:29:21.701,49.8,759.842,100,1/1000.0,1.7,0,default,24.0,32.103645,35.209457,5586,32.10320372581656,35.20937017822029,49.79999999999999,189.46232225203758
3192,34,2026-04-27,15:29:21.735,49.8,759.842,100,1/1000.0,1.7,0,default,24.0,32.103645,35.209457,5586,32.10320372581656,35.20937017822029,49.79999999999999,189.46232225203758
3193,33,2026-04-27,15:29:21.768,49.8,759.842,100,1/1000.0,1.7,0,default,24.0,32.103645,35.209457,5587,32.103206326437025,35.20935342787929,49.79999999999999,191.30993244270394
3194,33,2026-04-27,15:29:21.800,49.8,759.842,100,1/1000.0,1.7,0,default,24.0,32.10364,35.209456,5588,32.10320132643702,35.209352427884966,49.79999999999999,191.30993244270394
3195,34,2026-04-27,15:29:21.835,49.8,759.842,100,1/1000.0,1.7,0,default,24.0,32.10364,35.209456,5589,32.10320132643702,35.209352427884966,49.79999999999999,191.30993244270394
3196,33,2026-04-27,15:29:21.867,49.8,759.842,100,1/1000.0,1.7,0,default,24.0,32.10364,35.209456,5590,32.10319872581656,35.209369178225046,49.79999999999999,189.46232225203758
3197,33,2026-04-27,15:29:21.901,49.8,759.842,100,1/1000.0,1.7,0,default,24.0,32.103634,35.209455,5592,32.10319272581656,35.20936817823075,49.79999999999999,189.46232225203758
3198,34,2026-04-27,15:29:21.935,49.8,759.842,100,1/1000.0,1.7,0,default,24.0,32.103634,35.209455,5593,32.10319272581656,35.20936817823075,49.79999999999999,189.46232225203758
3199,33,2026-04-27,15:29:21.968,49.8,759.842,100,1/1000.0,1.7,0,default,24.0,32.103634,35.209455,5593,32.10319272581656,35.20936817823075,49.79999999999999,189.46232225203758
3200,33,2026-04-27,15:29:22.001,49.8,759.842,100,1/1000.0,1.7,0,default,24.0,32.103629,35.209454,5594,32.10318772581656,35.2093671782355,49.79999999999999,189.46232225203758
3201,34,2026-04-27,15:29:22.035,49.8,759.842,100,1/1000.0,1.7,0,default,24.0,32.103629,35.209454,5594,32.10318772581656,35.2093671782355,49.79999999999999,189.46232225203758
3202,33,2026-04-27,15:29:22.068,49.8,759.842,100,1/1000.0,1.7,0,default,24.0,32.103629,35.209454,5595,32.10318772581656,35.2093671782355,49.79999999999999,189.46232225203758
3203,34,2026-04-27,15:29:22.101,49.8,759.842,100,1/1000.0,1.7,0,default,24.0,32.103623,35.209453,5595,32.10318172581656,35.20936617824121,49.79999999999999,189.46232225203758
3204,33,2026-04-27,15:29:22.134,49.8,759.842,100,1/1000.0,1.7,0,default,24.0,32.103623,35.209453,5596,32.10318172581656,35.20936617824121,49.79999999999999,189.46232225203758
3205,33,2026-04-27,15:29:22.167,49.8,759.842,100,1/1000.0,1.7,0,default,24.0,32.103623,35.209453,5596,32.10318172581656,35.20936617824121,49.79999999999999,189.46232225203758
3206,34,2026-04-27,15:29:22.202,49.8,759.842,100,1/1000.0,1.7,0,default,24.0,32.103617,35.209451,5596,32.10317572581656,35.209364178246915,49.79999999999999,189.46232225203758
3207,33,2026-04-27,15:29:22.234,49.8,759.842,100,1/1000.0,1.7,0,default,24.0,32.103617,35.209451,5597,32.10317572581656,35.209364178246915,49.79999999999999,189.46232225203758
3208,33,2026-04-27,15:29:22.268,49.8,759.842,100,1/1000.0,1.7,0,default,24.0,32.103617,35.209451,5597,32.10317572581656,35.209364178246915,49.79999999999999,189.46232225203758
3209,34,2026-04-27,15:29:22.302,49.8,759.842,100,1/1000.0,1.7,0,default,24.0,32.103611,35.20945,5597,32.103169725816564,35.20936317825261,49.79999999999999,189.46232225203758
3210,33,2026-04-27,15:29:22.335,49.8,759.842,100,1/1000.0,1.7,0,default,24.0,32.103611,35.20945,5598,32.103169725816564,35.20936317825261,49.79999999999999,189.46232225203758
3211,34,2026-04-27,15:29:22.368,49.8,759.842,100,1/1000.0,1.7,0,default,24.0,32.103611,35.20945,5598,32.103169725816564,35.20936317825261,49.79999999999999,189.46232225203758
3212,33,2026-04-27,15:29:22.402,49.8,759.842,100,1/1000.0,1.7,0,default,24.0,32.103604,35.209449,5598,32.10316272581656,35.20936217825927,49.79999999999999,189.46232225203758
3213,33,2026-04-27,15:29:22.435,49.8,759.842,100,1/1000.0,1.7,0,default,24.0,32.103604,35.209449,5598,32.10316272581656,35.20936217825927,49.79999999999999,189.46232225203758
3214,34,2026-04-27,15:29:22.468,49.8,759.842,100,1/1000.0,1.7,0,default,24.0,32.103604,35.209449,5598,32.103162725816475,35.20936217825987,49.79999999999999,189.4623221860196
3215,33,2026-04-27,15:29:22.502,49.8,759.842,100,1/1000.0,1.7,0,default,24.0,32.103598,35.209448,5598,32.103156725816476,35.209361178265574,49.79999999999999,189.4623221860196
3216,33,2026-04-27,15:29:22.535,49.8,759.842,100,1/1000.0,1.7,0,default,24.0,32.103598,35.209448,5598,32.103156725816476,35.209361178265574,49.79999999999999,189.4623221860196
3217,34,2026-04-27,15:29:22.569,49.8,759.842,100,1/1000.0,1.7,0,default,24.0,32.103598,35.209448,5598,32.103156725816476,35.209361178265574,49.79999999999999,189.4623221860196
3218,33,2026-04-27,15:29:22.602,49.8,759.842,100,1/1000.0,1.7,0,default,24.0,32.103591,35.209447,5598,32.10314972581648,35.20936017827223,49.79999999999999,189.4623221860196
3219,33,2026-04-27,15:29:22.635,49.8,759.842,100,1/1000.0,1.7,0,default,24.0,32.103591,35.209447,5597,32.10314972581648,35.20936017827223,49.79999999999999,189.4623221860196
3220,34,2026-04-27,15:29:22.669,49.8,759.842,100,1/1000.0,1.7,0,default,24.0,32.103591,35.209447,5597,32.10314972581648,35.20936017827223,49.79999999999999,189.4623221860196
3221,33,2026-04-27,15:29:22.702,49.8,759.842,100,1/1000.0,1.7,0,default,24.0,32.103585,35.209446,5597,32.10314372581648,35.209359178277936,49.79999999999999,189.4623221860196
3222,34,2026-04-27,15:29:22.734,49.8,759.842,100,1/1000.0,1.7,0,default,24.0,32.103585,35.209446,5597,32.10314372581648,35.209359178277936,49.79999999999999,189.4623221860196
3223,33,2026-04-27,15:29:22.769,49.8,759.842,100,1/1000.0,1.7,0,default,24.0,32.103585,35.209446,5597,32.10314372581648,35.209359178277936,49.79999999999999,189.4623221860196
3224,33,2026-04-27,15:29:22.802,49.8,759.842,100,1/1000.0,1.7,0,default,24.0,32.103577,35.209444,5597,32.10313572581648,35.209357178285536,49.79999999999999,189.4623221860196
3225,34,2026-04-27,15:29:22.834,49.8,759.842,100,1/1000.0,1.7,0,default,24.0,32.103577,35.209444,5597,32.10313572581648,35.209357178285536,49.79999999999999,189.4623221860196
3226,33,2026-04-27,15:29:22.868,49.8,759.842,100,1/1000.0,1.7,0,default,24.0,32.103577,35.209444,5596,32.10313413519324,35.20936931313665,49.79999999999999,188.1301023948671
3227,33,2026-04-27,15:29:22.902,49.8,759.842,100,1/1000.0,1.7,0,default,24.0,32.10357,35.209443,5596,32.10312713519323,35.20936831314238,49.79999999999999,188.1301023948671
3228,34,2026-04-27,15:29:22.935,49.8,759.842,100,1/1000.0,1.7,0,default,24.0,32.10357,35.209443,5595,32.10312713519323,35.20936831314238,49.79999999999999,188.1301023948671
3229,33,2026-04-27,15:29:22.969,49.8,759.842,100,1/1000.0,1.7,0,default,24.0,32.10357,35.209443,5594,32.103127135193226,35.209368313142456,49.79999999999999,188.13010238672484
3230,33,2026-04-27,15:29:23.002,49.8,759.842,100,1/1000.0,1.7,0,default,24.0,32.103563,35.209442,5594,32.10312013519323,35.20936731314818,49.79999999999999,188.13010238672484
3231,34,2026-04-27,15:29:23.036,49.8,759.842,100,1/1000.0,1.7,0,default,24.0,32.103563,35.209442,5593,32.10312013519323,35.20936731314818,49.79999999999999,188.13010238672484
3232,33,2026-04-27,15:29:23.069,49.8,759.842,100,1/1000.0,1.7,0,default,24.0,32.103563,35.209442,5593,32.10312013519317,35.209367313148626,49.79999999999999,188.1301023378715
3233,34,2026-04-27,15:29:23.101,49.8,759.842,100,1/1000.0,1.7,0,default,24.0,32.103556,35.20944,5593,32.10311313519317,35.20936531315435,49.79999999999999,188.1301023378715
3234,33,2026-04-27,15:29:23.135,49.8,759.842,100,1/1000.0,1.7,0,default,24.0,32.103556,35.20944,5593,32.10311313519317,35.20936531315435,49.79999999999999,188.1301023378715
3235,33,2026-04-27,15:29:23.168,49.8,759.842,100,1/1000.0,1.7,0,default,24.0,32.103556,35.20944,5593,32.10311313519316,35.20936531315442,49.79999999999999,188.1301023297293
3236,34,2026-04-27,15:29:23.203,49.8,759.842,100,1/1000.0,1.7,0,default,24.0,32.103548,35.209439,5593,32.10310513519317,35.20936431316097,49.79999999999999,188.1301023297293
3237,33,2026-04-27,15:29:23.236,49.8,759.842,100,1/1000.0,1.7,0,default,24.0,32.103548,35.209439,5592,32.10310513519317,35.20936431316097,49.79999999999999,188.1301023297293
3238,33,2026-04-27,15:29:23.269,49.8,759.842,100,1/1000.0,1.7,0,default,24.0,32.103548,35.209439,5592,32.10310513519317,35.20936431316097,49.79999999999999,188.1301023297293
3239,34,2026-04-27,15:29:23.303,49.8,759.842,100,1/1000.0,1.7,0,default,24.0,32.10354,35.209437,5592,32.10309713519317,35.20936231316751,49.79999999999999,188.1301023297293
3240,33,2026-04-27,15:29:23.336,49.8,759.842,100,1/1000.0,1.7,0,default,24.0,32.10354,35.209437,5592,32.10309713519317,35.20936231316751,49.79999999999999,188.1301023297293
3241,34,2026-04-27,15:29:23.369,49.8,759.842,100,1/1000.0,1.7,0,default,24.0,32.10354,35.209437,5592,32.10309610964613,35.2093713436246,49.79999999999999,187.14160169706332
3242,33,2026-04-27,15:29:23.403,49.8,759.842,100,1/1000.0,1.7,0,default,24.0,32.103533,35.209436,5592,32.10308910964613,35.20937034362964,49.79999999999999,187.14160169706332
3243,33,2026-04-27,15:29:23.436,49.8,759.842,100,1/1000.0,1.7,0,default,24.0,32.103533,35.209436,5592,32.10308910964613,35.20937034362964,49.79999999999999,187.14160169706332
3244,34,2026-04-27,15:29:23.469,49.8,759.842,100,1/1000.0,1.7,0,default,24.0,32.103533,35.209436,5592,32.10308909356537,35.20937049531961,49.79999999999999,187.12501633088291
3245,33,2026-04-27,15:29:23.503,49.8,759.842,100,1/1000.0,1.7,0,default,24.0,32.103525,35.209435,5592,32.10308109356537,35.209369495325355,49.79999999999999,187.12501633088291
3246,33,2026-04-27,15:29:23.536,49.8,759.842,100,1/1000.0,1.7,0,default,24.0,32.103525,35.209435,5592,32.10308109356537,35.209369495325355,49.79999999999999,187.12501633088291
3247,34,2026-04-27,15:29:23.570,49.8,759.842,100,1/1000.0,1.7,0,default,24.0,32.103525,35.209435,5592,32.10307763898851,35.209435,49.79999999999999,180.0
3248,33,2026-04-27,15:29:23.602,49.8,759.842,100,1/1000.0,1.7,0,default,24.0,32.103518,35.209435,5592,32.10307063898851,35.209435,49.79999999999999,180.0
3249,33,2026-04-27,15:29:23.636,49.8,759.842,100,1/1000.0,1.7,0,default,24.0,32.103518,35.209435,5592,32.10307063898851,35.209435,49.79999999999999,180.0
3250,34,2026-04-27,15:29:23.670,49.8,759.842,100,1/1000.0,1.7,0,default,24.0,32.103518,35.209435,5592,32.10307063898851,35.209435,49.79999999999999,180.0
3251,33,2026-04-27,15:29:23.702,49.8,759.842,100,1/1000.0,1.7,0,default,24.0,32.10351,35.209436,5592,32.10306263898851,35.209436,49.79999999999999,180.0
3252,34,2026-04-27,15:29:23.737,49.8,759.842,100,1/1000.0,1.7,0,default,24.0,32.10351,35.209436,5592,32.10306263898851,35.209436,49.79999999999999,180.0
3253,33,2026-04-27,15:29:23.770,49.8,759.842,100,1/1000.0,1.7,0,default,24.0,32.10351,35.209436,5592,32.10306263898851,35.209436,49.79999999999999,180.0
3254,33,2026-04-27,15:29:23.803,49.8,759.842,100,1/1000.0,1.7,0,default,24.0,32.103502,35.209436,5592,32.10305463898851,35.209436,49.79999999999999,180.0
3255,34,2026-04-27,15:29:23.837,49.8,759.842,100,1/1000.0,1.7,0,default,24.0,32.103502,35.209436,5592,32.10305463898851,35.209436,49.79999999999999,180.0
3256,33,2026-04-27,15:29:23.869,49.8,759.842,100,1/1000.0,1.7,0,default,24.0,32.103502,35.209436,5591,32.10305463898851,35.209436,49.79999999999999,180.0
3257,33,2026-04-27,15:29:23.903,49.8,759.842,100,1/1000.0,1.7,0,default,24.0,32.103495,35.209436,5590,32.103047638988514,35.209436,49.79999999999999,180.0
3258,34,2026-04-27,15:29:23.937,49.8,759.842,100,1/1000.0,1.7,0,default,24.0,32.103495,35.209436,5589,32.103047638988514,35.209436,49.79999999999999,180.0
3259,33,2026-04-27,15:29:23.970,49.8,759.842,100,1/1000.0,1.7,0,default,24.0,32.103495,35.209436,5588,32.103047638988514,35.209436,49.79999999999999,180.0
3260,33,2026-04-27,15:29:24.003,49.8,759.842,100,1/1000.0,1.7,0,default,24.0,32.103487,35.209437,5586,32.10303963898851,35.209437,49.79999999999999,180.0
3261,34,2026-04-27,15:29:24.037,49.8,759.842,100,1/1000.0,1.7,0,default,24.0,32.103487,35.209437,5585,32.10303963898851,35.209437,49.79999999999999,180.0
3262,33,2026-04-27,15:29:24.070,49.8,759.842,100,1/1000.0,1.7,0,default,24.0,32.103487,35.209437,5583,32.10303963898851,35.209437,49.79999999999999,180.0
3263,34,2026-04-27,15:29:24.103,49.8,759.842,100,1/1000.0,1.7,0,default,24.0,32.103479,35.209438,5582,32.10303163898851,35.209438,49.79999999999999,180.0
3264,33,2026-04-27,15:29:24.136,49.8,759.842,100,1/1000.0,1.7,0,default,24.0,32.103479,35.209438,5581,32.10303163898851,35.209438,49.79999999999999,180.0
3265,33,2026-04-27,15:29:24.170,49.8,759.842,100,1/1000.0,1.7,0,default,24.0,32.103479,35.209438,5579,32.10303163898851,35.209438,49.79999999999999,180.0
3266,34,2026-04-27,15:29:24.204,49.8,759.842,100,1/1000.0,1.7,0,default,24.0,32.103471,35.209438,5578,32.10302363898851,35.209438,49.79999999999999,180.0
3267,33,2026-04-27,15:29:24.237,49.8,759.842,100,1/1000.0,1.7,0,default,24.0,32.103471,35.209438,5577,32.10302363898851,35.209438,49.79999999999999,180.0
3268,33,2026-04-27,15:29:24.270,49.8,759.842,100,1/1000.0,1.7,0,default,24.0,32.103471,35.209438,5575,32.10302587142853,35.20949069410862,49.79999999999999,174.2736322869762
3269,34,2026-04-27,15:29:24.304,49.7,759.742,100,1/1000.0,1.7,0,default,24.0,32.103463,35.209439,5574,32.103018765261,35.20949158829255,49.699999999999996,174.2736322869762
3270,33,2026-04-27,15:29:24.337,49.7,759.742,100,1/1000.0,1.7,0,default,24.0,32.103463,35.209439,5573,32.103018765261,35.20949158829255,49.699999999999996,174.2736322869762
3271,34,2026-04-27,15:29:24.370,49.7,759.742,100,1/1000.0,1.7,0,default,24.0,32.103463,35.209439,5571,32.10301927675242,35.20949729650162,49.699999999999996,173.64963134993607
3272,33,2026-04-27,15:29:24.404,49.7,759.742,100,1/1000.0,1.7,0,default,24.0,32.103456,35.20944,5570,32.10301227675242,35.20949829649715,49.699999999999996,173.64963134993607
3273,33,2026-04-27,15:29:24.436,49.7,759.742,100,1/1000.0,1.7,0,default,24.0,32.103456,35.20944,5569,32.10301227675242,35.20949829649715,49.699999999999996,173.64963134993607
3274,34,2026-04-27,15:29:24.470,49.7,759.742,100,1/1000.0,1.7,0,default,24.0,32.103456,35.20944,5567,32.103012267988085,35.20949820345476,49.699999999999996,173.65980827334374
3275,33,2026-04-27,15:29:24.504,49.8,759.842,100,1/1000.0,1.7,0,default,24.0,32.103447,35.20944,5566,32.10300237516714,35.20949832055858,49.79999999999999,173.65980827334374
3276,33,2026-04-27,15:29:24.537,49.8,759.842,100,1/1000.0,1.7,0,default,24.0,32.103447,35.20944,5564,32.10300237516714,35.20949832055858,49.79999999999999,173.65980827334374
3277,34,2026-04-27,15:29:24.571,49.8,759.842,100,1/1000.0,1.7,0,default,24.0,32.103447,35.20944,5564,32.10300237516714,35.20949832055857,49.79999999999999,173.65980827394918
3278,33,2026-04-27,15:29:24.604,49.8,759.842,100,1/1000.0,1.7,0,default,24.0,32.10344,35.209441,5563,32.10299537516713,35.2094993205541,49.79999999999999,173.65980827394918
3279,33,2026-04-27,15:29:24.636,49.8,759.842,100,1/1000.0,1.7,0,default,24.0,32.10344,35.209441,5562,32.10299537516713,35.2094993205541,49.79999999999999,173.65980827394918
3280,34,2026-04-27,15:29:24.671,49.8,759.842,100,1/1000.0,1.7,0,default,24.0,32.10344,35.209441,5561,32.10299537516713,35.2094993205541,49.79999999999999,173.65980827394918
3281,33,2026-04-27,15:29:24.704,49.8,759.842,100,1/1000.0,1.7,0,default,24.0,32.103431,35.209442,5559,32.102986375167134,35.20950032054836,49.79999999999999,173.65980827394918
3282,34,2026-04-27,15:29:24.737,49.8,759.842,100,1/1000.0,1.7,0,default,24.0,32.103431,35.209442,5558,32.102986375167134,35.20950032054836,49.79999999999999,173.65980827394918
3283,33,2026-04-27,15:29:24.771,49.8,759.842,100,1/1000.0,1.7,0,default,24.0,32.103431,35.209442,5557,32.102986375167134,35.20950032054836,49.79999999999999,173.65980827394918
3284,33,2026-04-27,15:29:24.804,49.8,759.842,100,1/1000.0,1.7,0,default,24.0,32.103422,35.209442,5557,32.102977375167136,35.20950032054261,49.79999999999999,173.65980827394918
3285,34,2026-04-27,15:29:24.838,49.8,759.842,100,1/1000.0,1.7,0,default,24.0,32.103422,35.209442,5557,32.102977375167136,35.20950032054261,49.79999999999999,173.65980827394918
3286,33,2026-04-27,15:29:24.871,49.8,759.842,100,1/1000.0,1.7,0,default,24.0,32.103422,35.209442,5556,32.102977375167136,35.20950032054261,49.79999999999999,173.65980827394918
3287,33,2026-04-27,15:29:24.904,49.8,759.842,100,1/1000.0,1.7,0,default,24.0,32.103414,35.209443,5556,32.102969375167135,35.2095013205375,49.79999999999999,173.65980827394918
3288,34,2026-04-27,15:29:24.937,49.8,759.842,100,1/1000.0,1.7,0,default,24.0,32.103414,35.209443,5555,32.102969375167135,35.2095013205375,49.79999999999999,173.65980827394918
3289,33,2026-04-27,15:29:24.971,49.8,759.842,100,1/1000.0,1.7,0,default,24.0,32.103414,35.209443,5555,32.102969375167135,35.2095013205375,49.79999999999999,173.65980827394918
3290,33,2026-04-27,15:29:25.004,49.8,759.842,100,1/1000.0,1.7,0,default,24.0,32.103406,35.209444,5554,32.10296137516713,35.20950232053239,49.79999999999999,173.65980827394918
3291,34,2026-04-27,15:29:25.038,49.8,759.842,100,1/1000.0,1.7,0,default,24.0,32.103406,35.209444,5554,32.10296137516713,35.20950232053239,49.79999999999999,173.65980827394918
3292,33,2026-04-27,15:29:25.071,49.8,759.842,100,1/1000.0,1.7,0,default,24.0,32.103406,35.209444,5553,32.10296137516713,35.20950232053239,49.79999999999999,173.65980827394918
3293,34,2026-04-27,15:29:25.104,49.8,759.842,100,1/1000.0,1.7,0,default,24.0,32.103396,35.209445,5553,32.10295137516713,35.209503320526004,49.79999999999999,173.65980827394918
3294,33,2026-04-27,15:29:25.137,49.8,759.842,100,1/1000.0,1.7,0,default,24.0,32.103396,35.209445,5552,32.10295137516713,35.209503320526004,49.79999999999999,173.65980827394918
3295,33,2026-04-27,15:29:25.171,49.8,759.842,100,1/1000.0,1.7,0,default,24.0,32.103396,35.209445,5552,32.10295085915613,35.209497549389525,49.79999999999999,174.28940683428476
3296,34,2026-04-27,15:29:25.204,49.8,759.842,100,1/1000.0,1.7,0,default,24.0,32.103388,35.209445,5553,32.10294285915614,35.20949754938492,49.79999999999999,174.28940683428476
3297,33,2026-04-27,15:29:25.238,49.8,759.842,100,1/1000.0,1.7,0,default,24.0,32.103388,35.209445,5553,32.10294285915614,35.20949754938492,49.79999999999999,174.28940683428476
3298,33,2026-04-27,15:29:25.271,49.8,759.842,100,1/1000.0,1.7,0,default,24.0,32.103388,35.209445,5554,32.10294285915614,35.20949754938492,49.79999999999999,174.28940683428476
3299,34,2026-04-27,15:29:25.304,49.8,759.842,100,1/1000.0,1.7,0,default,24.0,32.103379,35.209446,5553,32.10293385915613,35.20949854937974,49.79999999999999,174.28940683428476
3300,33,2026-04-27,15:29:25.338,49.8,759.842,100,1/1000.0,1.7,0,default,24.0,32.103379,35.209446,5553,32.10293385915613,35.20949854937974,49.79999999999999,174.28940683428476
3301,34,2026-04-27,15:29:25.370,49.8,759.842,100,1/1000.0,1.7,0,default,24.0,32.103379,35.209446,5553,32.10293385915613,35.2094985493797,49.79999999999999,174.28940683831556
3302,33,2026-04-27,15:29:25.405,49.8,759.842,100,1/1000.0,1.7,0,default,24.0,32.103371,35.209447,5553,32.10292585915614,35.209499549375096,49.79999999999999,174.28940683831556
3303,33,2026-04-27,15:29:25.438,49.8,759.842,100,1/1000.0,1.7,0,default,24.0,32.103371,35.209447,5553,32.10292585915614,35.209499549375096,49.79999999999999,174.28940683831556
3304,34,2026-04-27,15:29:25.471,49.8,759.842,100,1/1000.0,1.7,0,default,24.0,32.103371,35.209447,5553,32.10292585915614,35.209499549375096,49.79999999999999,174.28940683831556
3305,33,2026-04-27,15:29:25.504,49.8,759.842,100,1/1000.0,1.7,0,default,24.0,32.103361,35.209448,5554,32.102915859156134,35.209500549369345,49.79999999999999,174.28940683831556
3306,33,2026-04-27,15:29:25.538,49.8,759.842,100,1/1000.0,1.7,0,default,24.0,32.103361,35.209448,5553,32.102915859156134,35.209500549369345,49.79999999999999,174.28940683831556
3307,34,2026-04-27,15:29:25.572,49.8,759.842,100,1/1000.0,1.7,0,default,24.0,32.103361,35.209448,5553,32.102915859156134,35.209500549369345,49.79999999999999,174.28940683831556
3308,33,2026-04-27,15:29:25.604,49.8,759.842,100,1/1000.0,1.7,0,default,24.0,32.103352,35.209448,5552,32.102906859156136,35.20950054936417,49.79999999999999,174.28940683831556
3309,33,2026-04-27,15:29:25.638,49.8,759.842,100,1/1000.0,1.7,0,default,24.0,32.103352,35.209448,5552,32.102906859156136,35.20950054936417,49.79999999999999,174.28940683831556
3310,34,2026-04-27,15:29:25.672,49.8,759.842,100,1/1000.0,1.7,0,default,24.0,32.103352,35.209448,5551,32.102906859156136,35.20950054936417,49.79999999999999,174.28940683831556
3311,33,2026-04-27,15:29:25.705,49.8,759.842,100,1/1000.0,1.7,0,default,24.0,32.103342,35.209449,5550,32.10289685915613,35.209501549358414,49.79999999999999,174.28940683831556
3312,34,2026-04-27,15:29:25.738,49.8,759.842,100,1/1000.0,1.7,0,default,24.0,32.103342,35.209449,5549,32.10289685915613,35.209501549358414,49.79999999999999,174.28940683831556
3313,33,2026-04-27,15:29:25.772,49.8,759.842,100,1/1000.0,1.7,0,default,24.0,32.103342,35.209449,5549,32.10289685915613,35.209501549358414,49.79999999999999,174.28940683831556
3314,33,2026-04-27,15:29:25.805,49.8,759.842,110,1/1000.0,1.7,0,default,24.0,32.103334,35.20945,5548,32.10288885915613,35.20950254935381,49.79999999999999,174.28940683831556
3315,34,2026-04-27,15:29:25.839,49.8,759.842,110,1/1000.0,1.7,0,default,24.0,32.103334,35.20945,5547,32.10288885915613,35.20950254935381,49.79999999999999,174.28940683831556
3316,33,2026-04-27,15:29:25.872,49.8,759.842,110,1/1000.0,1.7,0,default,24.0,32.103334,35.20945,5546,32.10288885915613,35.20950254935381,49.79999999999999,174.28940683831556
3317,33,2026-04-27,15:29:25.904,49.8,759.842,110,1/1000.0,1.7,0,default,24.0,32.103324,35.209451,5546,32.102878859156135,35.20950354934806,49.79999999999999,174.28940683831556
3318,34,2026-04-27,15:29:25.938,49.8,759.842,110,1/1000.0,1.7,0,default,24.0,32.103324,35.209451,5545,32.102878859156135,35.20950354934806,49.79999999999999,174.28940683831556
3319,33,2026-04-27,15:29:25.971,49.8,759.842,110,1/1000.0,1.7,0,default,24.0,32.103324,35.209451,5544,32.102878859156135,35.20950354934806,49.79999999999999,174.28940683831556
3320,33,2026-04-27,15:29:26.004,49.8,759.842,110,1/1000.0,1.7,0,default,24.0,32.103314,35.209451,5544,32.10286885915613,35.2095035493423,49.79999999999999,174.28940683831556
3321,34,2026-04-27,15:29:26.038,49.8,759.842,110,1/1000.0,1.7,0,default,24.0,32.103314,35.209451,5544,32.10286885915613,35.2095035493423,49.79999999999999,174.28940683831556
3322,33,2026-04-27,15:29:26.072,49.8,759.842,110,1/1000.0,1.7,0,default,24.0,32.103314,35.209451,5543,32.102868859156104,35.20950354934197,49.79999999999999,174.28940687459277
3323,34,2026-04-27,15:29:26.105,49.8,759.842,110,1/1000.0,1.7,0,default,24.0,32.103306,35.209452,5543,32.10286085915611,35.20950454933737,49.79999999999999,174.28940687459277
3324,33,2026-04-27,15:29:26.138,49.8,759.842,110,1/1000.0,1.7,0,default,24.0,32.103306,35.209452,5542,32.10286085915611,35.20950454933737,49.79999999999999,174.28940687459277
3325,33,2026-04-27,15:29:26.172,49.8,759.842,110,1/1000.0,1.7,0,default,24.0,32.103306,35.209452,5542,32.10286085915611,35.20950454933737,49.79999999999999,174.28940687459277
3326,34,2026-04-27,15:29:26.205,49.8,759.842,110,1/1000.0,1.7,0,default,24.0,32.103296,35.209453,5541,32.102850859156106,35.20950554933162,49.79999999999999,174.28940687459277
3327,33,2026-04-27,15:29:26.239,49.8,759.842,110,1/1000.0,1.7,0,default,24.0,32.103296,35.209453,5541,32.102850859156106,35.20950554933162,49.79999999999999,174.28940687459277
3328,33,2026-04-27,15:29:26.271,49.8,759.842,110,1/1000.0,1.7,0,default,24.0,32.103296,35.209453,5541,32.102850859156106,35.20950554933162,49.79999999999999,174.28940687459277
3329,34,2026-04-27,15:29:26.306,49.8,759.842,110,1/1000.0,1.7,0,default,24.0,32.103287,35.209453,5541,32.10284185915611,35.20950554932644,49.79999999999999,174.28940687459277
3330,33,2026-04-27,15:29:26.339,49.8,759.842,110,1/1000.0,1.7,0,default,24.0,32.103287,35.209453,5541,32.10284185915611,35.20950554932644,49.79999999999999,174.28940687459277
3331,34,2026-04-27,15:29:26.372,49.8,759.842,110,1/1000.0,1.7,0,default,24.0,32.103287,35.209453,5541,32.10284185915611,35.20950554932644,49.79999999999999,174.28940687459277
3332,33,2026-04-27,15:29:26.405,49.8,759.842,110,1/1000.0,1.7,0,default,24.0,32.103276,35.209454,5541,32.10283085915611,35.2095065493201,49.79999999999999,174.28940687459277
3333,33,2026-04-27,15:29:26.439,49.8,759.842,110,1/1000.0,1.7,0,default,24.0,32.103276,35.209454,5542,32.10283085915611,35.2095065493201,49.79999999999999,174.28940687459277
3334,34,2026-04-27,15:29:26.471,49.8,759.842,110,1/1000.0,1.7,0,default,24.0,32.103276,35.209454,5543,32.10283085915611,35.2095065493201,49.79999999999999,174.28940687459277
3335,33,2026-04-27,15:29:26.505,49.8,759.842,110,1/1000.0,1.7,0,default,24.0,32.103268,35.209454,5543,32.102822859156106,35.2095065493155,49.79999999999999,174.28940687459277
3336,33,2026-04-27,15:29:26.539,49.8,759.842,110,1/1000.0,1.7,0,default,24.0,32.103268,35.209454,5544,32.102822859156106,35.2095065493155,49.79999999999999,174.28940687459277
3337,34,2026-04-27,15:29:26.572,49.8,759.842,110,1/1000.0,1.7,0,default,24.0,32.103268,35.209454,5544,32.102822859156106,35.2095065493155,49.79999999999999,174.28940687459277
3338,33,2026-04-27,15:29:26.605,49.8,759.842,110,1/1000.0,1.7,0,default,24.0,32.103257,35.209455,5545,32.102811859156105,35.20950754930917,49.79999999999999,174.28940687459277
3339,33,2026-04-27,15:29:26.639,49.8,759.842,110,1/1000.0,1.7,0,default,24.0,32.103257,35.209455,5546,32.102811859156105,35.20950754930917,49.79999999999999,174.28940687459277
3340,34,2026-04-27,15:29:26.673,49.8,759.842,110,1/1000.0,1.7,0,default,24.0,32.103257,35.209455,5548,32.102811859156134,35.2095075493095,49.79999999999999,174.28940683831556
3341,33,2026-04-27,15:29:26.706,49.8,759.842,110,1/1000.0,1.7,0,default,24.0,32.103247,35.209456,5550,32.10280185915614,35.209508549303756,49.79999999999999,174.28940683831556
3342,34,2026-04-27,15:29:26.739,49.8,759.842,110,1/1000.0,1.7,0,default,24.0,32.103247,35.209456,5552,32.10280185915614,35.209508549303756,49.79999999999999,174.28940683831556
3343,33,2026-04-27,15:29:26.773,49.8,759.842,110,1/1000.0,1.7,0,default,24.0,32.103247,35.209456,5554,32.10280185915614,35.209508549303756,49.79999999999999,174.28940683831556
3344,33,2026-04-27,15:29:26.806,49.8,759.842,120,1/1000.0,1.7,0,default,24.0,32.103238,35.209456,5556,32.10279285915613,35.209508549298576,49.79999999999999,174.28940683831556
3345,34,2026-04-27,15:29:26.839,49.8,759.842,110,1/1000.0,1.7,0,default,24.0,32.103238,35.209456,5558,32.10279285915613,35.209508549298576,49.79999999999999,174.28940683831556
3346,33,2026-04-27,15:29:26.872,49.8,759.842,110,1/1000.0,1.7,0,default,24.0,32.103238,35.209456,5559,32.10279285915613,35.209508549298576,49.79999999999999,174.28940683831556
3347,33,2026-04-27,15:29:26.906,49.8,759.842,120,1/1000.0,1.7,0,default,24.0,32.103228,35.209457,5561,32.102782859156136,35.20950954929282,49.79999999999999,174.28940683831556
3348,34,2026-04-27,15:29:26.940,49.8,759.842,120,1/1000.0,1.7,0,default,24.0,32.103228,35.209457,5563,32.102782859156136,35.20950954929282,49.79999999999999,174.28940683831556
3349,33,2026-04-27,15:29:26.972,49.8,759.842,120,1/1000.0,1.7,0,default,24.0,32.103228,35.209457,5566,32.102782859156136,35.20950954929282,49.79999999999999,174.28940683831556
3350,33,2026-04-27,15:29:27.006,49.8,759.842,120,1/1000.0,1.7,0,default,24.0,32.103219,35.209458,5568,32.10277385915614,35.209510549287636,49.79999999999999,174.28940683831556
3351,34,2026-04-27,15:29:27.040,49.8,759.842,120,1/1000.0,1.7,0,default,24.0,32.103219,35.209458,5570,32.10277385915614,35.209510549287636,49.79999999999999,174.28940683831556
3352,33,2026-04-27,15:29:27.073,49.8,759.842,120,1/1000.0,1.7,0,default,24.0,32.103219,35.209458,5573,32.10277385915614,35.20951054928767,49.79999999999999,174.28940683428476
3353,34,2026-04-27,15:29:27.106,49.8,759.842,120,1/1000.0,1.7,0,default,24.0,32.103209,35.209458,5575,32.102763859156134,35.209510549281916,49.79999999999999,174.28940683428476
3354,33,2026-04-27,15:29:27.139,49.8,759.842,120,1/1000.0,1.7,0,default,24.0,32.103209,35.209458,5577,32.102763859156134,35.209510549281916,49.79999999999999,174.28940683428476
3355,33,2026-04-27,15:29:27.172,49.8,759.842,120,1/1000.0,1.7,0,default,24.0,32.103209,35.209458,5579,32.102763859156134,35.209510549281916,49.79999999999999,174.28940683428476
3356,34,2026-04-27,15:29:27.207,49.8,759.842,120,1/1000.0,1.7,0,default,24.0,32.103199,35.209459,5582,32.10275385915613,35.20951154927617,49.79999999999999,174.28940683428476
3357,33,2026-04-27,15:29:27.240,49.8,759.842,120,1/1000.0,1.7,0,default,24.0,32.103199,35.209459,5584,32.10275385915613,35.20951154927617,49.79999999999999,174.28940683428476
3358,33,2026-04-27,15:29:27.273,49.8,759.842,120,1/1000.0,1.7,0,default,24.0,32.103199,35.209459,5586,32.10275437516714,35.209517320400245,49.79999999999999,173.65980826898445
3359,34,2026-04-27,15:29:27.307,49.8,759.842,120,1/1000.0,1.7,0,default,24.0,32.103188,35.20946,5588,32.102743375167144,35.20951832039322,49.79999999999999,173.65980826898445
3360,33,2026-04-27,15:29:27.340,49.8,759.842,120,1/1000.0,1.7,0,default,24.0,32.103188,35.20946,5590,32.102743375167144,35.20951832039322,49.79999999999999,173.65980826898445
3361,34,2026-04-27,15:29:27.372,49.8,759.842,120,1/1000.0,1.7,0,default,24.0,32.103188,35.20946,5591,32.102743375167144,35.20951832039322,49.79999999999999,173.65980826898445
3362,33,2026-04-27,15:29:27.407,49.8,759.842,120,1/1000.0,1.7,0,default,24.0,32.103179,35.209462,5592,32.10273437516714,35.209520320387476,49.79999999999999,173.65980826898445
3363,33,2026-04-27,15:29:27.440,49.8,759.842,120,1/1000.0,1.7,0,default,24.0,32.103179,35.209462,5593,32.10273437516714,35.209520320387476,49.79999999999999,173.65980826898445
3364,34,2026-04-27,15:29:27.473,49.8,759.842,120,1/1000.0,1.7,0,default,24.0,32.103179,35.209462,5594,32.102740326437086,35.20956557159257,49.79999999999999,168.69006751815073
3365,33,2026-04-27,15:29:27.507,49.8,759.842,120,1/1000.0,1.7,0,default,24.0,32.10317,35.209463,5596,32.10273132643709,35.209566571582364,49.79999999999999,168.69006751815073
3366,33,2026-04-27,15:29:27.540,49.8,759.842,120,1/1000.0,1.7,0,default,24.0,32.10317,35.209463,5597,32.10273132643709,35.209566571582364,49.79999999999999,168.69006751815073
3367,34,2026-04-27,15:29:27.574,49.8,759.842,120,1/1000.0,1.7,0,default,24.0,32.10317,35.209463,5598,32.102731326437095,35.209566571582435,49.79999999999999,168.69006751032168
3368,33,2026-04-27,15:29:27.607,49.8,759.842,120,1/1000.0,1.7,0,default,24.0,32.10316,35.209465,5599,32.1027213264371,35.2095685715711,49.79999999999999,168.69006751032168
3369,33,2026-04-27,15:29:27.640,49.8,759.842,120,1/1000.0,1.7,0,default,24.0,32.10316,35.209465,5601,32.1027213264371,35.2095685715711,49.79999999999999,168.69006751032168
3370,34,2026-04-27,15:29:27.674,49.8,759.842,120,1/1000.0,1.7,0,default,24.0,32.10316,35.209465,5602,32.10272329196936,35.20957956389499,49.79999999999999,167.47119228605897
3371,33,2026-04-27,15:29:27.707,49.8,759.842,120,1/1000.0,1.7,0,default,24.0,32.103152,35.209467,5603,32.10271529196936,35.20958156388495,49.79999999999999,167.47119228605897
3372,34,2026-04-27,15:29:27.740,49.8,759.842,120,1/1000.0,1.7,0,default,24.0,32.103152,35.209467,5604,32.10271529196936,35.20958156388495,49.79999999999999,167.47119228605897
3373,33,2026-04-27,15:29:27.774,49.8,759.842,120,1/1000.0,1.7,0,default,24.0,32.103152,35.209467,5605,32.10271799606978,35.20959508631689,49.79999999999999,165.9637565679951
3374,33,2026-04-27,15:29:27.807,49.8,759.842,120,1/1000.0,1.7,0,default,24.0,32.103142,35.209469,5606,32.102707996069775,35.209597086302864,49.79999999999999,165.9637565679951
3375,34,2026-04-27,15:29:27.841,49.8,759.842,120,1/1000.0,1.7,0,default,24.0,32.103142,35.209469,5607,32.102707996069775,35.209597086302864,49.79999999999999,165.9637565679951
3376,33,2026-04-27,15:29:27.874,49.8,759.842,120,1/1000.0,1.7,0,default,24.0,32.103142,35.209469,5608,32.10270799606987,35.2095970863033,49.79999999999999,165.9637565200997
3377,33,2026-04-27,15:29:27.906,49.8,759.842,120,1/1000.0,1.7,0,default,24.0,32.103133,35.209472,5609,32.10269899606987,35.20960008629067,49.79999999999999,165.9637565200997
3378,34,2026-04-27,15:29:27.941,49.8,759.842,120,1/1000.0,1.7,0,default,24.0,32.103133,35.209472,5609,32.10269899606987,35.20960008629067,49.79999999999999,165.9637565200997
3379,33,2026-04-27,15:29:27.974,49.8,759.842,120,1/1000.0,1.7,0,default,24.0,32.103133,35.209472,5610,32.1027085960802,35.209639004090704,49.79999999999999,161.565051177078
3380,33,2026-04-27,15:29:28.006,49.8,759.842,120,1/1000.0,1.7,0,default,24.0,32.103125,35.209474,5610,32.1027005960802,35.209641004076076,49.79999999999999,161.565051177078
3381,34,2026-04-27,15:29:28.041,49.8,759.842,120,1/1000.0,1.7,0,default,24.0,32.103125,35.209474,5610,32.1027005960802,35.209641004076076,49.79999999999999,161.565051177078
3382,33,2026-04-27,15:29:28.073,49.8,759.842,120,1/1000.0,1.7,0,default,24.0,32.103125,35.209474,5611,32.1027005960802,35.209641004076076,49.79999999999999,161.565051177078
3383,34,2026-04-27,15:29:28.108,49.8,759.842,120,1/1000.0,1.7,0,default,24.0,32.103116,35.209478,5611,32.1026915960802,35.20964500405962,49.79999999999999,161.565051177078
3384,33,2026-04-27,15:29:28.141,49.8,759.842,120,1/1000.0,1.7,0,default,24.0,32.103116,35.209478,5612,32.1026915960802,35.20964500405962,49.79999999999999,161.565051177078
3385,33,2026-04-27,15:29:28.174,49.8,759.842,120,1/1000.0,1.7,0,default,24.0,32.103116,35.209478,5612,32.10269712283202,35.2096634329267,49.79999999999999,159.44395478599338
3386,34,2026-04-27,15:29:28.206,49.8,759.842,110,1/1000.0,1.7,0,default,24.0,32.103107,35.209481,5612,32.10268812283202,35.20966643290843,49.79999999999999,159.44395478599338
3387,33,2026-04-27,15:29:28.240,49.8,759.842,110,1/1000.0,1.7,0,default,24.0,32.103107,35.209481,5612,32.10268812283202,35.20966643290843,49.79999999999999,159.44395478599338
3388,33,2026-04-27,15:29:28.274,49.8,759.842,110,1/1000.0,1.7,0,default,24.0,32.103107,35.209481,5612,32.10268812283214,35.20966643290881,49.79999999999999,159.44395474137852
3389,34,2026-04-27,15:29:28.308,49.8,759.842,110,1/1000.0,1.7,0,default,24.0,32.103099,35.209484,5612,32.10268012283214,35.209669432892575,49.79999999999999,159.44395474137852
3390,33,2026-04-27,15:29:28.341,49.8,759.842,110,1/1000.0,1.7,0,default,24.0,32.103099,35.209484,5612,32.10268012283214,35.209669432892575,49.79999999999999,159.44395474137852
3391,34,2026-04-27,15:29:28.374,49.8,759.842,110,1/1000.0,1.7,0,default,24.0,32.103099,35.209484,5612,32.10269019634126,35.209698487047724,49.79999999999999,156.0375110380129
3392,33,2026-04-27,15:29:28.408,49.8,759.842,110,1/1000.0,1.7,0,default,24.0,32.103091,35.209487,5611,32.102682196341256,35.20970148702893,49.79999999999999,156.0375110380129
3393,33,2026-04-27,15:29:28.441,49.8,759.842,110,1/800.0,1.7,0,default,24.0,32.103091,35.209487,5611,32.102682196341256,35.20970148702893,49.79999999999999,156.0375110380129
3394,34,2026-04-27,15:29:28.475,49.8,759.842,110,1/800.0,1.7,0,default,24.0,32.103091,35.209487,5610,32.10268219634138,35.20970148702925,49.79999999999999,156.0375110002397
3395,33,2026-04-27,15:29:28.508,49.8,759.842,110,1/800.0,1.7,0,default,24.0,32.103083,35.209491,5610,32.102674196341376,35.20970548701046,49.79999999999999,156.0375110002397
3396,33,2026-04-27,15:29:28.541,49.8,759.842,110,1/800.0,1.7,0,default,24.0,32.103083,35.209491,5610,32.102674196341376,35.20970548701046,49.79999999999999,156.0375110002397
3397,34,2026-04-27,15:29:28.574,49.8,759.842,110,1/800.0,1.7,0,default,24.0,32.103083,35.209491,5610,32.102674196341376,35.20970548701046,49.79999999999999,156.0375110002397
3398,33,2026-04-27,15:29:28.608,49.8,759.842,110,1/800.0,1.7,0,default,24.0,32.103075,35.209495,5610,32.102666196341374,35.20970948699167,49.79999999999999,156.0375110002397
3399,33,2026-04-27,15:29:28.641,49.8,759.842,110,1/800.0,1.7,0,default,24.0,32.103075,35.209495,5610,32.102666196341374,35.20970948699167,49.79999999999999,156.0375110002397
3400,34,2026-04-27,15:29:28.675,49.8,759.842,110,1/800.0,1.7,0,default,24.0,32.103075,35.209495,5610,32.102674868147055,35.20973117929989,49.79999999999999,153.4349488432776
3401,33,2026-04-27,15:29:28.708,49.8,759.842,110,1/800.0,1.7,0,default,24.0,32.103067,35.2095,5610,32.10266686814706,35.2097361792792,49.79999999999999,153.4349488432776
3402,34,2026-04-27,15:29:28.741,49.8,759.842,110,1/800.0,1.7,0,default,24.0,32.103067,35.2095,5611,32.10266686814706,35.2097361792792,49.79999999999999,153.4349488432776
3403,33,2026-04-27,15:29:28.775,49.8,759.842,110,1/800.0,1.7,0,default,24.0,32.103067,35.2095,5611,32.10266686814706,35.2097361792792,49.79999999999999,153.4349488432776
3404,33,2026-04-27,15:29:28.808,49.8,759.842,110,1/800.0,1.7,0,default,24.0,32.103059,35.209504,5611,32.10265886814706,35.20974017925851,49.79999999999999,153.4349488432776
3405,34,2026-04-27,15:29:28.841,49.8,759.842,110,1/800.0,1.7,0,default,24.0,32.103059,35.209504,5611,32.10265886814706,35.20974017925851,49.79999999999999,153.4349488432776
3406,33,2026-04-27,15:29:28.875,49.8,759.842,110,1/800.0,1.7,0,default,24.0,32.103059,35.209504,5611,32.10265886814706,35.20974017925851,49.79999999999999,153.4349488432776
3407,33,2026-04-27,15:29:28.908,49.8,759.842,110,1/800.0,1.7,0,default,24.0,32.103051,35.209508,5610,32.10265086814706,35.20974417923782,49.79999999999999,153.4349488432776
3408,34,2026-04-27,15:29:28.942,49.8,759.842,110,1/800.0,1.7,0,default,24.0,32.103051,35.209508,5610,32.10265086814706,35.20974417923782,49.79999999999999,153.4349488432776
3409,33,2026-04-27,15:29:28.975,49.8,759.842,110,1/800.0,1.7,0,default,24.0,32.103051,35.209508,5610,32.10265086814706,35.20974417923782,49.79999999999999,153.4349488432776
3410,33,2026-04-27,15:29:29.008,49.8,759.842,110,1/800.0,1.7,0,default,24.0,32.103043,35.209512,5610,32.10264286814706,35.20974817921713,49.79999999999999,153.4349488432776
3411,34,2026-04-27,15:29:29.042,49.8,759.842,110,1/800.0,1.7,0,default,24.0,32.103043,35.209512,5610,32.10264286814706,35.20974817921713,49.79999999999999,153.4349488432776
3412,33,2026-04-27,15:29:29.075,49.8,759.842,110,1/800.0,1.7,0,default,24.0,32.103043,35.209512,5609,32.10264286814706,35.20974817921713,49.79999999999999,153.4349488432776
3413,34,2026-04-27,15:29:29.108,49.8,759.842,100,1/800.0,1.7,0,default,24.0,32.103034,35.209516,5609,32.10263386814706,35.209752179193856,49.79999999999999,153.4349488432776
3414,33,2026-04-27,15:29:29.141,49.8,759.842,100,1/800.0,1.7,0,default,24.0,32.103034,35.209516,5608,32.10263386814706,35.209752179193856,49.79999999999999,153.4349488432776
3415,33,2026-04-27,15:29:29.175,49.8,759.842,100,1/800.0,1.7,0,default,24.0,32.103034,35.209516,5608,32.10263386814706,35.209752179193856,49.79999999999999,153.4349488432776
3416,34,2026-04-27,15:29:29.208,49.8,759.842,100,1/800.0,1.7,0,default,24.0,32.103026,35.20952,5608,32.10262586814706,35.20975617917317,49.79999999999999,153.4349488432776
3417,33,2026-04-27,15:29:29.242,49.8,759.842,100,1/800.0,1.7,0,default,24.0,32.103026,35.20952,5607,32.10262586814706,35.20975617917317,49.79999999999999,153.4349488432776
3418,33,2026-04-27,15:29:29.275,49.8,759.842,100,1/800.0,1.7,0,default,24.0,32.103026,35.20952,5607,32.10262586814706,35.20975617917317,49.79999999999999,153.4349488432776
3419,34,2026-04-27,15:29:29.309,49.8,759.842,100,1/800.0,1.7,0,default,24.0,32.103018,35.209524,5606,32.10261786814706,35.20976017915248,49.79999999999999,153.4349488432776
3420,33,2026-04-27,15:29:29.342,49.8,759.842,100,1/800.0,1.7,0,default,24.0,32.103018,35.209524,5606,32.10261786814706,35.20976017915248,49.79999999999999,153.4349488432776
3421,34,2026-04-27,15:29:29.375,49.8,759.842,100,1/800.0,1.7,0,default,24.0,32.103018,35.209524,5605,32.10261786814706,35.20976017915248,49.79999999999999,153.4349488432776
3422,33,2026-04-27,15:29:29.409,49.8,759.842,100,1/800.0,1.7,0,default,24.0,32.10301,35.209528,5605,32.102609868147056,35.20976417913179,49.79999999999999,153.4349488432776
3423,33,2026-04-27,15:29:29.441,49.8,759.842,100,1/800.0,1.7,0,default,24.0,32.10301,35.209528,5605,32.102609868147056,35.20976417913179,49.79999999999999,153.4349488432776
3424,34,2026-04-27,15:29:29.475,49.8,759.842,100,1/800.0,1.7,0,default,24.0,32.10301,35.209528,5605,32.102609868147056,35.20976417913179,49.79999999999999,153.4349488432776
3425,33,2026-04-27,15:29:29.509,49.8,759.842,100,1/800.0,1.7,0,default,24.0,32.103001,35.209532,5605,32.10260086814706,35.20976817910852,49.79999999999999,153.4349488432776
3426,33,2026-04-27,15:29:29.542,49.8,759.842,100,1/800.0,1.7,0,default,24.0,32.103001,35.209532,5605,32.10260086814706,35.20976817910852,49.79999999999999,153.4349488432776
3427,34,2026-04-27,15:29:29.576,49.8,759.842,100,1/800.0,1.7,0,default,24.0,32.103001,35.209532,5604,32.10260086814706,35.20976817910852,49.79999999999999,153.4349488432776
3428,33,2026-04-27,15:29:29.608,49.8,759.842,100,1/800.0,1.7,0,default,24.0,32.102993,35.209536,5604,32.102592868147056,35.20977217908783,49.79999999999999,153.4349488432776
3429,33,2026-04-27,15:29:29.642,49.8,759.842,100,1/800.0,1.7,0,default,24.0,32.102993,35.209536,5603,32.102592868147056,35.20977217908783,49.79999999999999,153.4349488432776
3430,34,2026-04-27,15:29:29.676,49.8,759.842,100,1/800.0,1.7,0,default,24.0,32.102993,35.209536,5603,32.102592868147056,35.20977217908783,49.79999999999999,153.4349488432776
3431,33,2026-04-27,15:29:29.709,49.8,759.842,100,1/800.0,1.7,0,default,24.0,32.102985,35.20954,5603,32.102584868147055,35.209776179067134,49.79999999999999,153.4349488432776
3432,34,2026-04-27,15:29:29.742,49.8,759.842,100,1/800.0,1.7,0,default,24.0,32.102985,35.20954,5603,32.102584868147055,35.209776179067134,49.79999999999999,153.4349488432776
3433,33,2026-04-27,15:29:29.776,49.8,759.842,100,1/800.0,1.7,0,default,24.0,32.102985,35.20954,5603,32.102584868147055,35.209776179067134,49.79999999999999,153.4349488432776
3434,33,2026-04-27,15:29:29.809,49.8,759.842,100,1/800.0,1.7,0,default,24.0,32.102975,35.209545,5603,32.10257486814706,35.20978117904128,49.79999999999999,153.4349488432776
3435,34,2026-04-27,15:29:29.842,49.8,759.842,100,1/800.0,1.7,0,default,24.0,32.102975,35.209545,5603,32.10257486814706,35.20978117904128,49.79999999999999,153.4349488432776
3436,33,2026-04-27,15:29:29.876,49.8,759.842,100,1/800.0,1.7,0,default,24.0,32.102975,35.209545,5603,32.10257486814706,35.20978117904128,49.79999999999999,153.4349488432776
3437,33,2026-04-27,15:29:29.908,49.8,759.842,100,1/800.0,1.7,0,default,24.0,32.102966,35.20955,5602,32.10256586814706,35.209786179018,49.79999999999999,153.4349488432776
3438,34,2026-04-27,15:29:29.943,49.8,759.842,100,1/800.0,1.7,0,default,24.0,32.102966,35.20955,5602,32.10256586814706,35.209786179018,49.79999999999999,153.4349488432776
3439,33,2026-04-27,15:29:29.975,49.8,759.842,100,1/800.0,1.7,0,default,24.0,32.102966,35.20955,5602,32.10256586814706,35.209786179018,49.79999999999999,153.4349488432776
3440,33,2026-04-27,15:29:30.009,49.8,759.842,100,1/800.0,1.7,0,default,24.0,32.102957,35.209554,5602,32.10255686814706,35.20979017899473,49.79999999999999,153.4349488432776
3441,34,2026-04-27,15:29:30.043,49.8,759.842,100,1/800.0,1.7,0,default,24.0,32.102957,35.209554,5602,32.10255686814706,35.20979017899473,49.79999999999999,153.4349488432776
3442,33,2026-04-27,15:29:30.076,49.8,759.842,100,1/800.0,1.7,0,default,24.0,32.102957,35.209554,5602,32.10255686814706,35.20979017899473,49.79999999999999,153.4349488432776
3443,34,2026-04-27,15:29:30.110,49.8,759.842,100,1/800.0,1.7,0,default,24.0,32.102949,35.209559,5602,32.10254886814706,35.20979517897404,49.79999999999999,153.4349488432776
3444,33,2026-04-27,15:29:30.142,49.8,759.842,100,1/800.0,1.7,0,default,24.0,32.102949,35.209559,5602,32.10254886814706,35.20979517897404,49.79999999999999,153.4349488432776
3445,33,2026-04-27,15:29:30.176,49.8,759.842,100,1/800.0,1.7,0,default,24.0,32.102949,35.209559,5602,32.10254886814713,35.209795178974204,49.79999999999999,153.434948822922
3446,34,2026-04-27,15:29:30.210,49.8,759.842,100,1/800.0,1.7,0,default,24.0,32.10294,35.209563,5602,32.102539868147126,35.20979917895094,49.79999999999999,153.434948822922
3447,33,2026-04-27,15:29:30.243,49.8,759.842,100,1/800.0,1.7,0,default,24.0,32.10294,35.209563,5602,32.102539868147126,35.20979917895094,49.79999999999999,153.434948822922
3448,33,2026-04-27,15:29:30.276,49.8,759.842,100,1/800.0,1.7,0,default,24.0,32.10294,35.209563,5602,32.10253986814718,35.20979917895107,49.79999999999999,153.43494880663758
3449,34,2026-04-27,15:29:30.310,49.8,759.842,100,1/800.0,1.7,0,default,24.0,32.102931,35.209568,5601,32.102530868147184,35.20980417892779,49.79999999999999,153.43494880663758
3450,33,2026-04-27,15:29:30.343,49.8,759.842,100,1/800.0,1.7,0,default,24.0,32.102931,35.209568,5601,32.102530868147184,35.20980417892779,49.79999999999999,153.43494880663758
3451,34,2026-04-27,15:29:30.376,49.8,759.842,100,1/800.0,1.7,0,default,24.0,32.102931,35.209568,5601,32.10253086814713,35.209804178927655,49.79999999999999,153.434948822922
3452,33,2026-04-27,15:29:30.410,49.8,759.842,100,1/800.0,1.7,0,default,24.0,32.102924,35.209572,5601,32.10252386814713,35.209808178909554,49.79999999999999,153.434948822922
3453,33,2026-04-27,15:29:30.443,49.8,759.842,100,1/800.0,1.7,0,default,24.0,32.102924,35.209572,5601,32.10252386814713,35.209808178909554,49.79999999999999,153.434948822922
3454,34,2026-04-27,15:29:30.476,49.8,759.842,100,1/800.0,1.7,0,default,24.0,32.102924,35.209572,5601,32.10252386814713,35.209808178909554,49.79999999999999,153.434948822922
3455,33,2026-04-27,15:29:30.510,49.8,759.842,100,1/800.0,1.7,0,default,24.0,32.102914,35.209576,5601,32.10251386814713,35.209812178883695,49.79999999999999,153.434948822922
3456,33,2026-04-27,15:29:30.543,49.8,759.842,100,1/800.0,1.7,0,default,24.0,32.102914,35.209576,5601,32.10251386814713,35.209812178883695,49.79999999999999,153.434948822922
3457,34,2026-04-27,15:29:30.576,49.8,759.842,100,1/800.0,1.7,0,default,24.0,32.102914,35.209576,5601,32.102513868147184,35.20981217888383,49.79999999999999,153.43494880663758
3458,33,2026-04-27,15:29:30.610,49.8,759.842,100,1/800.0,1.7,0,default,24.0,32.102905,35.209581,5601,32.102504868147186,35.209817178860554,49.79999999999999,153.43494880663758
3459,33,2026-04-27,15:29:30.643,49.8,759.842,100,1/800.0,1.7,0,default,24.0,32.102905,35.209581,5601,32.102504868147186,35.209817178860554,49.79999999999999,153.43494880663758
3460,34,2026-04-27,15:29:30.677,49.8,759.842,100,1/800.0,1.7,0,default,24.0,32.102905,35.209581,5601,32.102504868147186,35.209817178860554,49.79999999999999,153.43494880663758
3461,33,2026-04-27,15:29:30.710,49.8,759.842,100,1/800.0,1.7,0,default,24.0,32.102896,35.209586,5601,32.10249586814719,35.209822178837285,49.79999999999999,153.43494880663758
3462,34,2026-04-27,15:29:30.743,49.8,759.842,100,1/800.0,1.7,0,default,24.0,32.102896,35.209586,5601,32.10249586814719,35.209822178837285,49.79999999999999,153.43494880663758
3463,33,2026-04-27,15:29:30.777,49.8,759.842,100,1/800.0,1.7,0,default,24.0,32.102896,35.209586,5601,32.10249586814719,35.209822178837285,49.79999999999999,153.43494880663758
3464,33,2026-04-27,15:29:30.810,49.8,759.842,100,1/800.0,1.7,0,default,24.0,32.102887,35.20959,5601,32.10248686814719,35.209826178814005,49.79999999999999,153.43494880663758
3465,34,2026-04-27,15:29:30.844,49.8,759.842,100,1/800.0,1.7,0,default,24.0,32.102887,35.20959,5600,32.10248686814719,35.209826178814005,49.79999999999999,153.43494880663758
3466,33,2026-04-27,15:29:30.877,49.8,759.842,100,1/800.0,1.7,0,default,24.0,32.102887,35.20959,5600,32.1024868681472,35.20982617881404,49.79999999999999,153.43494880256645
3467,33,2026-04-27,15:29:30.910,49.8,759.842,100,1/800.0,1.7,0,default,24.0,32.102879,35.209594,5600,32.1024788681472,35.209830178793354,49.79999999999999,153.43494880256645
3468,34,2026-04-27,15:29:30.944,49.8,759.842,100,1/800.0,1.7,0,default,24.0,32.102879,35.209594,5601,32.1024788681472,35.209830178793354,49.79999999999999,153.43494880256645
3469,33,2026-04-27,15:29:30.976,49.8,759.842,100,1/800.0,1.7,0,default,24.0,32.102879,35.209594,5600,32.1024788681472,35.209830178793354,49.79999999999999,153.43494880256645
3470,33,2026-04-27,15:29:31.010,49.8,759.842,110,1/800.0,1.7,0,default,24.0,32.102869,35.209599,5600,32.1024688681472,35.209835178767484,49.79999999999999,153.43494880256645
3471,34,2026-04-27,15:29:31.044,49.8,759.842,100,1/800.0,1.7,0,default,24.0,32.102869,35.209599,5600,32.1024688681472,35.209835178767484,49.79999999999999,153.43494880256645
3472,33,2026-04-27,15:29:31.076,49.8,759.842,100,1/800.0,1.7,0,default,24.0,32.102869,35.209599,5600,32.1024688681472,35.209835178767484,49.79999999999999,153.43494880256645
3473,34,2026-04-27,15:29:31.110,49.8,759.842,100,1/1000.0,1.7,0,default,24.0,32.102862,35.209603,5600,32.1024618681472,35.20983917874939,49.79999999999999,153.43494880256645
3474,33,2026-04-27,15:29:31.143,49.8,759.842,100,1/1000.0,1.7,0,default,24.0,32.102862,35.209603,5600,32.1024618681472,35.20983917874939,49.79999999999999,153.43494880256645
3475,33,2026-04-27,15:29:31.177,49.8,759.842,100,1/1000.0,1.7,0,default,24.0,32.102862,35.209603,5600,32.10246186814713,35.20983917874922,49.79999999999999,153.434948822922
3476,34,2026-04-27,15:29:31.211,49.8,759.842,100,1/1000.0,1.7,0,default,24.0,32.102852,35.209608,5600,32.10245186814713,35.209844178723365,49.79999999999999,153.434948822922
3477,33,2026-04-27,15:29:31.244,49.8,759.842,100,1/1000.0,1.7,0,default,24.0,32.102852,35.209608,5599,32.10245186814713,35.209844178723365,49.79999999999999,153.434948822922
3478,33,2026-04-27,15:29:31.277,49.8,759.842,100,1/1000.0,1.7,0,default,24.0,32.102852,35.209608,5599,32.1024518681472,35.20984417872353,49.79999999999999,153.43494880256645
3479,34,2026-04-27,15:29:31.310,49.8,759.842,100,1/1000.0,1.7,0,default,24.0,32.102843,35.209613,5598,32.1024428681472,35.20984917870025,49.79999999999999,153.43494880256645
3480,33,2026-04-27,15:29:31.344,49.8,759.842,100,1/1000.0,1.7,0,default,24.0,32.102843,35.209613,5598,32.1024428681472,35.20984917870025,49.79999999999999,153.43494880256645
3481,34,2026-04-27,15:29:31.377,49.8,759.842,100,1/1000.0,1.7,0,default,24.0,32.102843,35.209613,5597,32.10244286814713,35.20984917870008,49.79999999999999,153.434948822922
3482,33,2026-04-27,15:29:31.411,49.8,759.842,100,1/1000.0,1.7,0,default,24.0,32.102833,35.209617,5596,32.102432868147126,35.20985317867422,49.79999999999999,153.434948822922
3483,33,2026-04-27,15:29:31.444,49.8,759.842,110,1/1000.0,1.7,0,default,24.0,32.102833,35.209617,5595,32.102432868147126,35.20985317867422,49.79999999999999,153.434948822922
3484,34,2026-04-27,15:29:31.477,49.8,759.842,100,1/1000.0,1.7,0,default,24.0,32.102833,35.209617,5594,32.102432868147126,35.20985317867422,49.79999999999999,153.434948822922
3485,33,2026-04-27,15:29:31.511,49.8,759.842,100,1/1000.0,1.7,0,default,24.0,32.102825,35.209621,5593,32.10242486814713,35.209857178653536,49.79999999999999,153.434948822922
3486,33,2026-04-27,15:29:31.544,49.8,759.842,100,1/1000.0,1.7,0,default,24.0,32.102825,35.209621,5591,32.10242486814713,35.209857178653536,49.79999999999999,153.434948822922
3487,34,2026-04-27,15:29:31.578,49.8,759.842,100,1/1000.0,1.7,0,default,24.0,32.102825,35.209621,5590,32.10242486814713,35.209857178653536,49.79999999999999,153.434948822922
3488,33,2026-04-27,15:29:31.611,49.8,759.842,100,1/1000.0,1.7,0,default,24.0,32.102816,35.209626,5589,32.102415868147126,35.20986217863026,49.79999999999999,153.434948822922
3489,33,2026-04-27,15:29:31.644,49.8,759.842,100,1/1000.0,1.7,0,default,24.0,32.102816,35.209626,5587,32.102415868147126,35.20986217863026,49.79999999999999,153.434948822922
3490,34,2026-04-27,15:29:31.678,49.8,759.842,100,1/1000.0,1.7,0,default,24.0,32.102816,35.209626,5586,32.102415868147126,35.20986217863026,49.79999999999999,153.434948822922
3491,33,2026-04-27,15:29:31.711,49.8,759.842,100,1/1000.0,1.7,0,default,24.0,32.102808,35.20963,5584,32.10240786814713,35.209866178609566,49.79999999999999,153.434948822922
3492,34,2026-04-27,15:29:31.744,49.8,759.842,100,1/1000.0,1.7,0,default,24.0,32.102808,35.20963,5583,32.10240786814713,35.209866178609566,49.79999999999999,153.434948822922
3493,33,2026-04-27,15:29:31.778,49.8,759.842,100,1/1000.0,1.7,0,default,24.0,32.102808,35.20963,5582,32.10240786814713,35.209866178609566,49.79999999999999,153.434948822922
3494,33,2026-04-27,15:29:31.811,49.8,759.842,100,1/1000.0,1.7,0,default,24.0,32.1028,35.209633,5581,32.10239986814713,35.20986917858888,49.79999999999999,153.434948822922
3495,34,2026-04-27,15:29:31.844,49.8,759.842,100,1/1000.0,1.7,0,default,24.0,32.1028,35.209633,5580,32.10239986814713,35.20986917858888,49.79999999999999,153.434948822922
3496,33,2026-04-27,15:29:31.878,49.8,759.842,100,1/1000.0,1.7,0,default,24.0,32.1028,35.209633,5579,32.10239986814713,35.20986917858888,49.79999999999999,153.434948822922
3497,33,2026-04-27,15:29:31.911,49.8,759.842,100,1/1000.0,1.7,0,default,24.0,32.102793,35.209637,5578,32.10239286814713,35.20987317857078,49.79999999999999,153.434948822922
3498,34,2026-04-27,15:29:31.944,49.8,759.842,100,1/1000.0,1.7,0,default,24.0,32.102793,35.209637,5577,32.10239286814713,35.20987317857078,49.79999999999999,153.434948822922
3499,33,2026-04-27,15:29:31.978,49.8,759.842,100,1/1000.0,1.7,0,default,24.0,32.102793,35.209637,5576,32.10239286814713,35.20987317857078,49.79999999999999,153.434948822922
3500,33,2026-04-27,15:29:32.011,49.8,759.842,100,1/1000.0,1.7,0,default,24.0,32.102786,35.209641,5576,32.10238586814713,35.209877178552674,49.79999999999999,153.434948822922
3501,34,2026-04-27,15:29:32.045,49.8,759.842,100,1/1000.0,1.7,0,default,24.0,32.102786,35.209641,5576,32.10238586814713,35.209877178552674,49.79999999999999,153.434948822922
3502,33,2026-04-27,15:29:32.078,49.8,759.842,100,1/1000.0,1.7,0,default,24.0,32.102786,35.209641,5576,32.10238586814713,35.209877178552674,49.79999999999999,153.434948822922
3503,34,2026-04-27,15:29:32.111,49.8,759.842,100,1/1000.0,1.7,0,default,24.0,32.102781,35.209643,5576,32.10238086814713,35.20987917853975,49.79999999999999,153.434948822922
3504,33,2026-04-27,15:29:32.144,49.8,759.842,100,1/1000.0,1.7,0,default,24.0,32.102781,35.209643,5576,32.10238086814713,35.20987917853975,49.79999999999999,153.434948822922
3505,33,2026-04-27,15:29:32.178,49.8,759.842,100,1/1000.0,1.7,0,default,24.0,32.102781,35.209643,5576,32.10238086814713,35.20987917853975,49.79999999999999,153.434948822922
3506,34,2026-04-27,15:29:32.212,49.8,759.842,100,1/1000.0,1.7,0,default,24.0,32.102774,35.209646,5576,32.102373868147126,35.209882178521646,49.79999999999999,153.434948822922
3507,33,2026-04-27,15:29:32.245,49.8,759.842,100,1/1000.0,1.7,0,default,24.0,32.102774,35.209646,5576,32.102373868147126,35.209882178521646,49.79999999999999,153.434948822922
3508,33,2026-04-27,15:29:32.278,49.8,759.842,100,1/1000.0,1.7,0,default,24.0,32.102774,35.209646,5576,32.102373868147126,35.209882178521646,49.79999999999999,153.434948822922
3509,34,2026-04-27,15:29:32.312,49.8,759.842,100,1/1000.0,1.7,0,default,24.0,32.10277,35.209649,5575,32.10236986814713,35.2098851785113,49.79999999999999,153.434948822922
3510,33,2026-04-27,15:29:32.344,49.8,759.842,100,1/1000.0,1.7,0,default,24.0,32.10277,35.209649,5575,32.10236986814713,35.2098851785113,49.79999999999999,153.434948822922
3511,34,2026-04-27,15:29:32.378,49.8,759.842,100,1/1000.0,1.7,0,default,24.0,32.10277,35.209649,5575,32.10236986814713,35.2098851785113,49.79999999999999,153.434948822922
3512,33,2026-04-27,15:29:32.412,49.8,759.842,100,1/1000.0,1.7,0,default,24.0,32.102765,35.209651,5575,32.10236486814713,35.20988717849837,49.79999999999999,153.434948822922
3513,33,2026-04-27,15:29:32.445,49.8,759.842,100,1/1000.0,1.7,0,default,24.0,32.102765,35.209651,5575,32.10236486814713,35.20988717849837,49.79999999999999,153.434948822922
3514,34,2026-04-27,15:29:32.478,49.8,759.842,100,1/1000.0,1.7,0,default,24.0,32.102765,35.209651,5575,32.10236486814713,35.20988717849837,49.79999999999999,153.434948822922
3515,33,2026-04-27,15:29:32.512,49.8,759.842,100,1/1000.0,1.7,0,default,24.0,32.102761,35.209653,5575,32.10236086814713,35.20988917848803,49.79999999999999,153.434948822922
3516,33,2026-04-27,15:29:32.545,49.8,759.842,100,1/1000.0,1.7,0,default,24.0,32.102761,35.209653,5575,32.10236086814713,35.20988917848803,49.79999999999999,153.434948822922
3517,34,2026-04-27,15:29:32.579,49.8,759.842,100,1/1000.0,1.7,0,default,24.0,32.102761,35.209653,5575,32.10236086814713,35.20988917848803,49.79999999999999,153.434948822922
3518,33,2026-04-27,15:29:32.612,49.8,759.842,100,1/1000.0,1.7,0,default,24.0,32.102757,35.209655,5575,32.102356868147126,35.20989117847768,49.79999999999999,153.434948822922
3519,33,2026-04-27,15:29:32.645,49.8,759.842,100,1/1000.0,1.7,0,default,24.0,32.102757,35.209655,5575,32.102356868147126,35.20989117847768,49.79999999999999,153.434948822922
3520,34,2026-04-27,15:29:32.679,49.8,759.842,100,1/1000.0,1.7,0,default,24.0,32.102757,35.209655,5575,32.102356868147126,35.20989117847768,49.79999999999999,153.434948822922
3521,33,2026-04-27,15:29:32.711,49.8,759.842,100,1/1000.0,1.7,0,default,24.0,32.102755,35.209656,5575,32.10235486814713,35.209892178472515,49.79999999999999,153.434948822922
3522,34,2026-04-27,15:29:32.745,49.8,759.842,100,1/1000.0,1.7,0,default,24.0,32.102755,35.209656,5575,32.10235486814713,35.209892178472515,49.79999999999999,153.434948822922
3523,33,2026-04-27,15:29:32.779,49.8,759.842,100,1/1000.0,1.7,0,default,24.0,32.102755,35.209656,5575,32.10235486814685,35.20989217847184,49.79999999999999,153.4349489043442
3524,33,2026-04-27,15:29:32.811,49.8,759.842,100,1/1000.0,1.7,0,default,24.0,32.102752,35.209657,5575,32.10235186814685,35.20989317846408,49.79999999999999,153.4349489043442
3525,34,2026-04-27,15:29:32.845,49.8,759.842,100,1/1000.0,1.7,0,default,24.0,32.102752,35.209657,5575,32.102351868147274,35.20989317846509,49.79999999999999,153.4349487822109
3526,33,2026-04-27,15:29:32.878,49.8,759.842,100,1/1000.0,1.7,0,default,24.0,32.102752,35.209657,5575,32.102351868147274,35.20989317846509,49.79999999999999,153.4349487822109
3527,33,2026-04-27,15:29:32.912,49.8,759.842,100,1/1000.0,1.7,0,default,24.0,32.102751,35.209658,5575,32.10235086814727,35.2098941784625,49.79999999999999,153.4349487822109
3528,34,2026-04-27,15:29:32.946,49.8,759.842,100,1/1000.0,1.7,0,default,24.0,32.102751,35.209658,5575,32.10235086814727,35.2098941784625,49.79999999999999,153.4349487822109
3529,33,2026-04-27,15:29:32.979,49.8,759.842,100,1/1000.0,1.7,0,default,24.0,32.102751,35.209658,5575,32.10235086814684,35.20989417846149,49.79999999999999,153.4349489043442
3530,33,2026-04-27,15:29:33.012,49.8,759.842,100,1/1000.0,1.7,0,default,24.0,32.102749,35.209659,5575,32.10234886814685,35.20989517845633,49.79999999999999,153.4349489043442
3531,34,2026-04-27,15:29:33.046,49.8,759.842,100,1/1000.0,1.7,0,default,24.0,32.102749,35.209659,5575,32.10234886814685,35.20989517845633,49.79999999999999,153.4349489043442
3532,33,2026-04-27,15:29:33.079,49.8,759.842,100,1/1000.0,1.7,0,default,24.0,32.102749,35.209659,5575,32.10234886814685,35.20989517845633,49.79999999999999,153.4349489043442
3533,34,2026-04-27,15:29:33.112,49.8,759.842,100,1/1000.0,1.7,0,default,24.0,32.102748,35.209659,5575,32.10234786814684,35.20989517845374,49.79999999999999,153.4349489043442
3534,33,2026-04-27,15:29:33.145,49.8,759.842,100,1/1000.0,1.7,0,default,24.0,32.102748,35.209659,5575,32.10234786814684,35.20989517845374,49.79999999999999,153.4349489043442
3535,33,2026-04-27,15:29:33.179,49.8,759.842,100,1/1000.0,1.7,0,default,24.0,32.102748,35.209659,5575,32.10234786814684,35.20989517845374,49.79999999999999,153.4349489043442
